id,total,created_at,user_id
1,401.42,2024-08-15T00:00:00,549
2,359.14,2023-01-01T00:00:00,979
3,6369.34,2023-09-02T00:00:00,833
4,15612.07,2023-10-16T00:00:00,92
5,6920.24,2024-07-09T00:00:00,403
6,17748.7,2024-02-11T00:00:00,267
7,3426.9,2023-08-25T00:00:00,845
8,235.46,2023-08-25T00:00:00,624
9,6704.48,2024-11-06T00:00:00,357
10,5682.6,2024-11-30T00:00:00,178
11,2561.68,2023-09-14T00:00:00,158
12,12719.16,2024-07-09T00:00:00,455
13,11498.52,2023-08-30T00:00:00,419
14,19230.22,2024-06-17T00:00:00,563
15,997.04,2024-05-06T00:00:00,931
16,2519.58,2024-02-12T00:00:00,670
17,8722.26,2023-09-03T00:00:00,963
18,8118.76,2023-05-14T00:00:00,964
19,7252.88,2024-08-24T00:00:00,582
20,6513.2,2024-01-29T00:00:00,778
21,8582.42,2023-01-24T00:00:00,482
22,3830.68,2023-11-28T00:00:00,3
23,7116.49,2023-04-05T00:00:00,759
24,3116.16,2023-06-12T00:00:00,490
25,15034.46,2024-07-14T00:00:00,180
26,10713.77,2023-06-11T00:00:00,778
27,4038.96,2023-08-24T00:00:00,120
28,4882.34,2024-05-19T00:00:00,458
29,4848.24,2024-02-01T00:00:00,712
30,11218.92,2023-03-16T00:00:00,771
31,71.94,2024-05-18T00:00:00,90
32,7863.53,2024-10-20T00:00:00,494
33,5362.14,2023-12-13T00:00:00,30
34,5232.56,2023-12-24T00:00:00,213
35,9586.64,2024-01-27T00:00:00,224
36,2447.7,2023-12-09T00:00:00,660
37,9743.85,2023-10-13T00:00:00,200
38,1889.24,2024-02-03T00:00:00,321
39,2850.65,2023-05-22T00:00:00,78
40,1889.24,2023-10-29T00:00:00,307
41,1958.91,2024-10-09T00:00:00,537
42,1517.09,2024-05-05T00:00:00,34
43,19961.16,2023-08-13T00:00:00,86
44,1440.92,2024-11-04T00:00:00,656
45,3306.84,2023-06-09T00:00:00,209
46,6902.71,2024-04-01T00:00:00,752
47,592.58,2023-11-07T00:00:00,61
48,12795.11,2023-07-21T00:00:00,875
49,4379.25,2023-12-12T00:00:00,459
50,12468.35,2024-08-13T00:00:00,266
51,597.6,2023-01-17T00:00:00,459
52,7034.49,2024-02-15T00:00:00,189
53,12670.1,2024-02-12T00:00:00,267
54,3561.8,2023-05-01T00:00:00,919
55,6252.05,2024-10-17T00:00:00,257
56,16048.68,2023-07-28T00:00:00,694
57,10624.54,2024-01-12T00:00:00,362
58,8518.15,2024-02-09T00:00:00,301
59,4313.03,2023-06-09T00:00:00,578
60,6798.26,2024-06-29T00:00:00,208
61,3979.64,2023-01-21T00:00:00,268
62,15961.12,2024-10-07T00:00:00,881
63,1646.26,2023-03-03T00:00:00,645
64,9764.65,2024-05-05T00:00:00,83
65,9858.88,2023-04-05T00:00:00,408
66,9380.84,2024-10-16T00:00:00,754
67,17089.51,2023-05-04T00:00:00,742
68,11992.03,2023-08-01T00:00:00,691
69,9544.21,2023-09-15T00:00:00,845
70,4200.66,2024-03-03T00:00:00,181
71,13637.56,2023-11-08T00:00:00,393
72,7812.98,2023-11-14T00:00:00,897
73,88.99,2024-07-08T00:00:00,312
74,3201.69,2024-06-14T00:00:00,984
75,8055.08,2023-04-14T00:00:00,418
76,5770.56,2024-08-19T00:00:00,818
77,5438.25,2023-11-30T00:00:00,827
78,848.87,2024-08-08T00:00:00,632
79,14654.39,2023-11-23T00:00:00,598
80,8867.35,2024-02-01T00:00:00,950
81,3082.02,2024-11-21T00:00:00,514
82,9137.49,2024-06-20T00:00:00,437
83,6448.4,2024-06-10T00:00:00,926
84,3636.29,2024-10-08T00:00:00,548
85,13001.83,2024-08-02T00:00:00,261
86,8208.9,2023-06-24T00:00:00,691
87,1601.63,2024-02-01T00:00:00,902
88,11531.01,2024-01-15T00:00:00,306
89,8031.95,2023-09-20T00:00:00,895
90,1099.34,2023-08-03T00:00:00,305
91,13833.02,2023-03-25T00:00:00,83
92,7715.64,2024-07-19T00:00:00,964
93,573.54,2023-10-05T00:00:00,54
94,8832.24,2024-07-27T00:00:00,841
95,5230.28,2023-05-26T00:00:00,605
96,2070.72,2024-01-04T00:00:00,731
97,5065.3,2023-04-25T00:00:00,685
98,15260.68,2024-10-01T00:00:00,617
99,12580.41,2023-10-03T00:00:00,335
100,17749.65,2024-05-03T00:00:00,34
101,5083.5,2024-11-21T00:00:00,248
102,5014.0,2023-07-06T00:00:00,808
103,7303.47,2023-12-24T00:00:00,203
104,19506.79,2024-05-14T00:00:00,552
105,7772.1,2024-02-04T00:00:00,166
106,17117.06,2024-04-01T00:00:00,856
107,2086.22,2023-02-17T00:00:00,319
108,2327.58,2024-07-28T00:00:00,137
109,7981.44,2023-09-17T00:00:00,698
110,10616.0,2024-08-18T00:00:00,316
111,5469.69,2024-07-17T00:00:00,423
112,1999.92,2023-04-01T00:00:00,320
113,8536.28,2024-08-04T00:00:00,740
114,18106.0,2024-07-28T00:00:00,123
115,12782.45,2024-03-10T00:00:00,850
116,3063.08,2023-04-24T00:00:00,712
117,8879.77,2024-05-30T00:00:00,28
118,11815.84,2024-05-30T00:00:00,937
119,5661.24,2024-09-23T00:00:00,911
120,12412.32,2024-01-07T00:00:00,133
121,1950.06,2023-05-10T00:00:00,423
122,1913.52,2023-06-08T00:00:00,448
123,10383.73,2024-01-12T00:00:00,346
124,5944.81,2023-06-14T00:00:00,330
125,6000.48,2024-06-14T00:00:00,395
126,7615.76,2023-10-03T00:00:00,703
127,21361.7,2023-05-21T00:00:00,791
128,10179.19,2023-04-10T00:00:00,698
129,5065.3,2024-05-08T00:00:00,628
130,7073.38,2023-09-14T00:00:00,51
131,5682.6,2024-05-26T00:00:00,301
132,7653.93,2024-06-04T00:00:00,353
133,14427.05,2024-02-06T00:00:00,256
134,9308.46,2024-04-21T00:00:00,709
135,10549.99,2023-12-17T00:00:00,458
136,19998.08,2024-09-28T00:00:00,981
137,17911.65,2023-10-15T00:00:00,482
138,8453.69,2023-04-11T00:00:00,917
139,12149.97,2023-06-08T00:00:00,398
140,10820.23,2024-04-09T00:00:00,374
141,9289.42,2023-02-25T00:00:00,867
142,8251.16,2023-01-13T00:00:00,2
143,3233.0,2023-01-09T00:00:00,337
144,10726.43,2024-04-03T00:00:00,870
145,10426.15,2024-03-10T00:00:00,628
146,12909.53,2024-02-08T00:00:00,923
147,639.49,2023-09-22T00:00:00,187
148,422.1,2023-09-28T00:00:00,881
149,7975.24,2023-10-19T00:00:00,696
150,12451.32,2024-05-14T00:00:00,529
151,23621.25,2024-09-02T00:00:00,237
152,3302.28,2023-03-19T00:00:00,916
153,6544.04,2024-06-12T00:00:00,398
154,793.11,2024-07-04T00:00:00,811
155,2868.12,2023-03-14T00:00:00,552
156,14394.02,2024-04-28T00:00:00,331
157,12391.0,2024-07-13T00:00:00,20
158,8289.19,2024-05-12T00:00:00,229
159,6996.81,2023-08-18T00:00:00,775
160,1433.68,2024-04-29T00:00:00,283
161,9703.05,2024-06-24T00:00:00,6
162,1158.24,2024-01-07T00:00:00,702
163,8605.75,2023-04-02T00:00:00,961
164,5144.77,2023-06-09T00:00:00,270
165,5713.68,2024-06-12T00:00:00,667
166,562.13,2024-11-16T00:00:00,951
167,1805.33,2023-10-20T00:00:00,545
168,5131.09,2024-08-02T00:00:00,173
169,10253.73,2024-02-21T00:00:00,642
170,14958.71,2024-06-04T00:00:00,512
171,588.65,2023-04-26T00:00:00,436
172,4603.57,2023-06-20T00:00:00,161
173,8163.82,2023-03-25T00:00:00,907
174,708.45,2023-06-04T00:00:00,8
175,155.14,2023-01-15T00:00:00,136
176,7919.78,2023-03-27T00:00:00,945
177,21956.97,2023-03-21T00:00:00,606
178,10247.69,2024-10-15T00:00:00,649
179,5397.61,2024-04-12T00:00:00,408
180,8164.95,2023-09-02T00:00:00,917
181,8881.62,2024-07-04T00:00:00,565
182,6401.63,2024-06-16T00:00:00,722
183,16861.74,2023-04-12T00:00:00,356
184,14850.41,2024-01-13T00:00:00,139
185,6165.58,2023-09-07T00:00:00,944
186,15327.75,2023-05-31T00:00:00,539
187,1561.6,2023-10-13T00:00:00,27
188,861.78,2024-07-15T00:00:00,526
189,10112.9,2023-07-30T00:00:00,282
190,13719.59,2024-01-09T00:00:00,49
191,786.88,2023-01-08T00:00:00,148
192,887.76,2023-04-12T00:00:00,160
193,11660.72,2023-08-01T00:00:00,747
194,2300.5,2023-08-25T00:00:00,292
195,8675.35,2023-10-03T00:00:00,321
196,12663.48,2023-01-23T00:00:00,668
197,20293.96,2024-03-01T00:00:00,705
198,4986.28,2023-02-18T00:00:00,294
199,6140.98,2024-07-25T00:00:00,887
200,7648.51,2023-11-29T00:00:00,164
201,11309.2,2023-08-29T00:00:00,665
202,12905.22,2024-03-31T00:00:00,507
203,347.24,2024-11-04T00:00:00,321
204,5821.83,2024-11-09T00:00:00,252
205,458.45,2023-08-30T00:00:00,926
206,6404.77,2024-11-21T00:00:00,404
207,11116.17,2023-11-07T00:00:00,186
208,13962.29,2024-08-02T00:00:00,199
209,3630.15,2024-10-06T00:00:00,829
210,5583.02,2024-03-17T00:00:00,578
211,6352.28,2024-03-27T00:00:00,876
212,6369.51,2023-11-19T00:00:00,240
213,2402.72,2024-01-10T00:00:00,168
214,12497.0,2024-01-28T00:00:00,757
215,18890.99,2023-10-27T00:00:00,136
216,9477.04,2023-01-17T00:00:00,443
217,5974.05,2024-01-11T00:00:00,838
218,8262.34,2023-03-11T00:00:00,87
219,9431.25,2024-01-28T00:00:00,172
220,1188.45,2024-07-10T00:00:00,768
221,13659.61,2023-08-11T00:00:00,817
222,13434.15,2023-12-14T00:00:00,308
223,5477.8,2024-08-22T00:00:00,617
224,13153.11,2024-05-05T00:00:00,992
225,4911.12,2023-02-24T00:00:00,185
226,4961.2,2023-11-07T00:00:00,345
227,7038.61,2023-07-15T00:00:00,15
228,9879.3,2023-03-26T00:00:00,342
229,4287.96,2023-08-17T00:00:00,147
230,10623.2,2024-10-11T00:00:00,324
231,6557.37,2023-10-12T00:00:00,959
232,4434.68,2023-02-13T00:00:00,387
233,23130.62,2024-08-05T00:00:00,920
234,1946.42,2024-08-04T00:00:00,433
235,14285.26,2024-01-25T00:00:00,752
236,10929.24,2024-06-28T00:00:00,468
237,1630.14,2024-09-03T00:00:00,982
238,12746.55,2023-02-08T00:00:00,416
239,5489.0,2024-05-29T00:00:00,920
240,13619.58,2024-01-17T00:00:00,386
241,5512.72,2024-07-20T00:00:00,345
242,19867.25,2023-04-22T00:00:00,611
243,234.9,2024-04-24T00:00:00,527
244,1952.31,2023-03-24T00:00:00,796
245,7585.45,2024-03-14T00:00:00,567
246,11640.28,2024-11-19T00:00:00,739
247,4583.87,2024-09-19T00:00:00,727
248,5476.35,2024-06-28T00:00:00,135
249,7756.1,2024-08-04T00:00:00,933
250,1692.78,2023-04-17T00:00:00,30
251,7655.59,2023-08-07T00:00:00,159
252,3992.34,2023-07-21T00:00:00,735
253,3630.15,2023-07-09T00:00:00,318
254,8745.41,2023-11-20T00:00:00,396
255,3222.91,2024-04-25T00:00:00,313
256,14699.28,2024-11-22T00:00:00,506
257,4196.01,2023-05-16T00:00:00,707
258,1694.85,2024-07-29T00:00:00,197
259,11801.81,2024-02-02T00:00:00,737
260,486.12,2024-02-15T00:00:00,261
261,10870.87,2024-03-30T00:00:00,44
262,8874.55,2023-08-02T00:00:00,411
263,8031.95,2024-09-02T00:00:00,598
264,1742.37,2023-02-12T00:00:00,963
265,6134.92,2023-08-14T00:00:00,743
266,10916.01,2024-11-07T00:00:00,212
267,14651.59,2024-07-22T00:00:00,990
268,933.3,2024-01-15T00:00:00,79
269,7358.57,2024-06-23T00:00:00,925
270,4133.02,2024-08-06T00:00:00,781
271,9272.94,2023-05-11T00:00:00,33
272,13725.71,2023-03-31T00:00:00,767
273,13025.09,2023-05-31T00:00:00,576
274,6006.8,2024-03-12T00:00:00,959
275,5803.48,2024-11-26T00:00:00,497
276,21178.22,2023-03-02T00:00:00,374
277,12660.89,2023-03-11T00:00:00,152
278,9810.06,2023-12-07T00:00:00,925
279,4985.65,2023-11-08T00:00:00,494
280,5001.46,2024-08-21T00:00:00,76
281,11528.98,2024-10-20T00:00:00,707
282,1850.2,2024-09-03T00:00:00,425
283,7213.57,2024-09-16T00:00:00,330
284,7929.96,2024-06-16T00:00:00,351
285,16477.87,2023-05-09T00:00:00,507
286,3620.92,2024-08-05T00:00:00,856
287,2599.98,2023-12-24T00:00:00,421
288,2775.3,2024-05-18T00:00:00,28
289,8681.58,2023-08-25T00:00:00,640
290,9759.0,2023-08-04T00:00:00,451
291,22090.79,2023-02-21T00:00:00,531
292,11706.82,2023-04-18T00:00:00,789
293,4063.26,2024-06-22T00:00:00,82
294,8873.42,2024-01-31T00:00:00,620
295,19775.51,2024-09-14T00:00:00,879
296,12918.45,2023-05-28T00:00:00,286
297,21877.0,2023-05-20T00:00:00,608
298,3604.08,2024-08-13T00:00:00,979
299,15606.24,2024-09-15T00:00:00,41
300,19103.02,2024-07-20T00:00:00,24
301,8566.78,2024-10-18T00:00:00,866
302,14122.62,2023-07-04T00:00:00,465
303,4208.22,2023-09-27T00:00:00,674
304,11205.38,2023-05-14T00:00:00,255
305,16347.82,2024-08-18T00:00:00,451
306,10259.19,2024-11-21T00:00:00,463
307,15780.52,2024-11-11T00:00:00,760
308,6795.45,2024-11-27T00:00:00,953
309,5149.36,2024-02-19T00:00:00,440
310,3028.95,2024-04-21T00:00:00,509
311,7073.72,2023-04-07T00:00:00,98
312,12096.45,2024-04-02T00:00:00,799
313,2285.73,2024-08-31T00:00:00,517
314,13508.5,2023-11-20T00:00:00,73
315,12539.61,2023-02-22T00:00:00,869
316,8898.78,2023-10-18T00:00:00,627
317,8168.19,2024-10-21T00:00:00,51
318,3700.4,2023-06-08T00:00:00,591
319,1583.89,2023-06-14T00:00:00,639
320,101.88,2024-10-27T00:00:00,456
321,815.4,2023-09-20T00:00:00,853
322,11937.78,2024-03-25T00:00:00,344
323,13365.45,2024-11-26T00:00:00,395
324,1580.85,2024-07-13T00:00:00,951
325,3257.34,2024-10-22T00:00:00,171
326,14407.65,2023-08-24T00:00:00,366
327,7790.67,2024-04-03T00:00:00,641
328,9768.34,2024-01-10T00:00:00,899
329,11238.46,2023-01-23T00:00:00,856
330,5444.55,2023-08-03T00:00:00,112
331,3143.73,2024-06-25T00:00:00,730
332,9749.82,2024-07-29T00:00:00,680
333,14889.31,2023-10-30T00:00:00,376
334,4973.03,2024-10-14T00:00:00,971
335,12974.24,2023-01-14T00:00:00,794
336,8431.71,2023-07-17T00:00:00,232
337,956.68,2024-04-06T00:00:00,46
338,4798.06,2023-10-07T00:00:00,335
339,3344.09,2023-06-02T00:00:00,781
340,6228.88,2024-05-21T00:00:00,908
341,15555.35,2024-11-22T00:00:00,687
342,5483.91,2023-10-29T00:00:00,565
343,2344.04,2023-05-06T00:00:00,57
344,12470.96,2023-02-17T00:00:00,236
345,9533.38,2024-11-28T00:00:00,897
346,15399.88,2023-03-04T00:00:00,883
347,2743.33,2023-11-30T00:00:00,288
348,16372.68,2024-05-07T00:00:00,586
349,21218.05,2024-01-19T00:00:00,54
350,7800.24,2023-04-29T00:00:00,214
351,5315.04,2024-07-29T00:00:00,416
352,9035.45,2024-02-28T00:00:00,208
353,5076.91,2023-05-28T00:00:00,535
354,3251.05,2024-03-24T00:00:00,33
355,11550.72,2024-07-09T00:00:00,986
356,2374.56,2024-07-02T00:00:00,991
357,21238.35,2024-07-09T00:00:00,760
358,2450.34,2024-08-02T00:00:00,433
359,5632.39,2023-07-26T00:00:00,324
360,3849.24,2023-02-28T00:00:00,137
361,16224.87,2024-04-08T00:00:00,739
362,13421.07,2024-05-27T00:00:00,377
363,7947.8,2024-07-13T00:00:00,182
364,6384.85,2023-04-21T00:00:00,786
365,6783.05,2023-12-30T00:00:00,258
366,20161.28,2023-10-11T00:00:00,228
367,2709.18,2023-07-31T00:00:00,209
368,7635.81,2024-07-09T00:00:00,785
369,5900.18,2023-07-25T00:00:00,969
370,2306.78,2023-05-10T00:00:00,838
371,7119.79,2024-04-30T00:00:00,263
372,13103.53,2024-08-25T00:00:00,304
373,1286.89,2024-08-16T00:00:00,597
374,266.97,2023-06-05T00:00:00,774
375,9751.42,2023-06-06T00:00:00,13
376,2662.38,2024-08-03T00:00:00,59
377,4556.43,2024-04-25T00:00:00,770
378,9164.5,2024-07-20T00:00:00,126
379,776.39,2024-06-21T00:00:00,146
380,10670.96,2024-03-18T00:00:00,228
381,3325.2,2023-05-26T00:00:00,791
382,16443.08,2023-07-27T00:00:00,732
383,6114.81,2023-01-08T00:00:00,746
384,10924.2,2023-11-23T00:00:00,921
385,12277.24,2024-04-01T00:00:00,894
386,15489.22,2023-02-10T00:00:00,253
387,15690.95,2023-07-17T00:00:00,194
388,3940.15,2023-12-21T00:00:00,967
389,5757.65,2023-05-28T00:00:00,444
390,12921.5,2023-10-31T00:00:00,731
391,14507.05,2023-02-09T00:00:00,581
392,1720.62,2024-11-15T00:00:00,870
393,20679.28,2023-02-26T00:00:00,393
394,4715.48,2023-11-19T00:00:00,651
395,12672.83,2024-01-12T00:00:00,504
396,6811.62,2024-10-14T00:00:00,149
397,1667.41,2023-02-07T00:00:00,422
398,13564.1,2024-06-29T00:00:00,510
399,11895.65,2023-01-23T00:00:00,500
400,3822.6,2023-09-12T00:00:00,779
401,9209.95,2023-01-12T00:00:00,425
402,13731.16,2024-04-05T00:00:00,672
403,3593.08,2024-09-09T00:00:00,144
404,4181.17,2024-08-11T00:00:00,886
405,19627.84,2024-03-19T00:00:00,857
406,5085.78,2024-10-26T00:00:00,739
407,2198.0,2024-09-10T00:00:00,294
408,4027.96,2023-09-09T00:00:00,214
409,5461.47,2023-07-25T00:00:00,622
410,4806.15,2023-09-18T00:00:00,787
411,5595.6,2024-08-19T00:00:00,683
412,7076.35,2023-08-21T00:00:00,647
413,16654.74,2023-05-27T00:00:00,341
414,4725.21,2023-01-08T00:00:00,578
415,7848.82,2023-05-24T00:00:00,431
416,4140.56,2023-11-25T00:00:00,654
417,3865.85,2023-01-01T00:00:00,539
418,3007.48,2023-07-19T00:00:00,478
419,5800.64,2024-06-22T00:00:00,964
420,5569.11,2024-11-27T00:00:00,582
421,11943.61,2023-02-04T00:00:00,255
422,730.55,2024-05-07T00:00:00,347
423,3715.31,2023-04-03T00:00:00,825
424,14538.81,2024-11-11T00:00:00,631
425,5083.5,2024-07-20T00:00:00,861
426,10920.88,2024-10-19T00:00:00,729
427,21693.69,2023-02-15T00:00:00,672
428,1409.86,2024-08-08T00:00:00,268
429,11943.7,2024-03-05T00:00:00,132
430,6434.11,2023-11-29T00:00:00,477
431,1485.04,2024-07-13T00:00:00,490
432,8388.78,2024-05-31T00:00:00,85
433,93.42,2023-06-29T00:00:00,280
434,10521.01,2023-09-14T00:00:00,96
435,1061.66,2023-11-18T00:00:00,797
436,15607.37,2024-04-05T00:00:00,860
437,10587.6,2024-10-13T00:00:00,992
438,12912.69,2024-02-15T00:00:00,744
439,6231.33,2024-04-24T00:00:00,832
440,10763.86,2023-11-03T00:00:00,289
441,10121.86,2024-04-15T00:00:00,342
442,16063.62,2023-08-19T00:00:00,64
443,4256.49,2024-08-12T00:00:00,16
444,8729.36,2023-01-15T00:00:00,25
445,8901.52,2023-03-01T00:00:00,708
446,12027.0,2024-02-26T00:00:00,615
447,9609.58,2023-02-10T00:00:00,940
448,11018.26,2023-09-18T00:00:00,36
449,13386.77,2023-10-09T00:00:00,472
450,8928.02,2023-04-06T00:00:00,117
451,7867.63,2023-08-04T00:00:00,408
452,9575.01,2023-09-22T00:00:00,891
453,6064.48,2024-06-04T00:00:00,244
454,11560.52,2023-05-29T00:00:00,298
455,12147.95,2024-04-16T00:00:00,399
456,11622.37,2023-03-11T00:00:00,489
457,9041.3,2024-07-05T00:00:00,539
458,836.12,2024-03-08T00:00:00,101
459,8355.97,2023-04-13T00:00:00,502
460,7298.56,2023-08-24T00:00:00,911
461,10370.5,2023-02-09T00:00:00,870
462,1085.45,2024-07-16T00:00:00,312
463,1926.46,2024-03-26T00:00:00,347
464,13506.9,2023-11-17T00:00:00,73
465,8908.39,2024-11-19T00:00:00,203
466,6321.66,2024-08-15T00:00:00,384
467,14909.8,2024-01-27T00:00:00,885
468,11637.03,2023-01-31T00:00:00,654
469,15147.9,2024-07-08T00:00:00,255
470,3346.96,2023-09-11T00:00:00,994
471,5728.23,2023-08-22T00:00:00,855
472,2351.58,2024-05-31T00:00:00,168
473,8826.81,2024-11-17T00:00:00,265
474,19999.0,2023-08-28T00:00:00,615
475,13239.4,2023-01-23T00:00:00,383
476,19795.54,2023-01-19T00:00:00,141
477,662.13,2024-03-03T00:00:00,820
478,2176.2,2023-03-02T00:00:00,783
479,15666.9,2023-08-10T00:00:00,448
480,1482.29,2024-06-26T00:00:00,264
481,4468.42,2023-05-26T00:00:00,980
482,4851.0,2024-02-25T00:00:00,264
483,2741.94,2023-04-02T00:00:00,566
484,2218.27,2024-03-23T00:00:00,610
485,8255.77,2024-01-22T00:00:00,262
486,3013.04,2023-02-27T00:00:00,161
487,588.16,2024-04-09T00:00:00,27
488,2772.28,2023-06-24T00:00:00,554
489,7503.38,2024-11-16T00:00:00,195
490,9357.87,2023-08-30T00:00:00,616
491,3566.22,2024-03-31T00:00:00,765
492,8915.17,2024-09-05T00:00:00,760
493,9741.02,2023-07-26T00:00:00,637
494,10434.56,2024-06-07T00:00:00,230
495,15009.93,2023-06-01T00:00:00,978
496,14855.28,2023-09-20T00:00:00,221
497,15409.19,2024-06-29T00:00:00,51
498,10161.07,2024-05-04T00:00:00,663
499,1597.46,2023-02-10T00:00:00,906
500,3162.96,2023-11-24T00:00:00,467
501,6798.04,2023-08-31T00:00:00,985
502,3499.4,2024-01-29T00:00:00,223
503,11331.01,2023-11-13T00:00:00,751
504,2720.38,2024-09-21T00:00:00,366
505,12908.71,2024-09-14T00:00:00,804
506,11645.38,2024-01-03T00:00:00,921
507,2656.76,2024-07-22T00:00:00,197
508,9643.42,2023-12-03T00:00:00,817
509,24004.0,2024-06-09T00:00:00,667
510,12730.08,2023-05-05T00:00:00,222
511,8251.01,2023-07-09T00:00:00,329
512,444.34,2024-09-19T00:00:00,741
513,18923.61,2024-11-13T00:00:00,852
514,3386.0,2023-09-21T00:00:00,932
515,11264.04,2023-10-23T00:00:00,797
516,15979.66,2024-11-05T00:00:00,838
517,6159.06,2024-04-06T00:00:00,450
518,2976.72,2023-08-17T00:00:00,114
519,800.44,2024-06-22T00:00:00,887
520,12073.45,2023-03-16T00:00:00,108
521,1181.47,2023-02-13T00:00:00,394
522,3515.73,2024-06-20T00:00:00,627
523,304.84,2023-10-20T00:00:00,435
524,13913.96,2023-09-28T00:00:00,677
525,10674.27,2024-08-22T00:00:00,376
526,8093.8,2023-05-01T00:00:00,341
527,264.0,2024-05-03T00:00:00,410
528,3150.99,2024-08-04T00:00:00,117
529,22151.58,2023-02-10T00:00:00,857
530,1625.91,2023-06-28T00:00:00,332
531,1705.61,2024-02-27T00:00:00,879
532,775.7,2024-01-01T00:00:00,203
533,17895.64,2024-01-20T00:00:00,629
534,2514.57,2023-10-16T00:00:00,405
535,5115.14,2024-06-10T00:00:00,364
536,1790.19,2024-01-22T00:00:00,636
537,9829.26,2023-02-12T00:00:00,917
538,962.71,2023-09-04T00:00:00,707
539,12860.96,2024-10-07T00:00:00,923
540,1198.45,2023-05-28T00:00:00,33
541,7478.98,2024-03-12T00:00:00,95
542,9299.0,2023-02-04T00:00:00,849
543,11560.36,2024-11-16T00:00:00,827
544,15417.92,2024-01-09T00:00:00,656
545,15230.52,2023-08-06T00:00:00,979
546,3645.32,2024-05-02T00:00:00,688
547,7298.02,2023-08-23T00:00:00,61
548,17359.28,2024-07-22T00:00:00,704
549,4439.33,2024-02-15T00:00:00,459
550,21627.19,2023-06-17T00:00:00,97
551,9049.64,2024-10-31T00:00:00,710
552,1646.45,2023-08-06T00:00:00,529
553,8311.35,2023-05-06T00:00:00,641
554,8121.96,2023-08-14T00:00:00,119
555,7050.0,2024-06-11T00:00:00,511
556,7702.97,2023-01-27T00:00:00,877
557,4993.23,2023-11-15T00:00:00,996
558,604.3,2023-02-11T00:00:00,946
559,11238.04,2023-09-20T00:00:00,688
560,6648.76,2024-03-01T00:00:00,483
561,1052.86,2024-04-12T00:00:00,932
562,10538.92,2024-10-09T00:00:00,664
563,13257.68,2024-06-05T00:00:00,179
564,1488.68,2023-10-24T00:00:00,184
565,9076.65,2023-07-01T00:00:00,63
566,8937.4,2024-09-08T00:00:00,268
567,13959.04,2024-08-16T00:00:00,994
568,6008.46,2024-05-31T00:00:00,87
569,16077.17,2024-03-16T00:00:00,690
570,16319.05,2024-04-07T00:00:00,913
571,11207.05,2024-10-24T00:00:00,619
572,7039.74,2024-10-20T00:00:00,565
573,12896.36,2023-06-12T00:00:00,464
574,708.45,2024-10-07T00:00:00,134
575,7704.6,2023-01-23T00:00:00,183
576,7668.15,2023-04-10T00:00:00,488
577,14855.33,2024-09-03T00:00:00,939
578,1638.63,2024-02-28T00:00:00,322
579,5791.41,2023-09-25T00:00:00,589
580,11269.98,2024-02-11T00:00:00,261
581,17945.43,2024-07-06T00:00:00,313
582,944.6,2023-04-26T00:00:00,932
583,4947.87,2023-07-08T00:00:00,497
584,8686.34,2023-06-20T00:00:00,690
585,5659.24,2024-02-14T00:00:00,164
586,15904.89,2024-01-26T00:00:00,47
587,10751.01,2023-02-27T00:00:00,379
588,9867.76,2024-07-28T00:00:00,242
589,386.08,2024-01-26T00:00:00,547
590,7880.13,2023-07-12T00:00:00,920
591,20610.15,2024-02-26T00:00:00,424
592,19936.73,2024-02-24T00:00:00,77
593,1341.77,2024-11-08T00:00:00,645
594,10872.89,2023-03-09T00:00:00,966
595,3624.15,2023-06-03T00:00:00,824
596,6353.91,2024-11-07T00:00:00,614
597,6932.51,2024-05-16T00:00:00,617
598,3471.12,2023-06-13T00:00:00,277
599,8630.85,2023-10-01T00:00:00,479
600,17351.64,2023-01-19T00:00:00,684
601,84.9,2023-04-28T00:00:00,727
602,14060.04,2024-06-23T00:00:00,105
603,13284.88,2023-10-20T00:00:00,370
604,4851.4,2023-10-03T00:00:00,468
605,10644.77,2024-04-20T00:00:00,973
606,1186.7,2024-01-25T00:00:00,629
607,9933.77,2024-06-25T00:00:00,188
608,14653.13,2023-11-25T00:00:00,2
609,7114.05,2024-03-22T00:00:00,466
610,933.38,2024-12-01T00:00:00,402
611,2090.45,2023-12-29T00:00:00,153
612,1755.9,2024-09-13T00:00:00,575
613,3193.9,2024-07-21T00:00:00,502
614,4539.29,2024-03-17T00:00:00,592
615,1461.1,2023-09-03T00:00:00,240
616,9162.33,2024-05-13T00:00:00,878
617,602.13,2023-04-14T00:00:00,78
618,1136.52,2024-05-14T00:00:00,429
619,2970.8,2023-12-01T00:00:00,507
620,8218.35,2023-05-28T00:00:00,261
621,2877.52,2024-02-13T00:00:00,498
622,4311.78,2024-10-21T00:00:00,822
623,6476.48,2023-05-26T00:00:00,53
624,5552.81,2023-09-12T00:00:00,434
625,4926.55,2023-12-01T00:00:00,726
626,4345.83,2023-11-21T00:00:00,49
627,10698.34,2024-07-04T00:00:00,766
628,19500.04,2024-07-26T00:00:00,338
629,5678.57,2024-10-05T00:00:00,821
630,13428.8,2023-04-13T00:00:00,502
631,6101.15,2023-03-14T00:00:00,509
632,11230.41,2023-01-02T00:00:00,201
633,8211.05,2024-06-20T00:00:00,986
634,3806.56,2023-03-05T00:00:00,368
635,18672.81,2023-03-04T00:00:00,11
636,631.98,2024-07-12T00:00:00,426
637,6372.94,2023-07-20T00:00:00,282
638,2000.52,2023-10-03T00:00:00,28
639,9129.55,2024-02-04T00:00:00,430
640,6228.97,2023-02-15T00:00:00,434
641,12599.1,2024-07-21T00:00:00,969
642,14157.14,2024-07-17T00:00:00,743
643,625.5,2023-02-09T00:00:00,247
644,10254.03,2023-07-14T00:00:00,740
645,1845.03,2024-08-13T00:00:00,260
646,4676.54,2023-12-11T00:00:00,709
647,13685.66,2024-03-04T00:00:00,569
648,9856.62,2024-11-28T00:00:00,470
649,6162.76,2023-01-03T00:00:00,110
650,1710.14,2023-05-29T00:00:00,995
651,9803.62,2023-07-15T00:00:00,435
652,18985.98,2024-05-13T00:00:00,640
653,15003.33,2023-06-10T00:00:00,993
654,7970.85,2024-08-25T00:00:00,39
655,11214.56,2023-12-11T00:00:00,760
656,16248.53,2023-07-23T00:00:00,55
657,9613.69,2023-01-25T00:00:00,235
658,1360.19,2023-07-05T00:00:00,718
659,3060.04,2023-04-30T00:00:00,998
660,1585.26,2023-01-06T00:00:00,713
661,11336.44,2024-08-22T00:00:00,908
662,12169.15,2023-06-30T00:00:00,194
663,11040.95,2024-10-24T00:00:00,479
664,11733.95,2024-01-20T00:00:00,604
665,4597.62,2023-07-30T00:00:00,772
666,10579.0,2023-02-11T00:00:00,146
667,5834.17,2024-11-22T00:00:00,727
668,18959.98,2024-07-03T00:00:00,973
669,3828.16,2024-11-20T00:00:00,910
670,4125.2,2024-09-07T00:00:00,706
671,3188.74,2023-11-03T00:00:00,515
672,1140.26,2024-05-16T00:00:00,185
673,8969.53,2023-06-04T00:00:00,276
674,308.32,2024-05-06T00:00:00,530
675,12004.1,2023-11-10T00:00:00,788
676,1454.04,2024-06-27T00:00:00,636
677,6385.44,2023-03-21T00:00:00,302
678,13281.36,2023-10-07T00:00:00,102
679,7591.63,2024-06-10T00:00:00,195
680,2479.8,2024-01-20T00:00:00,625
681,3989.49,2023-09-28T00:00:00,229
682,8673.66,2023-04-09T00:00:00,327
683,9156.43,2023-05-26T00:00:00,658
684,2028.18,2024-04-11T00:00:00,397
685,11879.25,2024-08-13T00:00:00,237
686,9585.11,2023-05-21T00:00:00,34
687,9328.69,2024-10-10T00:00:00,244
688,711.5,2024-10-07T00:00:00,424
689,7830.12,2023-09-28T00:00:00,20
690,9422.3,2024-06-13T00:00:00,989
691,14961.49,2023-01-28T00:00:00,36
692,3938.6,2023-03-13T00:00:00,463
693,6035.39,2024-04-26T00:00:00,31
694,6929.36,2023-08-29T00:00:00,211
695,7658.8,2024-08-30T00:00:00,402
696,5789.83,2023-11-19T00:00:00,960
697,20211.71,2023-07-10T00:00:00,923
698,1124.03,2023-09-12T00:00:00,231
699,12051.56,2023-03-07T00:00:00,398
700,15736.36,2023-03-15T00:00:00,699
701,1888.42,2024-10-28T00:00:00,778
702,7193.8,2024-02-18T00:00:00,325
703,7850.34,2024-12-01T00:00:00,708
704,6112.42,2023-12-26T00:00:00,670
705,9190.3,2023-10-02T00:00:00,289
706,11462.29,2024-02-20T00:00:00,189
707,13108.25,2024-04-02T00:00:00,402
708,14957.12,2024-06-02T00:00:00,124
709,13741.18,2023-10-26T00:00:00,290
710,3614.38,2024-11-20T00:00:00,48
711,1401.48,2024-10-12T00:00:00,70
712,8693.64,2024-04-07T00:00:00,806
713,7023.04,2023-05-03T00:00:00,442
714,7997.88,2023-03-30T00:00:00,776
715,8086.1,2024-01-07T00:00:00,223
716,2089.0,2024-02-19T00:00:00,445
717,9696.24,2023-06-06T00:00:00,923
718,2642.1,2023-10-09T00:00:00,714
719,1453.88,2024-01-04T00:00:00,487
720,14164.25,2023-01-18T00:00:00,297
721,9676.62,2023-12-30T00:00:00,586
722,1180.31,2023-03-28T00:00:00,803
723,13364.07,2023-06-26T00:00:00,441
724,5373.88,2023-02-28T00:00:00,770
725,10221.21,2024-07-31T00:00:00,431
726,2799.84,2024-10-19T00:00:00,751
727,12269.45,2023-11-16T00:00:00,273
728,3837.42,2023-11-06T00:00:00,794
729,8724.57,2023-03-09T00:00:00,313
730,7945.85,2024-05-11T00:00:00,716
731,6572.16,2023-07-19T00:00:00,415
732,183.38,2024-06-29T00:00:00,41
733,4979.41,2024-05-13T00:00:00,441
734,10499.75,2024-10-25T00:00:00,764
735,4475.82,2023-02-11T00:00:00,383
736,9652.35,2024-01-16T00:00:00,270
737,9808.64,2024-04-08T00:00:00,867
738,9284.04,2023-04-27T00:00:00,904
739,8297.04,2024-04-21T00:00:00,381
740,4587.68,2024-07-08T00:00:00,208
741,17262.77,2024-08-22T00:00:00,181
742,11840.93,2024-04-24T00:00:00,277
743,10744.14,2023-10-09T00:00:00,23
744,5735.26,2024-01-13T00:00:00,784
745,11378.43,2023-08-27T00:00:00,275
746,2915.74,2023-10-28T00:00:00,542
747,17574.72,2023-12-22T00:00:00,100
748,5092.23,2024-10-18T00:00:00,977
749,3047.66,2023-10-10T00:00:00,631
750,140.08,2023-02-18T00:00:00,991
751,11338.65,2023-08-25T00:00:00,745
752,14548.56,2024-11-29T00:00:00,570
753,1520.88,2024-02-24T00:00:00,688
754,4528.18,2024-03-01T00:00:00,91
755,800.44,2023-08-10T00:00:00,529
756,15365.61,2023-09-09T00:00:00,789
757,13638.91,2024-03-01T00:00:00,318
758,8220.99,2024-07-27T00:00:00,152
759,4362.84,2024-07-31T00:00:00,523
760,4812.93,2024-02-12T00:00:00,87
761,8712.09,2024-11-12T00:00:00,21
762,787.88,2023-12-12T00:00:00,88
763,1956.88,2023-04-19T00:00:00,114
764,5514.55,2023-05-04T00:00:00,179
765,2248.31,2024-04-07T00:00:00,701
766,6078.25,2023-08-02T00:00:00,923
767,601.6,2023-06-14T00:00:00,275
768,14801.5,2024-01-01T00:00:00,108
769,4402.57,2024-05-13T00:00:00,737
770,7795.39,2024-10-14T00:00:00,952
771,12987.93,2024-01-05T00:00:00,547
772,10817.73,2023-08-05T00:00:00,59
773,7065.45,2024-06-09T00:00:00,827
774,308.32,2023-12-19T00:00:00,767
775,5524.34,2024-01-04T00:00:00,27
776,11019.26,2023-03-24T00:00:00,682
777,4046.21,2024-07-30T00:00:00,223
778,7472.46,2023-04-05T00:00:00,185
779,15677.88,2024-03-11T00:00:00,145
780,9272.46,2024-03-01T00:00:00,838
781,13090.99,2023-08-13T00:00:00,517
782,14182.48,2023-05-03T00:00:00,938
783,7434.99,2023-08-30T00:00:00,190
784,2968.57,2024-08-03T00:00:00,60
785,15082.29,2023-05-16T00:00:00,306
786,7623.43,2023-11-27T00:00:00,293
787,14867.33,2024-09-27T00:00:00,662
788,3152.47,2023-05-07T00:00:00,668
789,8635.31,2024-05-25T00:00:00,900
790,7632.5,2023-12-04T00:00:00,312
791,4109.06,2024-02-25T00:00:00,754
792,588.65,2024-10-04T00:00:00,369
793,6428.39,2023-02-28T00:00:00,144
794,3617.93,2024-04-16T00:00:00,362
795,4268.92,2024-11-23T00:00:00,593
796,11961.28,2024-11-20T00:00:00,326
797,1254.27,2023-01-12T00:00:00,590
798,14441.15,2023-09-01T00:00:00,349
799,4993.9,2024-09-30T00:00:00,700
800,3936.09,2023-02-05T00:00:00,57
801,15006.27,2024-06-19T00:00:00,846
802,3744.31,2024-09-15T00:00:00,275
803,587.29,2023-03-12T00:00:00,291
804,16106.77,2024-02-23T00:00:00,394
805,12139.71,2023-05-20T00:00:00,49
806,3563.65,2023-11-22T00:00:00,438
807,15842.78,2024-06-11T00:00:00,312
808,8463.73,2024-08-16T00:00:00,86
809,9274.45,2024-06-16T00:00:00,93
810,12213.47,2024-04-28T00:00:00,278
811,8021.28,2024-01-01T00:00:00,745
812,3403.93,2023-05-08T00:00:00,316
813,17191.7,2024-02-04T00:00:00,181
814,230.8,2023-06-21T00:00:00,359
815,1908.68,2024-01-01T00:00:00,628
816,8497.55,2023-01-09T00:00:00,257
817,1019.56,2024-01-11T00:00:00,687
818,12854.93,2023-03-19T00:00:00,814
819,6121.3,2023-05-31T00:00:00,707
820,7125.81,2024-06-23T00:00:00,934
821,1611.36,2023-05-01T00:00:00,961
822,7492.8,2024-07-08T00:00:00,299
823,16511.56,2023-04-19T00:00:00,295
824,6695.31,2023-08-25T00:00:00,466
825,3276.02,2023-12-25T00:00:00,365
826,12124.23,2023-05-16T00:00:00,852
827,9848.96,2023-11-11T00:00:00,246
828,8948.43,2023-12-29T00:00:00,762
829,13949.76,2023-10-07T00:00:00,827
830,9089.45,2023-09-30T00:00:00,157
831,6226.54,2023-09-09T00:00:00,967
832,4696.25,2023-09-17T00:00:00,526
833,9557.06,2024-07-06T00:00:00,259
834,3216.73,2024-05-18T00:00:00,942
835,6637.84,2023-06-19T00:00:00,37
836,13785.9,2023-05-17T00:00:00,760
837,2694.81,2023-08-03T00:00:00,606
838,5851.17,2023-01-09T00:00:00,359
839,4505.91,2023-01-28T00:00:00,642
840,2833.64,2023-04-27T00:00:00,492
841,6513.2,2023-01-25T00:00:00,109
842,12203.78,2024-06-27T00:00:00,539
843,1476.9,2023-09-28T00:00:00,816
844,977.58,2023-04-17T00:00:00,372
845,5116.57,2024-09-20T00:00:00,613
846,5264.38,2023-01-15T00:00:00,32
847,3428.39,2023-02-13T00:00:00,280
848,6707.32,2024-07-04T00:00:00,548
849,390.4,2023-07-30T00:00:00,824
850,3385.56,2024-05-29T00:00:00,266
851,1895.94,2024-03-23T00:00:00,763
852,8019.97,2024-05-03T00:00:00,191
853,15919.04,2023-06-21T00:00:00,40
854,730.55,2023-08-26T00:00:00,618
855,19766.51,2024-02-24T00:00:00,461
856,7714.98,2023-05-31T00:00:00,412
857,11467.23,2023-07-07T00:00:00,968
858,1825.91,2024-05-29T00:00:00,945
859,5816.16,2023-12-25T00:00:00,415
860,2111.98,2024-05-14T00:00:00,755
861,8108.02,2023-06-07T00:00:00,576
862,15151.46,2023-10-22T00:00:00,911
863,17534.18,2024-05-04T00:00:00,394
864,14327.43,2023-07-30T00:00:00,804
865,3881.28,2024-09-03T00:00:00,486
866,4531.14,2023-08-05T00:00:00,939
867,5984.13,2023-08-17T00:00:00,192
868,5368.39,2023-03-10T00:00:00,398
869,3972.59,2023-05-31T00:00:00,226
870,2087.62,2024-08-06T00:00:00,744
871,6874.35,2023-02-09T00:00:00,648
872,4594.62,2023-12-23T00:00:00,102
873,1606.39,2023-07-08T00:00:00,930
874,8413.0,2024-09-19T00:00:00,397
875,9098.22,2024-07-21T00:00:00,486
876,2324.26,2024-01-09T00:00:00,770
877,4373.87,2023-05-04T00:00:00,498
878,14348.26,2024-04-13T00:00:00,679
879,12540.06,2024-06-16T00:00:00,994
880,11284.41,2024-11-30T00:00:00,783
881,16266.15,2023-06-19T00:00:00,537
882,5772.77,2023-01-27T00:00:00,560
883,11265.84,2023-12-24T00:00:00,77
884,7439.05,2024-11-29T00:00:00,561
885,1226.84,2023-09-20T00:00:00,513
886,17750.71,2023-12-11T00:00:00,58
887,3448.58,2023-05-25T00:00:00,416
888,1994.94,2023-03-23T00:00:00,991
889,3129.38,2024-10-17T00:00:00,829
890,4978.16,2024-05-13T00:00:00,758
891,246.81,2023-07-18T00:00:00,536
892,8190.44,2023-10-13T00:00:00,840
893,12456.76,2024-03-10T00:00:00,845
894,5203.45,2023-01-02T00:00:00,582
895,8781.67,2024-10-29T00:00:00,238
896,9364.03,2023-05-24T00:00:00,708
897,10840.58,2024-06-26T00:00:00,947
898,6998.85,2024-02-16T00:00:00,820
899,3966.17,2023-10-18T00:00:00,373
900,6304.96,2024-02-21T00:00:00,599
901,3813.13,2024-11-23T00:00:00,659
902,10074.37,2024-07-10T00:00:00,763
903,8789.43,2023-05-11T00:00:00,221
904,1759.74,2024-02-01T00:00:00,297
905,4120.56,2024-08-31T00:00:00,370
906,6685.95,2023-02-28T00:00:00,748
907,28.3,2024-10-28T00:00:00,444
908,3875.02,2023-03-02T00:00:00,937
909,15435.24,2023-10-18T00:00:00,903
910,10078.56,2024-01-10T00:00:00,229
911,2035.32,2023-12-27T00:00:00,904
912,11815.63,2024-01-21T00:00:00,26
913,444.34,2024-10-13T00:00:00,994
914,10951.93,2023-09-15T00:00:00,95
915,1799.86,2024-02-07T00:00:00,259
916,9882.27,2024-02-03T00:00:00,959
917,6798.55,2023-03-30T00:00:00,335
918,10700.95,2024-10-03T00:00:00,546
919,3364.75,2024-10-31T00:00:00,610
920,13536.72,2023-04-05T00:00:00,667
921,16957.53,2023-11-24T00:00:00,160
922,10403.71,2023-07-09T00:00:00,602
923,3277.62,2023-07-30T00:00:00,450
924,4374.9,2024-11-27T00:00:00,963
925,3990.64,2023-12-16T00:00:00,263
926,14996.79,2024-04-15T00:00:00,708
927,5660.62,2023-07-18T00:00:00,227
928,32.24,2023-10-11T00:00:00,895
929,12014.94,2024-06-02T00:00:00,189
930,2280.89,2024-04-29T00:00:00,250
931,3808.88,2024-05-02T00:00:00,340
932,9681.23,2023-05-13T00:00:00,712
933,11087.49,2023-08-13T00:00:00,772
934,695.68,2024-04-05T00:00:00,577
935,7774.32,2023-10-28T00:00:00,127
936,2645.84,2024-11-09T00:00:00,998
937,16900.99,2024-05-03T00:00:00,802
938,6904.88,2023-03-17T00:00:00,900
939,7912.61,2023-02-06T00:00:00,323
940,14462.14,2024-11-11T00:00:00,821
941,7856.62,2024-01-27T00:00:00,273
942,8345.15,2024-08-26T00:00:00,34
943,8843.34,2023-04-23T00:00:00,463
944,10310.86,2024-08-17T00:00:00,392
945,5771.29,2023-06-30T00:00:00,101
946,16336.25,2024-05-22T00:00:00,876
947,1008.85,2023-09-03T00:00:00,295
948,17310.58,2023-10-05T00:00:00,27
949,733.9,2024-01-12T00:00:00,218
950,15395.79,2023-11-12T00:00:00,385
951,6336.65,2024-09-08T00:00:00,169
952,3907.32,2023-02-11T00:00:00,534
953,329.4,2024-11-24T00:00:00,147
954,13952.78,2023-10-12T00:00:00,750
955,5575.66,2023-04-07T00:00:00,344
956,5150.7,2023-07-22T00:00:00,949
957,2494.72,2023-07-30T00:00:00,878
958,7272.79,2023-05-11T00:00:00,871
959,1263.99,2024-03-12T00:00:00,737
960,12657.37,2023-11-22T00:00:00,605
961,16354.42,2024-07-13T00:00:00,944
962,2586.06,2023-09-10T00:00:00,165
963,8831.6,2023-10-04T00:00:00,968
964,5634.11,2024-03-14T00:00:00,616
965,15147.49,2023-06-05T00:00:00,30
966,3158.02,2023-09-20T00:00:00,838
967,5214.15,2024-09-05T00:00:00,169
968,16501.34,2023-03-29T00:00:00,572
969,7265.19,2023-06-28T00:00:00,610
970,7999.68,2023-01-16T00:00:00,857
971,5378.81,2024-05-30T00:00:00,458
972,22368.49,2023-07-14T00:00:00,675
973,1458.3,2024-05-11T00:00:00,393
974,1071.99,2023-11-14T00:00:00,272
975,15922.82,2023-03-11T00:00:00,185
976,2453.72,2024-01-30T00:00:00,925
977,12369.84,2023-06-21T00:00:00,580
978,573.54,2024-05-09T00:00:00,290
979,15940.42,2024-04-26T00:00:00,608
980,1586.22,2024-06-10T00:00:00,324
981,4133.55,2024-07-13T00:00:00,256
982,6830.7,2024-06-15T00:00:00,897
983,8450.88,2024-04-18T00:00:00,781
984,4208.22,2024-11-22T00:00:00,16
985,7661.82,2024-09-28T00:00:00,946
986,5110.85,2023-07-17T00:00:00,304
987,1867.15,2024-04-22T00:00:00,810
988,239.17,2023-01-20T00:00:00,846
989,1670.55,2023-11-15T00:00:00,368
990,11370.95,2023-12-23T00:00:00,352
991,9699.77,2023-04-08T00:00:00,838
992,12321.65,2024-05-31T00:00:00,280
993,11220.45,2023-05-11T00:00:00,89
994,1087.65,2023-04-02T00:00:00,569
995,5121.13,2023-11-22T00:00:00,985
996,580.16,2024-06-10T00:00:00,377
997,5777.47,2024-11-05T00:00:00,180
998,5046.85,2023-06-20T00:00:00,576
999,15947.71,2024-11-27T00:00:00,748
1000,694.48,2024-06-25T00:00:00,161
1001,9986.15,2023-09-18T00:00:00,149
1002,2647.89,2024-08-16T00:00:00,934
1003,18269.85,2023-03-01T00:00:00,235
1004,16663.51,2023-02-02T00:00:00,783
1005,13839.33,2023-12-31T00:00:00,553
1006,11430.76,2024-03-23T00:00:00,844
1007,2402.72,2023-04-06T00:00:00,295
1008,3277.62,2024-09-21T00:00:00,805
1009,14758.06,2024-10-23T00:00:00,504
1010,5798.76,2024-11-20T00:00:00,412
1011,1855.32,2023-05-15T00:00:00,614
1012,1616.08,2023-12-24T00:00:00,943
1013,11182.4,2023-02-13T00:00:00,438
1014,9372.85,2023-01-19T00:00:00,697
1015,3876.5,2023-03-08T00:00:00,520
1016,5956.56,2023-03-19T00:00:00,957
1017,5893.65,2023-10-01T00:00:00,424
1018,8290.82,2024-03-14T00:00:00,433
1019,4525.46,2023-02-18T00:00:00,536
1020,9128.29,2024-02-20T00:00:00,726
1021,2391.78,2024-10-29T00:00:00,463
1022,12102.09,2023-03-03T00:00:00,53
1023,14074.78,2024-09-14T00:00:00,613
1024,1734.54,2024-04-28T00:00:00,839
1025,6771.12,2024-05-18T00:00:00,77
1026,11124.44,2023-09-10T00:00:00,584
1027,9189.39,2023-02-24T00:00:00,266
1028,13467.84,2023-09-12T00:00:00,321
1029,1810.46,2024-10-05T00:00:00,832
1030,2485.9,2024-02-25T00:00:00,982
1031,15314.82,2024-05-22T00:00:00,811
1032,10021.64,2024-10-10T00:00:00,606
1033,10455.0,2024-10-15T00:00:00,688
1034,6685.67,2024-07-18T00:00:00,943
1035,12826.98,2023-12-16T00:00:00,857
1036,3746.4,2023-06-10T00:00:00,886
1037,10040.45,2024-10-13T00:00:00,993
1038,9389.55,2023-02-01T00:00:00,596
1039,2867.7,2024-11-10T00:00:00,50
1040,12171.24,2023-11-17T00:00:00,465
1041,10140.46,2024-06-02T00:00:00,449
1042,203.85,2023-02-27T00:00:00,451
1043,12302.3,2024-02-22T00:00:00,770
1044,5283.12,2023-08-20T00:00:00,734
1045,5256.89,2023-12-07T00:00:00,214
1046,2464.07,2024-02-12T00:00:00,700
1047,8798.56,2024-02-03T00:00:00,7
1048,8597.36,2023-12-10T00:00:00,849
1049,5626.08,2024-10-27T00:00:00,472
1050,10191.95,2024-03-01T00:00:00,271
1051,6559.3,2023-01-16T00:00:00,489
1052,8570.51,2024-09-03T00:00:00,17
1053,7423.2,2024-09-09T00:00:00,738
1054,3627.46,2023-12-28T00:00:00,70
1055,10306.61,2024-09-21T00:00:00,527
1056,366.84,2024-03-14T00:00:00,828
1057,6142.26,2023-09-15T00:00:00,484
1058,1679.78,2023-09-06T00:00:00,174
1059,5090.88,2024-03-01T00:00:00,729
1060,8827.16,2024-07-26T00:00:00,523
1061,7912.44,2023-05-16T00:00:00,562
1062,3897.32,2024-05-27T00:00:00,329
1063,364.51,2024-04-04T00:00:00,877
1064,5469.52,2023-08-22T00:00:00,430
1065,1392.46,2023-01-29T00:00:00,454
1066,1517.09,2024-08-13T00:00:00,472
1067,12002.17,2023-07-04T00:00:00,39
1068,3026.55,2024-04-11T00:00:00,546
1069,6967.71,2023-02-07T00:00:00,94
1070,5354.98,2024-09-04T00:00:00,664
1071,9833.27,2023-08-03T00:00:00,783
1072,13435.05,2023-08-17T00:00:00,194
1073,7149.43,2023-10-01T00:00:00,595
1074,5476.35,2023-09-16T00:00:00,179
1075,2490.0,2024-05-05T00:00:00,72
1076,17271.96,2024-03-10T00:00:00,387
1077,8870.0,2024-05-13T00:00:00,492
1078,4403.24,2023-03-20T00:00:00,39
1079,1866.81,2023-08-27T00:00:00,359
1080,13267.04,2023-10-26T00:00:00,375
1081,4469.25,2024-08-19T00:00:00,826
1082,11723.55,2024-04-21T00:00:00,330
1083,5840.12,2024-11-10T00:00:00,798
1084,9039.56,2023-07-01T00:00:00,11
1085,8065.25,2023-11-09T00:00:00,41
1086,2684.46,2023-01-06T00:00:00,163
1087,268.53,2023-10-11T00:00:00,158
1088,9945.98,2023-12-02T00:00:00,760
1089,582.94,2023-10-26T00:00:00,323
1090,7079.88,2023-02-09T00:00:00,884
1091,2239.8,2024-09-17T00:00:00,991
1092,20434.69,2023-02-12T00:00:00,114
1093,567.03,2024-05-05T00:00:00,186
1094,600.33,2023-01-05T00:00:00,131
1095,3097.44,2024-02-09T00:00:00,19
1096,12715.08,2023-06-14T00:00:00,269
1097,8539.9,2024-06-25T00:00:00,463
1098,783.86,2023-01-06T00:00:00,683
1099,10782.43,2023-09-25T00:00:00,496
1100,12560.56,2023-06-16T00:00:00,609
1101,10887.46,2023-06-11T00:00:00,634
1102,1615.43,2023-05-21T00:00:00,603
1103,2375.58,2023-10-18T00:00:00,764
1104,19627.31,2024-04-24T00:00:00,158
1105,3954.83,2024-05-15T00:00:00,474
1106,11640.0,2023-06-20T00:00:00,784
1107,1751.7,2024-09-05T00:00:00,54
1108,2198.6,2024-09-24T00:00:00,589
1109,730.37,2023-12-20T00:00:00,358
1110,14954.69,2024-05-09T00:00:00,754
1111,8610.63,2024-11-25T00:00:00,594
1112,2416.1,2023-11-28T00:00:00,194
1113,5180.04,2024-07-27T00:00:00,671
1114,10261.36,2023-05-09T00:00:00,258
1115,7410.7,2024-01-28T00:00:00,338
1116,2885.76,2023-11-03T00:00:00,668
1117,3662.46,2024-06-03T00:00:00,739
1118,15929.11,2024-08-02T00:00:00,675
1119,4262.16,2023-02-24T00:00:00,688
1120,5364.06,2023-02-17T00:00:00,489
1121,3329.28,2023-05-27T00:00:00,366
1122,2976.72,2024-10-26T00:00:00,500
1123,10625.91,2023-01-25T00:00:00,395
1124,1812.49,2023-10-13T00:00:00,367
1125,4393.39,2023-12-27T00:00:00,388
1126,9025.96,2024-04-11T00:00:00,89
1127,7029.63,2023-05-01T00:00:00,560
1128,9743.85,2023-03-11T00:00:00,245
1129,12277.01,2023-03-14T00:00:00,635
1130,13825.85,2024-10-22T00:00:00,898
1131,9365.82,2023-02-15T00:00:00,810
1132,16637.41,2024-05-10T00:00:00,448
1133,1648.44,2023-12-08T00:00:00,74
1134,10224.84,2023-05-27T00:00:00,520
1135,19340.88,2024-04-25T00:00:00,561
1136,15380.2,2023-08-07T00:00:00,570
1137,17896.95,2023-10-24T00:00:00,493
1138,1211.58,2024-08-05T00:00:00,176
1139,7448.45,2024-09-01T00:00:00,660
1140,13015.06,2023-06-27T00:00:00,824
1141,4331.37,2024-11-03T00:00:00,330
1142,384.81,2023-04-09T00:00:00,760
1143,15277.47,2023-10-11T00:00:00,999
1144,1971.02,2024-07-06T00:00:00,131
1145,933.3,2024-10-04T00:00:00,307
1146,8824.24,2023-06-21T00:00:00,327
1147,10574.1,2024-11-15T00:00:00,566
1148,11955.95,2024-10-06T00:00:00,30
1149,17205.8,2024-02-02T00:00:00,87
1150,4794.14,2023-03-28T00:00:00,203
1151,7436.11,2023-01-04T00:00:00,581
1152,12978.3,2023-12-18T00:00:00,636
1153,1627.3,2024-07-10T00:00:00,362
1154,15900.56,2024-09-30T00:00:00,924
1155,401.42,2023-10-30T00:00:00,838
1156,12340.58,2024-04-25T00:00:00,123
1157,13332.84,2023-11-06T00:00:00,308
1158,7130.95,2024-11-02T00:00:00,574
1159,13176.64,2024-04-15T00:00:00,910
1160,7225.86,2023-07-10T00:00:00,166
1161,4524.18,2023-03-07T00:00:00,911
1162,6198.67,2023-08-01T00:00:00,979
1163,6993.91,2024-05-28T00:00:00,582
1164,4930.86,2024-02-06T00:00:00,671
1165,1473.66,2024-10-27T00:00:00,903
1166,1292.8,2023-12-18T00:00:00,460
1167,13752.95,2023-08-16T00:00:00,344
1168,1993.81,2023-12-27T00:00:00,883
1169,1960.57,2023-06-15T00:00:00,580
1170,992.24,2024-06-21T00:00:00,206
1171,8531.59,2024-10-27T00:00:00,840
1172,7939.41,2024-04-01T00:00:00,233
1173,10846.4,2024-04-23T00:00:00,397
1174,780.8,2023-07-14T00:00:00,399
1175,6318.56,2024-07-26T00:00:00,214
1176,11124.4,2023-01-10T00:00:00,474
1177,18745.28,2023-03-21T00:00:00,216
1178,9422.79,2024-08-20T00:00:00,705
1179,6532.71,2023-06-19T00:00:00,966
1180,9428.09,2024-08-22T00:00:00,807
1181,4445.06,2024-03-13T00:00:00,45
1182,3534.6,2023-02-20T00:00:00,953
1183,8156.92,2024-06-11T00:00:00,519
1184,2923.16,2024-09-21T00:00:00,22
1185,4246.64,2024-01-12T00:00:00,151
1186,2505.21,2024-03-09T00:00:00,94
1187,11591.47,2024-08-02T00:00:00,964
1188,9384.6,2024-05-13T00:00:00,689
1189,15046.7,2023-05-10T00:00:00,211
1190,12519.65,2024-12-01T00:00:00,161
1191,3852.97,2023-01-23T00:00:00,677
1192,7197.95,2024-08-30T00:00:00,979
1193,6160.15,2024-03-06T00:00:00,556
1194,15098.03,2023-11-30T00:00:00,703
1195,10058.6,2024-09-14T00:00:00,699
1196,13789.47,2023-12-25T00:00:00,735
1197,12852.25,2023-09-26T00:00:00,667
1198,568.11,2024-05-11T00:00:00,320
1199,5968.32,2024-08-28T00:00:00,982
1200,11654.77,2024-09-06T00:00:00,188
1201,5507.35,2024-11-28T00:00:00,415
1202,5114.58,2023-01-31T00:00:00,686
1203,10033.15,2024-06-03T00:00:00,501
1204,16204.85,2024-03-27T00:00:00,150
1205,9082.97,2023-01-18T00:00:00,955
1206,7337.54,2024-01-10T00:00:00,882
1207,6789.64,2024-11-08T00:00:00,76
1208,4399.85,2024-04-21T00:00:00,371
1209,3516.06,2023-08-25T00:00:00,732
1210,13782.75,2024-08-01T00:00:00,264
1211,9178.6,2024-04-14T00:00:00,625
1212,9427.57,2024-08-31T00:00:00,144
1213,2447.7,2024-03-05T00:00:00,990
1214,3999.56,2024-03-17T00:00:00,523
1215,13592.05,2023-07-21T00:00:00,847
1216,7324.07,2023-06-07T00:00:00,230
1217,4462.1,2024-07-05T00:00:00,709
1218,578.18,2024-02-17T00:00:00,124
1219,12407.35,2023-08-25T00:00:00,13
1220,13443.15,2024-06-17T00:00:00,499
1221,8242.58,2024-01-14T00:00:00,736
1222,6318.48,2024-05-09T00:00:00,456
1223,2198.68,2023-03-04T00:00:00,178
1224,5742.29,2024-04-29T00:00:00,798
1225,12694.97,2023-11-07T00:00:00,91
1226,7644.92,2023-03-13T00:00:00,213
1227,11096.58,2023-02-18T00:00:00,816
1228,14767.6,2023-02-04T00:00:00,663
1229,7611.59,2024-11-22T00:00:00,961
1230,12246.8,2023-11-23T00:00:00,554
1231,10122.96,2023-08-03T00:00:00,748
1232,8393.97,2024-09-23T00:00:00,255
1233,13794.21,2023-04-20T00:00:00,539
1234,2775.3,2024-06-17T00:00:00,127
1235,7667.21,2023-03-30T00:00:00,382
1236,6937.63,2023-03-13T00:00:00,672
1237,2726.94,2023-12-22T00:00:00,133
1238,20990.29,2023-02-07T00:00:00,978
1239,6642.7,2023-09-04T00:00:00,969
1240,3228.03,2023-05-21T00:00:00,972
1241,2217.34,2024-04-01T00:00:00,968
1242,4663.26,2023-06-09T00:00:00,698
1243,9326.0,2023-02-01T00:00:00,264
1244,9774.59,2024-08-17T00:00:00,823
1245,5214.75,2024-09-03T00:00:00,844
1246,264.0,2024-05-24T00:00:00,934
1247,7048.94,2023-12-30T00:00:00,107
1248,2076.28,2024-03-23T00:00:00,894
1249,10987.42,2024-10-03T00:00:00,516
1250,6053.25,2024-11-14T00:00:00,993
1251,5505.5,2024-08-22T00:00:00,415
1252,7426.5,2024-04-27T00:00:00,960
1253,8657.78,2023-05-06T00:00:00,483
1254,411.35,2023-01-24T00:00:00,394
1255,3987.62,2023-09-30T00:00:00,526
1256,8301.39,2024-02-10T00:00:00,924
1257,6692.14,2023-04-06T00:00:00,815
1258,14058.35,2024-09-23T00:00:00,95
1259,8802.04,2024-07-19T00:00:00,296
1260,7079.04,2023-08-28T00:00:00,311
1261,946.85,2024-11-07T00:00:00,713
1262,9767.16,2024-07-18T00:00:00,840
1263,12721.46,2023-01-16T00:00:00,447
1264,16456.44,2024-04-10T00:00:00,619
1265,4090.41,2023-12-27T00:00:00,663
1266,14391.91,2024-06-30T00:00:00,135
1267,3802.2,2024-01-21T00:00:00,894
1268,15371.7,2023-08-30T00:00:00,69
1269,8535.86,2023-03-24T00:00:00,111
1270,9664.37,2024-05-22T00:00:00,438
1271,7857.79,2023-04-04T00:00:00,772
1272,6665.52,2024-04-17T00:00:00,886
1273,2804.1,2024-09-25T00:00:00,401
1274,415.22,2023-03-27T00:00:00,549
1275,13949.41,2024-01-29T00:00:00,432
1276,2639.61,2023-03-24T00:00:00,691
1277,14189.06,2023-06-08T00:00:00,21
1278,14430.47,2024-01-20T00:00:00,842
1279,10215.76,2024-11-08T00:00:00,602
1280,8336.56,2023-07-25T00:00:00,154
1281,82.27,2023-01-29T00:00:00,827
1282,12915.95,2023-08-19T00:00:00,460
1283,10726.37,2023-06-23T00:00:00,476
1284,6476.48,2023-01-28T00:00:00,295
1285,8754.47,2024-06-22T00:00:00,354
1286,5869.47,2024-07-22T00:00:00,431
1287,14122.65,2023-08-02T00:00:00,548
1288,4257.27,2024-11-27T00:00:00,263
1289,1170.44,2024-05-05T00:00:00,736
1290,8676.9,2023-06-10T00:00:00,799
1291,9755.17,2024-11-16T00:00:00,443
1292,4379.52,2023-04-06T00:00:00,496
1293,2412.65,2024-06-26T00:00:00,979
1294,13638.42,2023-06-24T00:00:00,705
1295,5083.5,2024-11-26T00:00:00,506
1296,10179.13,2023-05-04T00:00:00,495
1297,6232.57,2024-05-04T00:00:00,470
1298,2655.81,2024-09-22T00:00:00,786
1299,3251.48,2023-10-21T00:00:00,32
1300,12878.78,2023-03-28T00:00:00,776
1301,3754.0,2024-04-07T00:00:00,545
1302,7573.8,2023-02-18T00:00:00,269
1303,7277.47,2023-10-17T00:00:00,556
1304,2329.17,2024-10-17T00:00:00,875
1305,9498.82,2023-04-28T00:00:00,695
1306,9275.95,2024-08-23T00:00:00,554
1307,420.24,2023-01-28T00:00:00,95
1308,8519.8,2024-11-20T00:00:00,863
1309,5967.76,2024-02-24T00:00:00,507
1310,3020.97,2024-04-21T00:00:00,300
1311,2767.97,2024-03-24T00:00:00,948
1312,84.9,2024-11-14T00:00:00,462
1313,14929.6,2024-07-30T00:00:00,455
1314,3074.54,2024-03-08T00:00:00,882
1315,5894.34,2024-04-15T00:00:00,604
1316,2947.32,2023-12-18T00:00:00,112
1317,1867.8,2023-07-16T00:00:00,239
1318,2595.35,2023-07-13T00:00:00,763
1319,4987.99,2024-10-03T00:00:00,750
1320,5829.66,2024-03-28T00:00:00,741
1321,6920.55,2024-07-02T00:00:00,964
1322,10002.03,2024-05-15T00:00:00,192
1323,1926.46,2024-10-29T00:00:00,392
1324,11868.62,2024-07-21T00:00:00,59
1325,1632.69,2023-12-20T00:00:00,256
1326,20461.75,2023-03-03T00:00:00,672
1327,14499.1,2023-07-07T00:00:00,828
1328,4141.61,2024-06-07T00:00:00,733
1329,11879.84,2023-02-16T00:00:00,554
1330,11613.12,2023-08-15T00:00:00,686
1331,1839.46,2023-02-03T00:00:00,668
1332,4019.78,2023-04-08T00:00:00,883
1333,20260.82,2023-09-12T00:00:00,699
1334,824.46,2023-02-06T00:00:00,478
1335,720.46,2023-01-08T00:00:00,704
1336,1956.88,2024-03-19T00:00:00,761
1337,11385.69,2023-11-29T00:00:00,505
1338,4554.37,2024-01-01T00:00:00,643
1339,359.14,2023-10-31T00:00:00,512
1340,11578.33,2024-09-11T00:00:00,158
1341,13702.55,2024-04-16T00:00:00,153
1342,4785.49,2024-08-18T00:00:00,490
1343,3901.44,2024-10-22T00:00:00,81
1344,12248.67,2023-05-20T00:00:00,856
1345,915.9,2024-02-25T00:00:00,637
1346,6159.71,2024-04-29T00:00:00,762
1347,5717.48,2023-11-23T00:00:00,554
1348,5904.68,2024-03-25T00:00:00,496
1349,3618.82,2023-05-06T00:00:00,550
1350,7568.56,2023-11-15T00:00:00,936
1351,18900.71,2023-12-24T00:00:00,80
1352,6669.82,2023-08-26T00:00:00,903
1353,2554.46,2023-03-24T00:00:00,5
1354,12542.77,2023-01-07T00:00:00,809
1355,12688.69,2024-11-06T00:00:00,299
1356,4847.9,2024-07-25T00:00:00,709
1357,5250.32,2023-03-25T00:00:00,557
1358,8710.67,2023-07-06T00:00:00,115
1359,8605.59,2023-05-24T00:00:00,689
1360,5152.8,2024-02-29T00:00:00,265
1361,2614.08,2024-11-10T00:00:00,754
1362,8725.56,2023-09-21T00:00:00,914
1363,13748.62,2023-06-26T00:00:00,563
1364,7389.3,2023-09-27T00:00:00,469
1365,15541.04,2024-05-04T00:00:00,532
1366,12172.56,2023-11-19T00:00:00,983
1367,11791.46,2023-12-09T00:00:00,993
1368,12221.78,2023-02-28T00:00:00,146
1369,15063.18,2024-05-08T00:00:00,968
1370,10043.97,2024-09-28T00:00:00,395
1371,7202.94,2024-02-03T00:00:00,930
1372,1145.47,2024-03-16T00:00:00,305
1373,8039.96,2023-07-17T00:00:00,636
1374,2831.55,2024-10-25T00:00:00,307
1375,16977.82,2024-09-13T00:00:00,201
1376,7391.03,2023-03-13T00:00:00,229
1377,461.6,2024-02-18T00:00:00,499
1378,14716.27,2023-02-04T00:00:00,181
1379,2797.22,2023-12-22T00:00:00,108
1380,10155.59,2024-01-21T00:00:00,273
1381,6185.16,2023-09-09T00:00:00,982
1382,6984.36,2024-09-20T00:00:00,444
1383,10167.57,2023-04-23T00:00:00,942
1384,14738.28,2023-04-14T00:00:00,911
1385,2729.61,2023-07-08T00:00:00,910
1386,3409.24,2023-03-08T00:00:00,678
1387,197.68,2024-02-24T00:00:00,138
1388,17193.58,2024-09-25T00:00:00,927
1389,11145.43,2023-04-29T00:00:00,422
1390,16272.94,2024-07-13T00:00:00,986
1391,235.46,2023-09-24T00:00:00,758
1392,10910.48,2024-10-04T00:00:00,449
1393,4426.35,2024-09-24T00:00:00,558
1394,13704.5,2023-08-20T00:00:00,479
1395,14949.66,2023-08-28T00:00:00,997
1396,4182.06,2024-06-11T00:00:00,437
1397,20435.16,2024-11-26T00:00:00,940
1398,4365.66,2023-06-01T00:00:00,44
1399,6434.45,2024-06-23T00:00:00,946
1400,4624.17,2023-06-06T00:00:00,10
1401,13952.31,2024-11-25T00:00:00,526
1402,1488.34,2024-03-04T00:00:00,26
1403,5197.48,2024-03-03T00:00:00,514
1404,5980.94,2023-08-13T00:00:00,390
1405,13940.4,2023-10-14T00:00:00,954
1406,588.16,2024-07-22T00:00:00,852
1407,13663.26,2024-06-02T00:00:00,54
1408,9377.04,2023-09-01T00:00:00,925
1409,7360.86,2023-02-15T00:00:00,244
1410,4897.55,2023-05-10T00:00:00,716
1411,10137.04,2024-08-22T00:00:00,630
1412,10509.34,2023-11-13T00:00:00,338
1413,6111.11,2023-09-08T00:00:00,848
1414,17939.68,2023-03-04T00:00:00,113
1415,521.76,2023-11-27T00:00:00,52
1416,1961.5,2024-01-25T00:00:00,410
1417,9606.68,2023-12-12T00:00:00,19
1418,4712.85,2023-10-10T00:00:00,904
1419,2566.06,2024-06-10T00:00:00,668
1420,295.38,2024-07-19T00:00:00,565
1421,14236.75,2024-05-10T00:00:00,463
1422,8708.3,2023-12-25T00:00:00,492
1423,16673.12,2024-10-29T00:00:00,33
1424,7269.4,2024-02-20T00:00:00,180
1425,1439.66,2023-08-09T00:00:00,150
1426,3154.48,2023-07-23T00:00:00,255
1427,7084.96,2023-08-14T00:00:00,270
1428,8626.84,2023-02-26T00:00:00,156
1429,8104.98,2024-11-06T00:00:00,729
1430,15520.7,2024-06-01T00:00:00,254
1431,9789.73,2023-01-18T00:00:00,836
1432,2796.62,2024-06-18T00:00:00,523
1433,869.64,2024-06-29T00:00:00,35
1434,1745.79,2024-10-07T00:00:00,133
1435,8012.38,2023-09-21T00:00:00,754
1436,5280.44,2023-05-27T00:00:00,408
1437,14897.58,2024-10-31T00:00:00,455
1438,17978.76,2023-01-30T00:00:00,624
1439,18405.14,2023-06-24T00:00:00,347
1440,5373.03,2023-08-31T00:00:00,974
1441,11206.57,2024-04-29T00:00:00,54
1442,15073.77,2023-10-15T00:00:00,944
1443,11117.48,2023-09-03T00:00:00,906
1444,2955.72,2024-01-07T00:00:00,306
1445,13413.39,2024-02-07T00:00:00,912
1446,7535.69,2023-02-21T00:00:00,281
1447,9245.36,2023-10-07T00:00:00,920
1448,5828.58,2024-07-07T00:00:00,621
1449,10062.57,2023-12-08T00:00:00,348
1450,1265.51,2024-02-04T00:00:00,247
1451,3302.6,2023-04-13T00:00:00,629
1452,1487.81,2024-01-05T00:00:00,931
1453,17992.97,2023-04-08T00:00:00,345
1454,5303.2,2024-06-18T00:00:00,670
1455,6131.83,2024-10-23T00:00:00,920
1456,11746.5,2023-01-03T00:00:00,981
1457,9862.58,2023-09-07T00:00:00,61
1458,15875.32,2023-07-25T00:00:00,397
1459,13004.43,2024-04-10T00:00:00,778
1460,2500.65,2024-10-07T00:00:00,228
1461,18410.62,2024-11-25T00:00:00,50
1462,3920.67,2024-02-29T00:00:00,871
1463,1780.9,2024-07-21T00:00:00,639
1464,6574.48,2023-04-12T00:00:00,788
1465,7693.13,2024-05-09T00:00:00,734
1466,15318.35,2024-08-23T00:00:00,797
1467,7595.74,2023-01-16T00:00:00,172
1468,6781.64,2024-10-06T00:00:00,379
1469,643.58,2023-08-06T00:00:00,647
1470,2791.08,2024-08-06T00:00:00,45
1471,5541.06,2023-01-22T00:00:00,282
1472,13546.54,2024-07-03T00:00:00,864
1473,11156.44,2023-02-28T00:00:00,703
1474,7929.96,2023-12-08T00:00:00,332
1475,18821.49,2024-11-23T00:00:00,564
1476,6771.12,2024-04-21T00:00:00,131
1477,20033.89,2024-02-29T00:00:00,997
1478,1759.52,2024-02-29T00:00:00,698
1479,737.75,2023-10-09T00:00:00,745
1480,14797.49,2023-09-23T00:00:00,978
1481,18824.19,2024-05-04T00:00:00,614
1482,8589.64,2023-09-12T00:00:00,841
1483,469.8,2024-01-24T00:00:00,957
1484,1997.56,2024-05-02T00:00:00,517
1485,10724.03,2024-04-16T00:00:00,802
1486,8712.44,2023-10-29T00:00:00,241
1487,20570.33,2024-11-27T00:00:00,258
1488,12113.1,2023-10-19T00:00:00,950
1489,12917.55,2024-05-29T00:00:00,157
1490,11061.47,2024-06-12T00:00:00,441
1491,12499.06,2024-02-25T00:00:00,566
1492,9391.48,2023-06-23T00:00:00,607
1493,4053.43,2023-12-30T00:00:00,815
1494,1796.54,2024-10-25T00:00:00,210
1495,3700.35,2023-01-21T00:00:00,820
1496,3386.72,2023-11-14T00:00:00,692
1497,5536.44,2023-12-22T00:00:00,789
1498,8034.09,2023-04-23T00:00:00,327
1499,6044.42,2024-03-17T00:00:00,700
1500,6445.16,2023-03-20T00:00:00,443
1501,5587.99,2024-08-16T00:00:00,477
1502,13819.48,2024-06-20T00:00:00,772
1503,2605.72,2024-11-18T00:00:00,222
1504,21365.87,2023-01-31T00:00:00,813
1505,11912.2,2024-03-12T00:00:00,6
1506,6459.09,2023-07-12T00:00:00,14
1507,549.0,2023-01-03T00:00:00,141
1508,14149.63,2023-04-25T00:00:00,634
1509,4019.9,2023-08-31T00:00:00,461
1510,2231.48,2024-06-20T00:00:00,345
1511,18388.11,2024-06-30T00:00:00,251
1512,5207.21,2024-06-05T00:00:00,558
1513,14432.09,2023-07-05T00:00:00,265
1514,12101.62,2024-10-01T00:00:00,120
1515,8353.6,2023-01-15T00:00:00,26
1516,11337.06,2023-02-05T00:00:00,718
1517,5353.17,2023-03-08T00:00:00,728
1518,1383.26,2024-02-08T00:00:00,219
1519,1735.38,2024-10-26T00:00:00,156
1520,13858.53,2023-10-10T00:00:00,970
1521,11406.89,2024-05-15T00:00:00,158
1522,10414.72,2023-08-26T00:00:00,992
1523,4725.88,2024-02-23T00:00:00,253
1524,12176.61,2024-01-16T00:00:00,142
1525,49.68,2024-08-24T00:00:00,633
1526,1822.55,2023-03-02T00:00:00,881
1527,3259.77,2023-10-17T00:00:00,938
1528,9070.76,2023-03-19T00:00:00,646
1529,12318.38,2024-09-10T00:00:00,945
1530,1907.09,2023-10-21T00:00:00,223
1531,13713.83,2024-10-13T00:00:00,261
1532,2401.68,2024-10-03T00:00:00,937
1533,5076.77,2023-04-10T00:00:00,802
1534,8218.1,2023-03-15T00:00:00,166
1535,7244.38,2024-06-08T00:00:00,969
1536,10885.53,2024-02-04T00:00:00,320
1537,4712.86,2023-12-02T00:00:00,832
1538,14870.75,2023-07-13T00:00:00,397
1539,4375.27,2023-03-14T00:00:00,697
1540,9144.01,2024-03-05T00:00:00,973
1541,1986.95,2023-08-26T00:00:00,45
1542,234.9,2023-11-05T00:00:00,90
1543,3629.97,2023-11-16T00:00:00,708
1544,4204.11,2023-04-04T00:00:00,134
1545,6936.74,2023-08-20T00:00:00,789
1546,9814.41,2023-04-26T00:00:00,332
1547,2363.79,2024-07-03T00:00:00,303
1548,16877.39,2023-10-13T00:00:00,690
1549,11785.62,2024-02-22T00:00:00,532
1550,15278.72,2024-05-18T00:00:00,75
1551,1140.26,2024-06-27T00:00:00,124
1552,3130.54,2024-08-08T00:00:00,382
1553,8840.67,2024-04-02T00:00:00,329
1554,3020.97,2024-02-05T00:00:00,77
1555,4918.26,2023-03-24T00:00:00,174
1556,11054.56,2023-02-21T00:00:00,102
1557,12668.63,2024-10-22T00:00:00,94
1558,1621.34,2023-11-10T00:00:00,787
1559,5123.6,2024-09-21T00:00:00,909
1560,7317.4,2024-09-27T00:00:00,188
1561,9523.56,2023-01-19T00:00:00,98
1562,17647.93,2023-04-24T00:00:00,589
1563,16748.55,2023-12-29T00:00:00,322
1564,5899.3,2024-06-07T00:00:00,401
1565,12066.27,2024-10-01T00:00:00,26
1566,3117.62,2024-07-16T00:00:00,510
1567,6491.24,2023-12-24T00:00:00,786
1568,23565.7,2023-12-31T00:00:00,320
1569,5892.04,2023-06-04T00:00:00,243
1570,5432.95,2023-01-18T00:00:00,185
1571,11904.34,2024-06-17T00:00:00,486
1572,1962.45,2023-12-01T00:00:00,803
1573,20826.42,2023-03-28T00:00:00,830
1574,8062.18,2023-05-26T00:00:00,86
1575,14822.25,2024-04-10T00:00:00,798
1576,1460.34,2024-03-07T00:00:00,949
1577,1052.86,2023-10-30T00:00:00,584
1578,9090.1,2024-06-14T00:00:00,961
1579,14275.49,2023-07-28T00:00:00,852
1580,8105.58,2024-03-04T00:00:00,727
1581,4756.06,2024-05-02T00:00:00,297
1582,4368.71,2024-09-26T00:00:00,69
1583,7355.54,2023-01-15T00:00:00,197
1584,500.13,2023-02-28T00:00:00,149
1585,5395.72,2023-05-07T00:00:00,98
1586,9782.26,2024-10-04T00:00:00,678
1587,3105.56,2023-05-18T00:00:00,876
1588,8712.63,2023-08-19T00:00:00,181
1589,7727.35,2023-05-23T00:00:00,733
1590,6375.12,2024-05-12T00:00:00,940
1591,8813.15,2024-11-29T00:00:00,542
1592,237.63,2024-03-23T00:00:00,26
1593,4990.74,2024-10-29T00:00:00,115
1594,2941.8,2023-06-06T00:00:00,350
1595,6290.48,2024-04-18T00:00:00,668
1596,10303.76,2024-04-19T00:00:00,420
1597,10134.42,2023-07-21T00:00:00,827
1598,4583.05,2023-06-20T00:00:00,685
1599,9781.26,2024-08-05T00:00:00,51
1600,5884.5,2023-06-01T00:00:00,147
1601,7756.8,2024-01-08T00:00:00,866
1602,2964.72,2024-06-04T00:00:00,472
1603,6960.38,2023-09-07T00:00:00,689
1604,16360.87,2024-03-29T00:00:00,886
1605,8194.7,2024-09-25T00:00:00,875
1606,9274.51,2024-08-31T00:00:00,906
1607,5187.45,2024-01-22T00:00:00,526
1608,4855.8,2024-03-05T00:00:00,196
1609,6839.85,2023-07-23T00:00:00,870
1610,5676.1,2024-06-12T00:00:00,878
1611,8227.48,2023-02-16T00:00:00,34
1612,9966.08,2023-10-08T00:00:00,955
1613,10913.08,2024-05-05T00:00:00,240
1614,8402.64,2023-03-19T00:00:00,752
1615,1663.92,2023-12-27T00:00:00,955
1616,13600.78,2023-05-05T00:00:00,463
1617,1619.12,2024-09-09T00:00:00,605
1618,1827.86,2023-02-07T00:00:00,260
1619,8310.46,2024-04-02T00:00:00,364
1620,16343.68,2024-03-07T00:00:00,896
1621,11125.11,2023-08-13T00:00:00,960
1622,1931.61,2024-02-11T00:00:00,209
1623,10127.92,2024-09-23T00:00:00,329
1624,7301.81,2024-08-26T00:00:00,172
1625,9342.68,2024-03-02T00:00:00,56
1626,7604.4,2024-08-06T00:00:00,637
1627,13354.49,2023-12-11T00:00:00,782
1628,3686.16,2024-06-12T00:00:00,353
1629,24464.3,2023-12-22T00:00:00,540
1630,5394.29,2023-01-18T00:00:00,6
1631,12244.84,2024-01-02T00:00:00,812
1632,8214.86,2024-01-17T00:00:00,778
1633,10953.95,2024-05-31T00:00:00,182
1634,7221.84,2023-10-26T00:00:00,455
1635,3252.27,2023-01-27T00:00:00,108
1636,6684.72,2023-10-01T00:00:00,52
1637,629.58,2024-07-25T00:00:00,851
1638,9532.74,2023-10-15T00:00:00,65
1639,7478.56,2023-06-08T00:00:00,686
1640,729.02,2024-02-05T00:00:00,651
1641,6724.2,2024-07-31T00:00:00,783
1642,9283.26,2023-01-31T00:00:00,614
1643,12041.66,2023-03-25T00:00:00,688
1644,10778.98,2024-01-06T00:00:00,450
1645,7651.35,2024-09-29T00:00:00,183
1646,1178.87,2023-05-26T00:00:00,739
1647,3552.94,2024-04-09T00:00:00,972
1648,205.67,2023-11-22T00:00:00,756
1649,8465.33,2023-09-20T00:00:00,274
1650,3136.05,2024-01-21T00:00:00,700
1651,8412.15,2024-08-03T00:00:00,315
1652,8547.76,2023-07-07T00:00:00,446
1653,4394.38,2024-09-13T00:00:00,167
1654,1697.74,2023-04-28T00:00:00,427
1655,3394.82,2024-09-08T00:00:00,142
1656,11160.47,2024-11-19T00:00:00,162
1657,5563.38,2024-10-07T00:00:00,878
1658,4731.3,2024-11-02T00:00:00,954
1659,4318.86,2024-03-10T00:00:00,586
1660,12413.04,2024-09-02T00:00:00,51
1661,7957.81,2023-02-08T00:00:00,328
1662,17868.62,2023-02-01T00:00:00,842
1663,10932.5,2023-06-15T00:00:00,231
1664,9061.63,2024-01-05T00:00:00,671
1665,10987.31,2024-11-11T00:00:00,704
1666,9064.65,2024-06-07T00:00:00,761
1667,2630.87,2024-04-01T00:00:00,344
1668,10948.56,2023-05-06T00:00:00,509
1669,18349.26,2023-11-19T00:00:00,931
1670,12748.16,2023-12-22T00:00:00,202
1671,5440.5,2024-05-21T00:00:00,643
1672,12660.05,2024-10-15T00:00:00,189
1673,8625.23,2024-02-28T00:00:00,897
1674,12847.04,2023-02-02T00:00:00,813
1675,9792.01,2024-07-15T00:00:00,707
1676,5226.36,2023-01-14T00:00:00,89
1677,6123.42,2024-04-11T00:00:00,323
1678,824.46,2024-08-29T00:00:00,456
1679,3886.0,2023-05-28T00:00:00,501
1680,3121.58,2024-02-06T00:00:00,435
1681,10431.74,2023-09-06T00:00:00,9
1682,5289.77,2023-09-11T00:00:00,233
1683,4263.64,2023-04-20T00:00:00,786
1684,4211.9,2024-09-26T00:00:00,473
1685,7877.86,2024-09-28T00:00:00,617
1686,11330.91,2023-03-26T00:00:00,390
1687,7543.42,2023-06-29T00:00:00,750
1688,1625.17,2023-08-22T00:00:00,625
1689,3927.0,2024-06-20T00:00:00,497
1690,3639.39,2024-05-29T00:00:00,866
1691,6928.71,2023-12-16T00:00:00,277
1692,16284.22,2024-09-07T00:00:00,549
1693,12315.52,2024-03-27T00:00:00,169
1694,11712.52,2024-07-28T00:00:00,939
1695,14398.76,2024-08-31T00:00:00,771
1696,7458.43,2023-07-23T00:00:00,580
1697,3531.42,2024-02-01T00:00:00,949
1698,5575.62,2023-02-14T00:00:00,650
1699,5967.76,2023-04-12T00:00:00,428
1700,3989.88,2024-02-17T00:00:00,126
1701,780.8,2024-05-15T00:00:00,706
1702,1246.38,2024-04-04T00:00:00,835
1703,10195.36,2023-06-15T00:00:00,866
1704,6574.86,2024-05-20T00:00:00,97
1705,2821.0,2024-07-28T00:00:00,192
1706,3417.95,2023-01-19T00:00:00,163
1707,12154.08,2023-12-29T00:00:00,141
1708,8650.04,2024-10-17T00:00:00,319
1709,7020.7,2024-07-19T00:00:00,499
1710,1050.33,2023-05-16T00:00:00,282
1711,5405.48,2023-04-20T00:00:00,721
1712,8152.22,2024-02-05T00:00:00,292
1713,11142.48,2023-08-12T00:00:00,208
1714,1040.69,2023-08-02T00:00:00,260
1715,1991.06,2024-06-25T00:00:00,576
1716,1691.91,2023-10-28T00:00:00,519
1717,7012.43,2024-11-03T00:00:00,734
1718,9366.49,2024-11-26T00:00:00,866
1719,4575.8,2024-04-07T00:00:00,904
1720,1817.37,2023-12-02T00:00:00,33
1721,2028.48,2024-07-22T00:00:00,77
1722,18679.17,2023-11-05T00:00:00,539
1723,16870.41,2024-05-13T00:00:00,968
1724,17874.25,2024-03-14T00:00:00,416
1725,8297.29,2024-01-14T00:00:00,995
1726,5605.48,2024-01-24T00:00:00,673
1727,19736.92,2024-01-12T00:00:00,347
1728,6717.35,2024-01-03T00:00:00,1000
1729,17118.61,2023-04-11T00:00:00,257
1730,311.19,2023-06-10T00:00:00,655
1731,1060.96,2024-04-16T00:00:00,44
1732,1898.37,2023-07-26T00:00:00,237
1733,4201.32,2024-08-01T00:00:00,758
1734,9073.18,2023-03-11T00:00:00,978
1735,9686.57,2024-09-23T00:00:00,488
1736,18918.42,2023-10-29T00:00:00,980
1737,1003.58,2023-05-05T00:00:00,62
1738,6211.84,2024-06-05T00:00:00,184
1739,7482.16,2024-08-12T00:00:00,987
1740,8485.82,2024-11-07T00:00:00,455
1741,2552.8,2023-08-23T00:00:00,253
1742,4692.5,2024-07-22T00:00:00,49
1743,20830.93,2023-08-11T00:00:00,664
1744,6523.79,2023-10-17T00:00:00,802
1745,6508.37,2023-03-21T00:00:00,631
1746,6375.62,2023-05-19T00:00:00,527
1747,3983.39,2023-04-19T00:00:00,610
1748,10274.7,2024-11-07T00:00:00,723
1749,13184.18,2023-10-05T00:00:00,415
1750,9137.96,2023-03-09T00:00:00,592
1751,1759.74,2023-04-29T00:00:00,788
1752,16888.4,2024-03-24T00:00:00,863
1753,9803.74,2023-10-08T00:00:00,667
1754,6164.04,2024-08-18T00:00:00,468
1755,5113.29,2024-04-02T00:00:00,178
1756,3277.26,2024-06-01T00:00:00,809
1757,10389.21,2024-01-10T00:00:00,600
1758,15294.09,2024-07-08T00:00:00,251
1759,18545.97,2024-01-26T00:00:00,180
1760,14749.65,2024-08-18T00:00:00,252
1761,6637.28,2024-02-10T00:00:00,22
1762,14963.77,2024-07-09T00:00:00,756
1763,14725.33,2023-08-11T00:00:00,711
1764,3277.62,2024-07-25T00:00:00,897
1765,15606.72,2023-12-04T00:00:00,903
1766,17117.9,2023-12-11T00:00:00,74
1767,3364.75,2024-11-02T00:00:00,962
1768,7257.05,2023-05-25T00:00:00,226
1769,11185.34,2024-01-20T00:00:00,606
1770,8296.29,2024-09-24T00:00:00,835
1771,17609.92,2023-09-21T00:00:00,907
1772,5658.34,2024-01-04T00:00:00,983
1773,18376.72,2023-05-17T00:00:00,233
1774,1680.68,2024-08-06T00:00:00,257
1775,3004.76,2024-07-12T00:00:00,718
1776,8384.15,2023-05-08T00:00:00,606
1777,15330.85,2024-08-17T00:00:00,438
1778,10617.52,2024-11-28T00:00:00,617
1779,1148.74,2024-04-28T00:00:00,451
1780,19942.54,2023-04-14T00:00:00,399
1781,726.45,2024-01-30T00:00:00,386
1782,11388.92,2023-10-20T00:00:00,306
1783,1487.81,2023-07-20T00:00:00,939
1784,23726.01,2024-08-19T00:00:00,905
1785,5125.6,2023-11-23T00:00:00,143
1786,14108.75,2023-04-26T00:00:00,693
1787,8212.9,2024-02-28T00:00:00,408
1788,11889.2,2024-11-21T00:00:00,995
1789,12056.24,2024-10-31T00:00:00,92
1790,14581.18,2023-12-11T00:00:00,120
1791,11584.84,2024-11-28T00:00:00,286
1792,5911.44,2023-08-27T00:00:00,715
1793,7861.72,2023-08-12T00:00:00,507
1794,8284.93,2024-05-18T00:00:00,560
1795,6361.0,2024-01-09T00:00:00,933
1796,11043.26,2023-07-23T00:00:00,400
1797,8402.37,2024-01-06T00:00:00,276
1798,6363.6,2023-05-03T00:00:00,156
1799,2306.93,2024-11-17T00:00:00,228
1800,9090.78,2023-08-10T00:00:00,50
1801,5186.16,2024-02-25T00:00:00,42
1802,3315.76,2023-03-28T00:00:00,27
1803,15361.99,2023-07-09T00:00:00,732
1804,2372.16,2023-06-18T00:00:00,725
1805,1077.42,2023-08-17T00:00:00,229
1806,10052.3,2023-07-09T00:00:00,724
1807,4350.59,2023-04-18T00:00:00,172
1808,15612.23,2023-12-27T00:00:00,704
1809,648.82,2024-09-15T00:00:00,959
1810,9211.93,2024-10-22T00:00:00,51
1811,6125.09,2024-11-08T00:00:00,963
1812,7914.36,2023-03-17T00:00:00,745
1813,828.9,2023-08-11T00:00:00,901
1814,49.14,2024-06-15T00:00:00,730
1815,10705.66,2023-07-11T00:00:00,538
1816,9123.35,2023-06-01T00:00:00,35
1817,10321.36,2023-05-27T00:00:00,970
1818,5258.89,2023-07-16T00:00:00,843
1819,3183.93,2024-09-29T00:00:00,1
1820,632.79,2024-05-21T00:00:00,1
1821,329.88,2023-02-15T00:00:00,620
1822,3315.72,2023-01-09T00:00:00,519
1823,5334.24,2024-06-01T00:00:00,425
1824,2183.3,2023-01-31T00:00:00,33
1825,17257.73,2023-06-19T00:00:00,793
1826,914.3,2023-09-04T00:00:00,311
1827,15862.0,2024-05-27T00:00:00,896
1828,15521.65,2023-11-30T00:00:00,258
1829,4054.11,2023-03-23T00:00:00,754
1830,2234.75,2024-09-28T00:00:00,403
1831,7859.13,2023-12-09T00:00:00,321
1832,5036.98,2023-08-08T00:00:00,880
1833,29061.39,2024-05-16T00:00:00,793
1834,9518.36,2024-03-10T00:00:00,123
1835,17164.89,2024-10-19T00:00:00,381
1836,6917.41,2024-11-16T00:00:00,95
1837,8464.65,2023-11-07T00:00:00,997
1838,1839.46,2024-02-03T00:00:00,401
1839,2575.7,2024-09-11T00:00:00,898
1840,5944.42,2023-10-22T00:00:00,270
1841,11180.84,2023-07-31T00:00:00,144
1842,14201.66,2023-06-26T00:00:00,517
1843,3825.05,2023-12-13T00:00:00,842
1844,14307.2,2024-03-14T00:00:00,203
1845,9857.56,2023-03-22T00:00:00,975
1846,13707.73,2024-10-19T00:00:00,710
1847,11507.62,2023-02-25T00:00:00,225
1848,1877.0,2024-10-26T00:00:00,151
1849,10131.23,2023-03-03T00:00:00,177
1850,5639.44,2024-07-09T00:00:00,175
1851,17277.74,2023-12-08T00:00:00,973
1852,18990.26,2023-06-01T00:00:00,183
1853,5598.01,2023-06-27T00:00:00,287
1854,411.34,2023-08-30T00:00:00,752
1855,11313.78,2023-03-17T00:00:00,315
1856,14442.78,2024-03-19T00:00:00,278
1857,11492.58,2023-05-18T00:00:00,962
1858,16670.66,2024-07-27T00:00:00,601
1859,8931.8,2024-04-07T00:00:00,997
1860,6263.07,2024-03-09T00:00:00,508
1861,4376.12,2024-09-13T00:00:00,909
1862,1047.91,2023-12-25T00:00:00,593
1863,9902.26,2024-09-09T00:00:00,980
1864,11216.07,2024-05-30T00:00:00,755
1865,1796.54,2023-06-28T00:00:00,524
1866,620.56,2024-05-25T00:00:00,919
1867,6946.04,2023-05-09T00:00:00,166
1868,3776.06,2023-01-17T00:00:00,510
1869,11146.73,2023-09-29T00:00:00,715
1870,11657.4,2024-07-04T00:00:00,33
1871,2246.66,2024-07-04T00:00:00,524
1872,480.99,2024-03-12T00:00:00,889
1873,11062.15,2023-05-10T00:00:00,415
1874,6622.55,2024-03-14T00:00:00,711
1875,13537.53,2023-12-31T00:00:00,803
1876,8517.8,2024-02-18T00:00:00,372
1877,5487.53,2024-04-21T00:00:00,727
1878,18866.08,2023-04-04T00:00:00,313
1879,8631.1,2024-09-02T00:00:00,37
1880,12379.86,2024-02-27T00:00:00,246
1881,5376.3,2024-10-14T00:00:00,480
1882,15339.51,2023-05-17T00:00:00,325
1883,3913.76,2023-11-14T00:00:00,573
1884,1993.81,2023-09-07T00:00:00,510
1885,8253.2,2023-02-06T00:00:00,127
1886,8389.83,2024-09-28T00:00:00,285
1887,9067.22,2023-12-16T00:00:00,778
1888,2440.24,2024-11-08T00:00:00,208
1889,8070.35,2023-12-10T00:00:00,773
1890,385.64,2024-01-17T00:00:00,367
1891,8355.64,2023-01-18T00:00:00,733
1892,836.18,2023-08-05T00:00:00,274
1893,3753.84,2023-10-26T00:00:00,687
1894,18473.46,2024-11-25T00:00:00,606
1895,20984.99,2024-04-25T00:00:00,313
1896,3734.79,2024-02-15T00:00:00,751
1897,7914.14,2023-02-26T00:00:00,121
1898,12368.95,2023-04-17T00:00:00,304
1899,3919.95,2023-08-31T00:00:00,702
1900,2221.4,2024-06-24T00:00:00,548
1901,1680.68,2024-01-04T00:00:00,704
1902,21940.86,2023-12-24T00:00:00,710
1903,1732.57,2023-06-03T00:00:00,247
1904,5069.82,2023-04-27T00:00:00,970
1905,13333.66,2024-03-19T00:00:00,364
1906,9014.23,2023-10-28T00:00:00,866
1907,9770.06,2023-06-21T00:00:00,162
1908,8358.87,2024-06-22T00:00:00,892
1909,14422.65,2023-09-02T00:00:00,264
1910,7430.38,2023-08-31T00:00:00,790
1911,8009.64,2024-09-08T00:00:00,50
1912,12986.71,2023-07-26T00:00:00,801
1913,15751.44,2023-03-24T00:00:00,326
1914,9680.1,2023-09-09T00:00:00,581
1915,1755.9,2024-03-18T00:00:00,854
1916,5481.59,2024-11-21T00:00:00,669
1917,14775.5,2023-01-02T00:00:00,145
1918,17658.52,2023-01-24T00:00:00,484
1919,7787.21,2023-09-02T00:00:00,816
1920,3500.61,2024-11-03T00:00:00,63
1921,2837.92,2024-03-22T00:00:00,77
1922,18742.21,2024-11-16T00:00:00,196
1923,7308.4,2024-10-23T00:00:00,2
1924,14990.18,2023-03-14T00:00:00,889
1925,16381.42,2023-06-06T00:00:00,871
1926,311.19,2024-09-02T00:00:00,519
1927,1325.44,2023-04-19T00:00:00,715
1928,14698.17,2024-01-17T00:00:00,380
1929,5395.9,2024-08-22T00:00:00,997
1930,14885.83,2023-09-05T00:00:00,326
1931,14252.71,2023-09-06T00:00:00,24
1932,24383.93,2023-06-17T00:00:00,138
1933,4497.46,2023-07-07T00:00:00,733
1934,15342.52,2023-04-03T00:00:00,24
1935,1179.7,2023-10-13T00:00:00,486
1936,3764.49,2023-10-31T00:00:00,323
1937,3708.92,2024-11-25T00:00:00,466
1938,9634.93,2024-09-07T00:00:00,275
1939,7809.81,2024-04-26T00:00:00,820
1940,2335.6,2024-07-07T00:00:00,578
1941,1808.64,2024-11-06T00:00:00,907
1942,3987.26,2024-04-12T00:00:00,113
1943,4098.49,2023-09-19T00:00:00,889
1944,21156.2,2023-12-03T00:00:00,286
1945,10645.52,2024-11-30T00:00:00,520
1946,1548.78,2023-01-06T00:00:00,477
1947,7666.93,2024-09-22T00:00:00,337
1948,8734.8,2023-10-14T00:00:00,815
1949,10583.91,2024-04-15T00:00:00,815
1950,5730.98,2024-11-03T00:00:00,194
1951,5305.29,2023-11-04T00:00:00,904
1952,4144.36,2023-04-18T00:00:00,995
1953,9455.72,2023-03-21T00:00:00,171
1954,7311.44,2024-08-02T00:00:00,632
1955,1355.51,2024-03-22T00:00:00,178
1956,5939.05,2023-08-09T00:00:00,7
1957,3194.14,2023-06-18T00:00:00,521
1958,1907.24,2023-04-02T00:00:00,438
1959,12677.83,2023-12-17T00:00:00,972
1960,21598.46,2024-08-09T00:00:00,225
1961,3170.66,2024-06-10T00:00:00,276
1962,489.12,2024-06-16T00:00:00,456
1963,7560.4,2023-06-19T00:00:00,28
1964,5999.76,2024-06-09T00:00:00,150
1965,3663.6,2024-06-01T00:00:00,112
1966,8877.06,2023-12-23T00:00:00,236
1967,12065.43,2024-07-31T00:00:00,9
1968,5000.95,2023-01-26T00:00:00,607
1969,7785.35,2023-09-01T00:00:00,345
1970,12283.57,2024-11-05T00:00:00,626
1971,5756.13,2024-01-18T00:00:00,7
1972,10978.68,2023-09-20T00:00:00,444
1973,5608.19,2023-04-20T00:00:00,714
1974,752.47,2023-05-27T00:00:00,245
1975,16972.82,2024-06-27T00:00:00,98
1976,714.57,2023-03-03T00:00:00,12
1977,1187.28,2024-03-15T00:00:00,313
1978,9396.46,2024-08-29T00:00:00,998
1979,17251.33,2023-11-15T00:00:00,661
1980,2049.48,2024-11-13T00:00:00,323
1981,3265.79,2023-08-16T00:00:00,800
1982,5806.12,2023-10-08T00:00:00,217
1983,4216.27,2023-12-17T00:00:00,908
1984,7351.48,2023-08-04T00:00:00,668
1985,5846.78,2023-09-11T00:00:00,548
1986,1438.48,2023-01-06T00:00:00,814
1987,17492.36,2023-04-11T00:00:00,62
1988,14809.74,2023-02-14T00:00:00,522
1989,7172.87,2024-09-11T00:00:00,538
1990,1123.33,2024-05-14T00:00:00,445
1991,4079.5,2024-01-06T00:00:00,365
1992,6835.94,2023-05-22T00:00:00,245
1993,3389.0,2023-02-09T00:00:00,516
1994,19692.45,2023-02-13T00:00:00,983
1995,1768.43,2024-08-28T00:00:00,573
1996,10290.31,2024-08-31T00:00:00,198
1997,1140.26,2024-01-02T00:00:00,662
1998,19891.88,2023-12-19T00:00:00,174
1999,15883.58,2023-07-14T00:00:00,790
2000,7688.88,2024-10-30T00:00:00,255
2001,14644.96,2023-06-27T00:00:00,604
2002,19809.68,2024-05-07T00:00:00,515
2003,13660.36,2023-02-12T00:00:00,584
2004,3285.89,2024-01-13T00:00:00,206
2005,1035.36,2023-01-26T00:00:00,865
2006,6322.35,2024-09-11T00:00:00,85
2007,8551.12,2023-08-29T00:00:00,227
2008,14935.41,2023-03-28T00:00:00,438
2009,1893.72,2023-07-04T00:00:00,395
2010,11939.5,2024-05-21T00:00:00,675
2011,12331.4,2024-01-06T00:00:00,240
2012,753.26,2023-11-18T00:00:00,806
2013,1674.04,2024-09-11T00:00:00,785
2014,15283.96,2024-07-13T00:00:00,423
2015,15831.57,2023-02-20T00:00:00,121
2016,1287.34,2024-03-31T00:00:00,934
2017,2492.76,2023-11-16T00:00:00,361
2018,10728.5,2024-05-21T00:00:00,958
2019,15766.07,2024-02-06T00:00:00,588
2020,13749.83,2024-05-02T00:00:00,810
2021,3409.24,2024-09-04T00:00:00,442
2022,1333.02,2024-10-02T00:00:00,65
2023,10007.52,2024-05-08T00:00:00,989
2024,2643.61,2024-04-21T00:00:00,90
2025,2575.7,2023-08-22T00:00:00,284
2026,8484.16,2024-06-13T00:00:00,54
2027,5197.48,2024-11-16T00:00:00,900
2028,11240.52,2023-01-22T00:00:00,578
2029,3020.97,2024-06-07T00:00:00,473
2030,5123.7,2024-10-07T00:00:00,321
2031,11915.82,2024-04-13T00:00:00,977
2032,2712.61,2023-09-09T00:00:00,933
2033,4951.01,2023-09-28T00:00:00,895
2034,10790.85,2024-01-11T00:00:00,879
2035,5373.88,2023-03-03T00:00:00,938
2036,12450.46,2024-04-01T00:00:00,183
2037,14778.24,2024-09-03T00:00:00,477
2038,2739.0,2024-01-05T00:00:00,667
2039,18289.83,2024-08-19T00:00:00,300
2040,14308.18,2024-05-12T00:00:00,13
2041,11867.58,2023-12-03T00:00:00,378
2042,17256.16,2023-09-20T00:00:00,392
2043,2397.3,2024-04-20T00:00:00,197
2044,3893.99,2023-03-24T00:00:00,450
2045,2294.24,2023-06-13T00:00:00,94
2046,11922.62,2023-10-27T00:00:00,228
2047,5156.54,2024-04-23T00:00:00,284
2048,770.8,2024-06-01T00:00:00,992
2049,3290.16,2023-12-20T00:00:00,160
2050,13718.52,2024-08-18T00:00:00,444
2051,2049.48,2023-08-22T00:00:00,688
2052,10375.62,2024-08-13T00:00:00,410
2053,5893.98,2024-08-24T00:00:00,684
2054,2877.32,2023-03-03T00:00:00,962
2055,13677.07,2024-10-31T00:00:00,465
2056,5803.0,2024-05-11T00:00:00,330
2057,6230.33,2024-12-01T00:00:00,752
2058,16179.48,2024-06-12T00:00:00,965
2059,7309.99,2024-08-21T00:00:00,23
2060,17459.9,2023-01-03T00:00:00,325
2061,9748.95,2023-11-23T00:00:00,17
2062,19270.69,2023-01-12T00:00:00,1
2063,3999.84,2023-01-07T00:00:00,644
2064,1069.52,2024-07-04T00:00:00,492
2065,1245.94,2024-03-03T00:00:00,619
2066,4840.34,2024-09-09T00:00:00,26
2067,6451.79,2024-10-18T00:00:00,276
2068,5147.56,2024-03-27T00:00:00,44
2069,9523.66,2023-01-31T00:00:00,667
2070,10521.15,2024-06-04T00:00:00,924
2071,7738.59,2024-11-15T00:00:00,5
2072,13305.02,2024-09-23T00:00:00,739
2073,19265.96,2024-09-24T00:00:00,49
2074,1759.94,2024-11-30T00:00:00,532
2075,5262.81,2024-08-10T00:00:00,737
2076,10171.21,2024-06-19T00:00:00,172
2077,4891.83,2023-06-21T00:00:00,280
2078,7594.05,2024-03-26T00:00:00,853
2079,1355.34,2024-05-21T00:00:00,721
2080,9453.19,2024-03-20T00:00:00,910
2081,3928.1,2024-11-29T00:00:00,92
2082,7440.63,2023-03-27T00:00:00,733
2083,7111.61,2023-12-18T00:00:00,213
2084,10815.75,2024-11-16T00:00:00,38
2085,128.27,2024-02-28T00:00:00,18
2086,9101.68,2023-10-21T00:00:00,846
2087,14422.37,2023-07-05T00:00:00,564
2088,501.79,2024-05-05T00:00:00,541
2089,12435.02,2023-06-12T00:00:00,778
2090,1189.94,2023-01-15T00:00:00,887
2091,8131.8,2023-11-04T00:00:00,273
2092,2851.83,2023-09-14T00:00:00,488
2093,5439.66,2024-11-22T00:00:00,319
2094,2783.16,2023-05-14T00:00:00,446
2095,17171.36,2024-04-18T00:00:00,36
2096,10131.7,2024-06-06T00:00:00,866
2097,10992.18,2023-01-27T00:00:00,741
2098,5381.63,2023-05-09T00:00:00,128
2099,4464.3,2024-07-06T00:00:00,179
2100,12693.05,2023-10-14T00:00:00,495
2101,10053.18,2023-04-03T00:00:00,533
2102,9401.53,2023-11-11T00:00:00,738
2103,8442.38,2023-08-10T00:00:00,444
2104,10484.36,2024-11-18T00:00:00,146
2105,9738.66,2024-03-09T00:00:00,285
2106,3133.4,2023-07-04T00:00:00,268
2107,2155.9,2023-05-30T00:00:00,253
2108,5994.19,2024-09-12T00:00:00,354
2109,6533.25,2023-06-17T00:00:00,471
2110,9775.01,2023-05-23T00:00:00,644
2111,11609.64,2024-07-17T00:00:00,679
2112,1510.15,2024-04-28T00:00:00,49
2113,4756.47,2024-02-16T00:00:00,671
2114,7551.05,2024-05-28T00:00:00,403
2115,11410.6,2023-02-27T00:00:00,597
2116,14217.72,2024-02-06T00:00:00,1
2117,7774.49,2024-11-29T00:00:00,106
2118,6850.59,2023-11-18T00:00:00,378
2119,22807.25,2024-09-12T00:00:00,115
2120,5355.9,2023-11-16T00:00:00,754
2121,2877.52,2024-09-21T00:00:00,249
2122,6145.65,2023-08-03T00:00:00,267
2123,5580.46,2024-06-18T00:00:00,342
2124,10540.83,2023-09-14T00:00:00,401
2125,8348.2,2024-07-26T00:00:00,84
2126,4545.44,2024-09-03T00:00:00,811
2127,10818.63,2024-04-15T00:00:00,686
2128,2634.68,2024-09-16T00:00:00,31
2129,6838.64,2024-06-07T00:00:00,310
2130,8204.78,2024-09-16T00:00:00,239
2131,284.42,2024-08-05T00:00:00,509
2132,2114.93,2024-09-24T00:00:00,207
2133,66.0,2024-07-26T00:00:00,182
2134,11170.25,2023-05-08T00:00:00,550
2135,6716.77,2023-12-19T00:00:00,605
2136,933.3,2024-08-12T00:00:00,925
2137,7665.16,2023-10-08T00:00:00,947
2138,7321.27,2023-10-24T00:00:00,960
2139,4667.35,2023-04-21T00:00:00,398
2140,5226.24,2024-10-23T00:00:00,593
2141,9805.04,2023-07-24T00:00:00,612
2142,19050.74,2023-06-25T00:00:00,326
2143,4427.46,2023-05-13T00:00:00,535
2144,3987.26,2024-08-17T00:00:00,979
2145,9653.07,2023-08-23T00:00:00,343
2146,5149.36,2024-10-06T00:00:00,409
2147,5529.24,2024-03-04T00:00:00,220
2148,6213.1,2024-08-10T00:00:00,181
2149,12155.51,2023-09-27T00:00:00,999
2150,15508.02,2024-01-16T00:00:00,48
2151,8073.47,2023-12-10T00:00:00,846
2152,11625.01,2023-08-27T00:00:00,98
2153,2741.56,2024-07-08T00:00:00,292
2154,11660.38,2024-08-06T00:00:00,84
2155,9004.65,2024-08-26T00:00:00,807
2156,2404.52,2023-12-28T00:00:00,92
2157,5451.5,2023-11-07T00:00:00,135
2158,11466.65,2024-07-10T00:00:00,860
2159,3013.04,2023-03-17T00:00:00,26
2160,735.3,2024-02-16T00:00:00,32
2161,8111.21,2023-09-13T00:00:00,773
2162,14214.96,2023-02-19T00:00:00,337
2163,5178.96,2023-09-06T00:00:00,459
2164,1984.48,2024-10-24T00:00:00,22
2165,3020.3,2024-01-12T00:00:00,760
2166,9933.84,2023-01-20T00:00:00,295
2167,4507.6,2023-06-20T00:00:00,264
2168,6353.05,2023-05-22T00:00:00,723
2169,17515.25,2024-04-01T00:00:00,419
2170,2946.45,2023-08-22T00:00:00,410
2171,4762.59,2023-03-03T00:00:00,899
2172,5386.63,2024-09-19T00:00:00,292
2173,10671.88,2023-07-30T00:00:00,1000
2174,5515.55,2024-07-27T00:00:00,690
2175,3198.42,2024-10-28T00:00:00,835
2176,3862.02,2023-02-11T00:00:00,118
2177,9975.84,2024-06-17T00:00:00,212
2178,17980.29,2023-04-28T00:00:00,595
2179,11922.78,2024-12-01T00:00:00,955
2180,10985.0,2023-01-16T00:00:00,343
2181,7909.16,2024-11-20T00:00:00,53
2182,13242.05,2023-12-27T00:00:00,849
2183,2508.36,2024-02-03T00:00:00,831
2184,10775.16,2023-06-12T00:00:00,19
2185,13558.72,2024-04-27T00:00:00,948
2186,11764.09,2023-03-09T00:00:00,328
2187,4613.56,2023-06-02T00:00:00,535
2188,9802.88,2023-06-22T00:00:00,168
2189,3262.7,2023-04-02T00:00:00,129
2190,3416.57,2023-06-25T00:00:00,816
2191,1312.15,2024-07-09T00:00:00,717
2192,5375.8,2023-12-27T00:00:00,428
2193,11173.14,2024-01-05T00:00:00,157
2194,9807.5,2024-01-30T00:00:00,631
2195,4782.17,2024-11-19T00:00:00,886
2196,5196.09,2024-10-06T00:00:00,397
2197,16543.54,2023-02-24T00:00:00,749
2198,18298.97,2024-01-11T00:00:00,920
2199,2010.32,2023-02-09T00:00:00,232
2200,10351.72,2024-02-12T00:00:00,187
2201,237.63,2023-01-10T00:00:00,898
2202,2656.76,2024-01-27T00:00:00,376
2203,3996.96,2023-09-10T00:00:00,893
2204,20239.61,2024-02-19T00:00:00,825
2205,12820.55,2023-01-24T00:00:00,466
2206,2842.23,2024-11-19T00:00:00,732
2207,11536.82,2023-09-02T00:00:00,804
2208,5003.04,2023-12-10T00:00:00,368
2209,14182.37,2023-11-18T00:00:00,357
2210,4359.88,2023-03-09T00:00:00,160
2211,791.86,2024-08-01T00:00:00,804
2212,3244.1,2024-07-10T00:00:00,167
2213,8390.7,2024-07-27T00:00:00,5
2214,13336.68,2023-10-19T00:00:00,310
2215,71.94,2023-12-25T00:00:00,8
2216,3301.15,2024-04-29T00:00:00,487
2217,12855.54,2023-07-17T00:00:00,83
2218,10710.16,2024-04-15T00:00:00,511
2219,17391.87,2024-09-01T00:00:00,540
2220,6601.32,2024-03-12T00:00:00,23
2221,1283.03,2023-08-31T00:00:00,612
2222,1693.36,2024-10-17T00:00:00,871
2223,19229.17,2023-09-20T00:00:00,66
2224,11726.76,2024-12-01T00:00:00,511
2225,2158.35,2024-03-15T00:00:00,846
2226,5162.82,2024-06-24T00:00:00,292
2227,1250.76,2023-09-02T00:00:00,558
2228,10915.02,2024-08-15T00:00:00,255
2229,9719.05,2023-08-15T00:00:00,412
2230,12097.15,2023-12-30T00:00:00,20
2231,1680.68,2023-06-03T00:00:00,587
2232,112.66,2024-10-17T00:00:00,972
2233,16384.6,2024-03-09T00:00:00,914
2234,5200.13,2024-09-05T00:00:00,1000
2235,124.2,2023-09-09T00:00:00,632
2236,284.42,2023-10-13T00:00:00,965
2237,1153.39,2024-11-02T00:00:00,12
2238,17224.62,2023-06-16T00:00:00,595
2239,6700.32,2023-01-27T00:00:00,828
2240,8642.49,2024-05-22T00:00:00,808
2241,10919.23,2024-11-12T00:00:00,447
2242,5451.4,2023-04-20T00:00:00,220
2243,2492.6,2024-07-25T00:00:00,443
2244,12579.23,2024-08-04T00:00:00,850
2245,7177.07,2023-07-30T00:00:00,142
2246,1233.45,2023-01-01T00:00:00,299
2247,9606.98,2024-10-30T00:00:00,159
2248,5033.39,2023-11-03T00:00:00,326
2249,2277.48,2024-09-03T00:00:00,746
2250,203.76,2024-07-10T00:00:00,520
2251,10146.13,2024-08-19T00:00:00,7
2252,5070.87,2024-01-12T00:00:00,109
2253,7641.22,2023-07-15T00:00:00,927
2254,11425.37,2023-06-28T00:00:00,156
2255,18598.66,2024-03-01T00:00:00,451
2256,17641.92,2023-09-17T00:00:00,193
2257,4376.61,2023-11-25T00:00:00,429
2258,1019.25,2023-07-20T00:00:00,900
2259,12750.55,2023-01-10T00:00:00,275
2260,2253.57,2024-06-12T00:00:00,458
2261,9111.13,2023-09-24T00:00:00,908
2262,7443.89,2024-09-06T00:00:00,664
2263,7711.96,2023-05-06T00:00:00,887
2264,13979.96,2024-09-15T00:00:00,814
2265,4762.29,2023-09-27T00:00:00,350
2266,3616.65,2023-09-22T00:00:00,913
2267,11829.96,2024-11-23T00:00:00,428
2268,17423.72,2023-10-22T00:00:00,531
2269,15342.37,2024-04-24T00:00:00,276
2270,13781.79,2023-04-11T00:00:00,899
2271,3145.08,2024-08-20T00:00:00,29
2272,10540.84,2024-07-08T00:00:00,987
2273,2405.62,2023-09-26T00:00:00,841
2274,9044.55,2023-01-11T00:00:00,483
2275,2221.7,2023-04-06T00:00:00,301
2276,5112.56,2023-03-06T00:00:00,111
2277,7984.27,2023-10-01T00:00:00,423
2278,1161.96,2024-04-25T00:00:00,457
2279,3717.01,2023-07-03T00:00:00,501
2280,7708.99,2024-07-20T00:00:00,681
2281,1835.52,2024-05-04T00:00:00,725
2282,10215.3,2023-04-14T00:00:00,39
2283,16618.1,2024-08-02T00:00:00,294
2284,2679.05,2024-01-10T00:00:00,639
2285,5565.1,2024-08-12T00:00:00,153
2286,9949.21,2023-09-05T00:00:00,206
2287,8508.33,2024-03-20T00:00:00,338
2288,1628.23,2024-09-21T00:00:00,943
2289,6953.3,2024-02-02T00:00:00,248
2290,5669.09,2024-03-28T00:00:00,691
2291,14511.91,2023-03-10T00:00:00,504
2292,7050.91,2023-08-05T00:00:00,806
2293,11220.09,2024-01-02T00:00:00,364
2294,18088.58,2024-03-18T00:00:00,531
2295,1345.65,2024-01-21T00:00:00,740
2296,4383.78,2024-10-17T00:00:00,809
2297,12938.13,2024-07-20T00:00:00,385
2298,11559.61,2023-07-10T00:00:00,329
2299,21450.4,2023-10-10T00:00:00,357
2300,19134.58,2023-09-05T00:00:00,146
2301,7261.51,2023-02-27T00:00:00,803
2302,2956.0,2023-01-28T00:00:00,170
2303,6495.57,2023-07-20T00:00:00,861
2304,8953.92,2023-05-27T00:00:00,272
2305,5951.24,2024-03-24T00:00:00,611
2306,1594.52,2023-04-10T00:00:00,604
2307,8450.09,2024-06-21T00:00:00,349
2308,1838.25,2023-05-22T00:00:00,702
2309,8686.9,2023-07-15T00:00:00,410
2310,411.35,2023-03-21T00:00:00,635
2311,1179.77,2023-04-26T00:00:00,673
2312,8376.13,2024-06-22T00:00:00,573
2313,2200.23,2023-07-30T00:00:00,854
2314,16018.89,2023-07-28T00:00:00,681
2315,2143.74,2024-07-27T00:00:00,965
2316,4879.13,2024-08-15T00:00:00,67
2317,7227.3,2023-06-17T00:00:00,833
2318,9969.25,2024-04-03T00:00:00,269
2319,2746.52,2024-01-08T00:00:00,141
2320,16606.24,2024-05-16T00:00:00,467
2321,3638.06,2023-05-23T00:00:00,462
2322,13050.27,2023-06-30T00:00:00,906
2323,9518.84,2024-05-18T00:00:00,949
2324,19642.58,2024-06-05T00:00:00,400
2325,9881.45,2023-04-24T00:00:00,977
2326,18477.35,2023-11-26T00:00:00,512
2327,1743.32,2023-12-26T00:00:00,923
2328,6498.66,2023-11-03T00:00:00,244
2329,14105.82,2023-09-10T00:00:00,809
2330,17049.09,2023-03-06T00:00:00,208
2331,4246.38,2023-06-15T00:00:00,850
2332,4560.49,2023-03-09T00:00:00,652
2333,14506.43,2024-08-19T00:00:00,288
2334,6171.32,2024-03-22T00:00:00,439
2335,2380.34,2023-02-09T00:00:00,365
2336,1950.72,2024-07-05T00:00:00,306
2337,2773.8,2024-03-26T00:00:00,38
2338,7808.82,2023-06-03T00:00:00,794
2339,6365.35,2023-06-01T00:00:00,414
2340,4594.62,2023-07-24T00:00:00,57
2341,2108.9,2024-04-06T00:00:00,482
2342,6424.37,2023-10-26T00:00:00,212
2343,12803.74,2024-02-20T00:00:00,624
2344,15113.41,2024-02-21T00:00:00,609
2345,5149.36,2023-09-14T00:00:00,517
2346,11483.5,2023-08-24T00:00:00,570
2347,3457.44,2024-02-08T00:00:00,611
2348,9202.75,2023-06-28T00:00:00,279
2349,6236.45,2024-07-15T00:00:00,739
2350,7893.82,2023-04-17T00:00:00,56
2351,7251.72,2023-09-04T00:00:00,717
2352,4387.05,2023-10-12T00:00:00,343
2353,5775.26,2023-02-04T00:00:00,914
2354,7390.75,2023-03-07T00:00:00,544
2355,10419.56,2023-06-30T00:00:00,675
2356,11255.51,2024-01-03T00:00:00,825
2357,8466.51,2024-10-30T00:00:00,898
2358,13552.67,2024-10-27T00:00:00,390
2359,1773.34,2023-08-08T00:00:00,913
2360,8314.74,2023-10-05T00:00:00,291
2361,5815.4,2023-10-15T00:00:00,375
2362,9451.81,2023-11-16T00:00:00,320
2363,4787.96,2023-08-31T00:00:00,433
2364,6941.24,2023-06-22T00:00:00,728
2365,1250.76,2023-10-19T00:00:00,442
2366,3257.74,2023-06-17T00:00:00,371
2367,8234.05,2024-06-02T00:00:00,851
2368,2792.06,2024-07-03T00:00:00,843
2369,11875.75,2023-09-01T00:00:00,616
2370,4323.1,2024-03-23T00:00:00,637
2371,2631.8,2024-06-10T00:00:00,100
2372,2686.67,2023-08-19T00:00:00,447
2373,3307.88,2023-08-26T00:00:00,765
2374,2484.03,2024-08-26T00:00:00,423
2375,6810.8,2023-01-25T00:00:00,499
2376,1561.6,2024-09-11T00:00:00,878
2377,11625.58,2024-09-16T00:00:00,290
2378,5398.72,2024-08-01T00:00:00,488
2379,2190.9,2023-10-31T00:00:00,483
2380,570.3,2023-08-15T00:00:00,214
2381,3917.82,2024-08-04T00:00:00,831
2382,6382.86,2023-08-19T00:00:00,209
2383,12102.98,2024-11-20T00:00:00,267
2384,6625.16,2024-03-22T00:00:00,265
2385,10173.92,2024-02-27T00:00:00,219
2386,17991.01,2024-03-26T00:00:00,799
2387,4741.33,2024-06-29T00:00:00,129
2388,11167.63,2024-05-02T00:00:00,483
2389,1580.55,2024-06-20T00:00:00,658
2390,2630.04,2024-01-22T00:00:00,39
2391,14815.9,2023-09-02T00:00:00,874
2392,1246.57,2023-03-09T00:00:00,309
2393,2418.03,2023-10-17T00:00:00,804
2394,13132.49,2023-03-04T00:00:00,881
2395,1513.5,2023-07-08T00:00:00,670
2396,9515.81,2023-05-16T00:00:00,911
2397,8535.82,2023-06-26T00:00:00,413
2398,3060.04,2024-09-07T00:00:00,17
2399,21.36,2024-04-29T00:00:00,658
2400,21585.26,2023-10-31T00:00:00,692
2401,2501.68,2023-02-20T00:00:00,300
2402,6362.51,2024-05-20T00:00:00,807
2403,7731.25,2023-08-03T00:00:00,326
2404,11333.45,2024-04-23T00:00:00,540
2405,3891.72,2024-11-26T00:00:00,401
2406,4481.99,2024-11-08T00:00:00,931
2407,10176.69,2023-07-12T00:00:00,987
2408,2416.96,2023-03-18T00:00:00,567
2409,7862.92,2023-06-17T00:00:00,476
2410,12443.22,2023-03-01T00:00:00,801
2411,1414.94,2023-02-16T00:00:00,451
2412,11367.86,2024-06-25T00:00:00,427
2413,7538.1,2023-03-05T00:00:00,265
2414,5187.19,2023-08-30T00:00:00,929
2415,7376.83,2023-05-08T00:00:00,284
2416,2220.46,2023-01-30T00:00:00,875
2417,7664.66,2024-01-21T00:00:00,300
2418,9458.07,2023-01-14T00:00:00,458
2419,6123.58,2024-03-13T00:00:00,390
2420,10142.82,2024-08-23T00:00:00,788
2421,10717.1,2024-04-06T00:00:00,869
2422,9848.49,2023-07-26T00:00:00,536
2423,7623.42,2024-10-21T00:00:00,328
2424,7951.63,2023-12-06T00:00:00,455
2425,5226.36,2023-01-04T00:00:00,936
2426,8282.86,2024-06-09T00:00:00,836
2427,5237.96,2023-01-04T00:00:00,1000
2428,2577.53,2023-11-21T00:00:00,195
2429,3359.84,2024-08-27T00:00:00,731
2430,6860.13,2023-11-06T00:00:00,838
2431,3652.75,2023-08-24T00:00:00,176
2432,1542.56,2023-02-06T00:00:00,455
2433,7104.71,2023-11-15T00:00:00,29
2434,8618.38,2024-10-23T00:00:00,390
2435,714.76,2023-12-31T00:00:00,703
2436,5919.44,2024-11-22T00:00:00,877
2437,8454.33,2023-07-25T00:00:00,552
2438,6112.7,2024-03-08T00:00:00,994
2439,4078.11,2023-10-17T00:00:00,148
2440,236.15,2023-10-17T00:00:00,134
2441,1354.02,2024-11-30T00:00:00,70
2442,9975.07,2023-01-12T00:00:00,373
2443,6870.21,2023-01-29T00:00:00,115
2444,3844.92,2023-02-13T00:00:00,842
2445,12882.88,2023-12-19T00:00:00,645
2446,1394.41,2024-07-17T00:00:00,907
2447,8470.73,2023-05-24T00:00:00,458
2448,718.28,2024-10-28T00:00:00,353
2449,16324.14,2024-01-13T00:00:00,96
2450,11616.18,2024-10-11T00:00:00,783
2451,7316.74,2024-06-25T00:00:00,969
2452,10349.12,2023-07-21T00:00:00,463
2453,2233.24,2024-03-11T00:00:00,253
2454,9009.97,2024-05-19T00:00:00,254
2455,1192.92,2023-04-01T00:00:00,590
2456,5997.52,2023-12-23T00:00:00,552
2457,5734.72,2023-01-13T00:00:00,183
2458,2500.65,2024-06-07T00:00:00,42
2459,6935.68,2023-06-08T00:00:00,138
2460,1456.36,2024-11-17T00:00:00,202
2461,9121.43,2024-03-13T00:00:00,349
2462,2379.33,2024-05-09T00:00:00,57
2463,9308.14,2023-09-06T00:00:00,628
2464,1755.9,2023-08-29T00:00:00,823
2465,28.3,2023-02-20T00:00:00,856
2466,1694.85,2024-06-02T00:00:00,721
2467,9547.1,2024-02-18T00:00:00,220
2468,7979.34,2024-10-06T00:00:00,301
2469,13035.69,2024-10-17T00:00:00,916
2470,5187.73,2024-06-21T00:00:00,414
2471,961.23,2024-09-22T00:00:00,275
2472,24486.75,2023-01-24T00:00:00,76
2473,15504.24,2024-02-13T00:00:00,405
2474,10979.88,2024-11-09T00:00:00,18
2475,2119.96,2024-05-22T00:00:00,51
2476,1631.91,2024-02-05T00:00:00,773
2477,2336.27,2024-07-12T00:00:00,772
2478,4301.59,2023-10-25T00:00:00,401
2479,7388.03,2024-01-24T00:00:00,132
2480,7515.83,2024-05-24T00:00:00,234
2481,8403.22,2023-10-23T00:00:00,697
2482,3267.51,2023-04-14T00:00:00,151
2483,10533.77,2024-01-06T00:00:00,928
2484,8700.39,2024-05-16T00:00:00,876
2485,8265.98,2024-06-28T00:00:00,800
2486,8698.32,2024-04-07T00:00:00,543
2487,3832.1,2024-10-06T00:00:00,405
2488,4768.86,2023-01-11T00:00:00,695
2489,8249.25,2023-07-21T00:00:00,433
2490,4301.72,2024-05-28T00:00:00,210
2491,5569.6,2024-10-22T00:00:00,310
2492,14222.85,2024-04-17T00:00:00,429
2493,403.21,2023-05-23T00:00:00,537
2494,3312.69,2023-10-14T00:00:00,75
2495,1425.75,2023-02-28T00:00:00,505
2496,9707.42,2023-03-08T00:00:00,458
2497,9783.27,2023-08-05T00:00:00,130
2498,11067.79,2023-07-16T00:00:00,71
2499,13389.1,2024-07-02T00:00:00,437
2500,6206.46,2024-10-06T00:00:00,104
2501,9501.69,2024-09-11T00:00:00,955
2502,128.27,2024-04-08T00:00:00,652
2503,10060.39,2024-05-03T00:00:00,596
2504,1817.89,2023-05-27T00:00:00,497
2505,19821.32,2023-05-10T00:00:00,822
2506,5308.68,2023-03-25T00:00:00,654
2507,9282.13,2024-07-17T00:00:00,141
2508,10824.46,2023-08-06T00:00:00,281
2509,6764.71,2023-04-22T00:00:00,376
2510,3046.93,2023-01-23T00:00:00,482
2511,10751.83,2024-10-02T00:00:00,132
2512,3999.84,2024-07-14T00:00:00,21
2513,1069.52,2024-04-17T00:00:00,850
2514,5395.37,2023-05-14T00:00:00,236
2515,6440.82,2024-09-09T00:00:00,792
2516,5587.72,2024-11-02T00:00:00,573
2517,10167.02,2023-08-08T00:00:00,568
2518,5023.5,2023-05-24T00:00:00,158
2519,791.86,2024-08-10T00:00:00,284
2520,2160.24,2023-08-03T00:00:00,343
2521,1867.8,2023-12-28T00:00:00,936
2522,20045.25,2023-11-02T00:00:00,913
2523,14780.06,2023-03-29T00:00:00,56
2524,11570.97,2024-05-23T00:00:00,269
2525,9557.8,2023-03-23T00:00:00,732
2526,376.64,2023-08-17T00:00:00,663
2527,3100.79,2024-11-20T00:00:00,443
2528,10349.0,2024-04-23T00:00:00,505
2529,3512.48,2023-12-14T00:00:00,602
2530,6593.15,2024-08-14T00:00:00,256
2531,5549.76,2024-08-22T00:00:00,637
2532,299.82,2023-03-12T00:00:00,66
2533,8696.46,2023-07-16T00:00:00,185
2534,14129.31,2024-03-12T00:00:00,277
2535,10808.71,2023-05-16T00:00:00,387
2536,7006.85,2023-02-05T00:00:00,426
2537,3834.06,2024-01-22T00:00:00,350
2538,8505.1,2023-01-03T00:00:00,565
2539,378.74,2023-04-13T00:00:00,939
2540,13221.08,2024-04-16T00:00:00,293
2541,449.73,2023-04-27T00:00:00,385
2542,6636.84,2023-09-10T00:00:00,13
2543,9095.15,2024-02-07T00:00:00,779
2544,2688.66,2024-10-23T00:00:00,1
2545,8084.1,2023-06-29T00:00:00,452
2546,9064.65,2023-05-26T00:00:00,940
2547,2199.15,2024-01-30T00:00:00,653
2548,10740.73,2023-06-30T00:00:00,539
2549,8967.76,2024-01-24T00:00:00,475
2550,6442.41,2024-04-24T00:00:00,73
2551,2032.1,2023-12-22T00:00:00,797
2552,2887.58,2024-06-27T00:00:00,929
2553,10403.65,2023-03-30T00:00:00,806
2554,10804.93,2023-11-09T00:00:00,382
2555,23016.12,2024-02-15T00:00:00,368
2556,4757.27,2023-08-02T00:00:00,575
2557,5068.02,2023-09-18T00:00:00,347
2558,15482.92,2023-08-19T00:00:00,78
2559,353.19,2023-02-04T00:00:00,73
2560,8513.16,2024-02-09T00:00:00,63
2561,9934.75,2023-03-22T00:00:00,116
2562,7407.04,2023-07-08T00:00:00,462
2563,5044.25,2023-07-06T00:00:00,515
2564,13433.45,2023-06-07T00:00:00,974
2565,1854.46,2024-03-16T00:00:00,257
2566,6552.04,2024-01-11T00:00:00,992
2567,11586.78,2024-05-23T00:00:00,999
2568,8342.47,2024-12-01T00:00:00,522
2569,1050.33,2024-08-28T00:00:00,884
2570,4114.31,2023-07-09T00:00:00,418
2571,3837.42,2024-09-18T00:00:00,197
2572,8014.38,2024-10-14T00:00:00,178
2573,8310.44,2023-10-06T00:00:00,884
2574,470.92,2024-07-13T00:00:00,977
2575,6433.54,2024-02-08T00:00:00,492
2576,5238.98,2024-01-31T00:00:00,826
2577,1281.8,2023-01-20T00:00:00,944
2578,4475.82,2023-08-22T00:00:00,750
2579,3049.86,2024-03-31T00:00:00,552
2580,5697.44,2023-01-24T00:00:00,583
2581,10979.66,2024-01-13T00:00:00,731
2582,10725.34,2023-05-29T00:00:00,417
2583,2738.05,2024-01-24T00:00:00,525
2584,8790.25,2023-11-29T00:00:00,30
2585,2410.72,2024-01-14T00:00:00,320
2586,14247.81,2024-04-20T00:00:00,600
2587,14343.31,2024-07-26T00:00:00,496
2588,10478.26,2023-02-02T00:00:00,355
2589,10043.02,2024-08-21T00:00:00,674
2590,4323.3,2024-03-30T00:00:00,667
2591,11652.61,2023-04-10T00:00:00,926
2592,6135.55,2023-03-24T00:00:00,804
2593,12400.2,2024-06-20T00:00:00,384
2594,1246.57,2024-01-26T00:00:00,491
2595,12929.6,2024-03-25T00:00:00,892
2596,4287.96,2024-03-20T00:00:00,394
2597,4172.18,2023-05-01T00:00:00,953
2598,11117.54,2024-06-23T00:00:00,872
2599,18110.2,2023-02-16T00:00:00,835
2600,13649.92,2024-04-06T00:00:00,730
2601,17643.83,2023-09-25T00:00:00,196
2602,2867.7,2024-05-02T00:00:00,312
2603,23390.79,2023-11-27T00:00:00,745
2604,7468.78,2023-11-20T00:00:00,389
2605,11306.73,2024-07-01T00:00:00,558
2606,10347.77,2023-07-10T00:00:00,433
2607,2295.03,2024-05-07T00:00:00,99
2608,5313.93,2024-02-08T00:00:00,557
2609,18019.37,2023-01-25T00:00:00,938
2610,5994.19,2024-05-10T00:00:00,315
2611,6862.29,2023-09-09T00:00:00,798
2612,5764.4,2023-05-17T00:00:00,864
2613,8291.75,2023-09-27T00:00:00,471
2614,8642.2,2023-03-16T00:00:00,916
2615,7912.95,2024-07-06T00:00:00,733
2616,12656.89,2023-04-18T00:00:00,899
2617,9656.86,2024-06-25T00:00:00,337
2618,18285.66,2023-06-04T00:00:00,403
2619,3603.41,2023-04-30T00:00:00,990
2620,4208.87,2024-06-03T00:00:00,547
2621,10914.97,2024-08-17T00:00:00,404
2622,4915.89,2023-02-14T00:00:00,872
2623,3907.03,2023-06-22T00:00:00,168
2624,17638.6,2024-04-19T00:00:00,317
2625,1423.0,2024-08-05T00:00:00,106
2626,6294.19,2024-03-10T00:00:00,577
2627,12222.42,2024-04-21T00:00:00,803
2628,6348.86,2023-07-30T00:00:00,67
2629,1499.38,2023-04-22T00:00:00,457
2630,7690.56,2024-11-22T00:00:00,252
2631,4792.33,2023-03-19T00:00:00,600
2632,1340.58,2024-10-16T00:00:00,217
2633,6270.7,2024-11-12T00:00:00,182
2634,6941.52,2024-10-15T00:00:00,143
2635,500.13,2024-07-19T00:00:00,855
2636,14809.52,2023-01-14T00:00:00,946
2637,3489.15,2023-02-18T00:00:00,237
2638,1383.26,2023-10-26T00:00:00,509
2639,15060.62,2023-09-18T00:00:00,636
2640,10540.66,2023-10-02T00:00:00,433
2641,56.6,2023-05-14T00:00:00,54
2642,1112.5,2024-08-03T00:00:00,420
2643,282.6,2023-03-24T00:00:00,107
2644,2391.78,2024-05-29T00:00:00,198
2645,4043.16,2024-09-12T00:00:00,614
2646,11406.99,2023-09-26T00:00:00,63
2647,10439.82,2023-11-27T00:00:00,537
2648,478.34,2023-12-24T00:00:00,301
2649,3845.4,2023-03-07T00:00:00,571
2650,8189.52,2023-11-02T00:00:00,102
2651,2868.12,2023-03-06T00:00:00,151
2652,8632.18,2023-08-26T00:00:00,803
2653,1345.8,2024-01-15T00:00:00,645
2654,4798.78,2023-01-04T00:00:00,471
2655,4959.68,2024-11-30T00:00:00,633
2656,6663.54,2024-06-19T00:00:00,693
2657,6943.58,2023-08-08T00:00:00,90
2658,18640.58,2024-09-22T00:00:00,35
2659,6652.51,2023-02-15T00:00:00,470
2660,9896.99,2024-02-18T00:00:00,278
2661,16401.44,2023-07-26T00:00:00,80
2662,13000.26,2024-11-05T00:00:00,859
2663,16112.46,2023-06-07T00:00:00,809
2664,9086.9,2024-09-23T00:00:00,517
2665,5569.91,2024-06-25T00:00:00,645
2666,5641.53,2023-05-30T00:00:00,746
2667,15603.29,2024-05-30T00:00:00,190
2668,6009.44,2024-01-30T00:00:00,29
2669,2956.0,2023-07-05T00:00:00,891
2670,3075.73,2024-11-27T00:00:00,530
2671,12450.13,2024-05-20T00:00:00,28
2672,8496.78,2024-05-24T00:00:00,957
2673,15384.61,2023-02-17T00:00:00,918
2674,939.85,2024-09-22T00:00:00,499
2675,9744.74,2024-06-13T00:00:00,847
2676,3425.32,2024-11-08T00:00:00,785
2677,11649.81,2023-01-23T00:00:00,780
2678,14141.44,2024-06-25T00:00:00,121
2679,10217.14,2023-03-19T00:00:00,38
2680,4423.2,2024-07-23T00:00:00,539
2681,3346.71,2024-10-03T00:00:00,924
2682,20822.62,2023-03-09T00:00:00,606
2683,1690.43,2024-11-30T00:00:00,359
2684,6469.54,2023-07-14T00:00:00,289
2685,9299.85,2024-07-04T00:00:00,717
2686,6204.74,2024-07-25T00:00:00,233
2687,16382.56,2024-01-27T00:00:00,886
2688,9025.46,2024-08-27T00:00:00,721
2689,8483.62,2024-11-07T00:00:00,551
2690,4046.79,2023-01-05T00:00:00,981
2691,3206.35,2023-02-02T00:00:00,719
2692,4440.43,2023-06-22T00:00:00,596
2693,9359.42,2023-10-26T00:00:00,437
2694,7882.43,2024-06-12T00:00:00,123
2695,1875.36,2024-01-15T00:00:00,917
2696,9876.85,2023-11-03T00:00:00,630
2697,11883.78,2024-10-31T00:00:00,111
2698,3392.33,2023-01-04T00:00:00,78
2699,11367.64,2024-03-04T00:00:00,469
2700,12893.13,2023-12-21T00:00:00,30
2701,8639.08,2023-08-08T00:00:00,674
2702,8913.95,2023-04-22T00:00:00,994
2703,8962.75,2023-12-17T00:00:00,526
2704,11932.36,2024-08-28T00:00:00,296
2705,15420.11,2024-11-08T00:00:00,276
2706,4688.08,2023-06-12T00:00:00,545
2707,9366.8,2024-10-16T00:00:00,582
2708,4576.01,2023-01-14T00:00:00,319
2709,3266.31,2023-02-21T00:00:00,443
2710,219.6,2023-11-10T00:00:00,965
2711,4573.53,2024-09-11T00:00:00,614
2712,9668.74,2023-07-04T00:00:00,977
2713,6199.6,2023-07-24T00:00:00,259
2714,9683.11,2024-07-08T00:00:00,931
2715,5746.23,2023-04-23T00:00:00,971
2716,1639.92,2024-01-25T00:00:00,549
2717,86.15,2023-09-17T00:00:00,828
2718,6850.34,2023-02-19T00:00:00,256
2719,8023.67,2023-04-09T00:00:00,624
2720,3354.46,2023-03-13T00:00:00,334
2721,31.14,2024-06-09T00:00:00,652
2722,1224.49,2023-07-28T00:00:00,119
2723,7415.21,2024-08-08T00:00:00,301
2724,3663.6,2024-10-15T00:00:00,460
2725,2527.92,2024-02-01T00:00:00,938
2726,1123.28,2024-07-26T00:00:00,894
2727,11048.39,2023-07-30T00:00:00,210
2728,7605.66,2024-10-03T00:00:00,430
2729,16266.62,2024-01-01T00:00:00,621
2730,2756.63,2024-01-12T00:00:00,294
2731,3597.15,2023-09-21T00:00:00,279
2732,453.99,2024-10-02T00:00:00,543
2733,5015.59,2023-04-23T00:00:00,90
2734,7436.34,2023-06-18T00:00:00,906
2735,10097.39,2024-04-14T00:00:00,804
2736,16707.5,2023-12-29T00:00:00,817
2737,469.8,2023-07-09T00:00:00,99
2738,11528.39,2024-06-28T00:00:00,954
2739,5478.32,2024-10-18T00:00:00,390
2740,3676.12,2023-02-03T00:00:00,583
2741,3929.92,2023-03-09T00:00:00,58
2742,6256.17,2023-10-07T00:00:00,757
2743,24.57,2023-09-11T00:00:00,465
2744,6984.3,2023-06-11T00:00:00,840
2745,7627.31,2023-01-25T00:00:00,922
2746,16120.75,2023-08-25T00:00:00,700
2747,28868.55,2024-04-10T00:00:00,795
2748,14054.41,2024-07-17T00:00:00,743
2749,6923.78,2023-04-26T00:00:00,971
2750,3039.46,2024-07-21T00:00:00,73
2751,8973.98,2024-04-02T00:00:00,74
2752,8455.24,2024-04-18T00:00:00,65
2753,15059.38,2023-04-11T00:00:00,687
2754,6339.32,2024-06-09T00:00:00,948
2755,15568.54,2023-08-26T00:00:00,172
2756,17157.88,2024-11-07T00:00:00,115
2757,15085.46,2023-09-18T00:00:00,765
2758,9040.76,2023-03-14T00:00:00,384
2759,4941.23,2023-05-09T00:00:00,568
2760,3739.14,2023-12-11T00:00:00,516
2761,15024.22,2023-02-12T00:00:00,813
2762,3117.93,2023-02-28T00:00:00,561
2763,12438.56,2024-06-29T00:00:00,33
2764,587.29,2024-04-01T00:00:00,999
2765,6555.24,2023-07-01T00:00:00,451
2766,5860.1,2023-06-25T00:00:00,548
2767,1983.8,2024-06-02T00:00:00,611
2768,4940.02,2023-09-02T00:00:00,344
2769,1171.2,2024-08-07T00:00:00,822
2770,13482.19,2023-05-19T00:00:00,234
2771,965.06,2024-02-14T00:00:00,21
2772,12007.99,2023-12-11T00:00:00,640
2773,8054.68,2024-01-29T00:00:00,80
2774,13012.19,2023-03-10T00:00:00,567
2775,12923.1,2024-01-05T00:00:00,943
2776,9435.0,2023-03-25T00:00:00,901
2777,4547.54,2023-02-09T00:00:00,548
2778,10366.04,2024-01-02T00:00:00,892
2779,19290.24,2023-02-23T00:00:00,578
2780,1999.47,2024-03-29T00:00:00,836
2781,9702.26,2024-11-20T00:00:00,990
2782,5791.98,2023-12-13T00:00:00,31
2783,9683.77,2024-03-07T00:00:00,707
2784,9179.51,2023-08-04T00:00:00,157
2785,1589.99,2023-04-26T00:00:00,59
2786,1347.81,2024-05-14T00:00:00,315
2787,5936.4,2023-08-07T00:00:00,769
2788,10459.43,2024-03-31T00:00:00,403
2789,3270.9,2023-04-01T00:00:00,186
2790,49.68,2023-12-22T00:00:00,870
2791,3395.47,2023-03-11T00:00:00,353
2792,1697.74,2024-06-19T00:00:00,485
2793,7864.81,2024-04-15T00:00:00,334
2794,203.85,2023-06-15T00:00:00,329
2795,1520.88,2023-11-29T00:00:00,565
2796,5816.16,2024-08-25T00:00:00,595
2797,1370.91,2024-04-25T00:00:00,885
2798,11964.0,2023-11-20T00:00:00,594
2799,16896.59,2023-10-06T00:00:00,338
2800,5202.75,2023-12-18T00:00:00,812
2801,14252.53,2023-01-27T00:00:00,678
2802,9004.15,2024-03-05T00:00:00,280
2803,7143.96,2024-04-15T00:00:00,755
2804,5385.42,2023-01-19T00:00:00,835
2805,10152.17,2023-08-12T00:00:00,78
2806,1950.06,2024-09-10T00:00:00,915
2807,12436.25,2023-12-10T00:00:00,57
2808,3326.49,2023-09-14T00:00:00,983
2809,7423.73,2023-07-06T00:00:00,69
2810,2326.16,2024-07-21T00:00:00,39
2811,8344.35,2023-09-27T00:00:00,393
2812,3040.23,2023-12-21T00:00:00,245
2813,5192.98,2024-06-04T00:00:00,414
2814,1181.47,2023-02-03T00:00:00,274
2815,8378.5,2023-06-21T00:00:00,951
2816,3845.28,2023-08-23T00:00:00,684
2817,16629.72,2024-10-05T00:00:00,598
2818,10474.21,2023-10-18T00:00:00,847
2819,14832.72,2024-11-06T00:00:00,892
2820,3987.62,2023-04-20T00:00:00,169
2821,10951.3,2023-06-30T00:00:00,106
2822,9092.2,2024-03-26T00:00:00,390
2823,13117.28,2023-08-31T00:00:00,297
2824,11354.71,2024-08-10T00:00:00,664
2825,8413.02,2024-04-17T00:00:00,224
2826,7832.34,2024-08-16T00:00:00,620
2827,11609.52,2024-03-31T00:00:00,804
2828,2294.24,2024-10-03T00:00:00,39
2829,3898.25,2023-07-21T00:00:00,893
2830,4953.4,2024-10-12T00:00:00,492
2831,14108.23,2024-08-30T00:00:00,664
2832,1558.1,2023-05-13T00:00:00,760
2833,4723.41,2023-11-03T00:00:00,102
2834,5003.04,2023-12-01T00:00:00,603
2835,8917.12,2023-07-15T00:00:00,809
2836,24137.04,2024-10-23T00:00:00,923
2837,2242.12,2023-10-14T00:00:00,425
2838,8040.89,2024-01-12T00:00:00,404
2839,3259.77,2024-09-29T00:00:00,36
2840,9784.4,2024-01-31T00:00:00,240
2841,9441.99,2023-05-20T00:00:00,350
2842,9421.47,2024-03-08T00:00:00,233
2843,3136.08,2024-02-05T00:00:00,804
2844,11591.15,2023-04-16T00:00:00,909
2845,5663.39,2023-03-22T00:00:00,513
2846,15876.43,2024-09-06T00:00:00,690
2847,3668.09,2023-10-08T00:00:00,100
2848,1288.29,2024-01-15T00:00:00,598
2849,6025.61,2024-02-20T00:00:00,117
2850,5458.56,2024-03-12T00:00:00,260
2851,9889.71,2023-07-29T00:00:00,199
2852,9264.43,2024-09-09T00:00:00,904
2853,5493.48,2024-08-08T00:00:00,34
2854,8760.41,2023-02-21T00:00:00,795
2855,6989.74,2023-01-30T00:00:00,28
2856,12094.49,2023-10-14T00:00:00,812
2857,822.68,2023-06-13T00:00:00,551
2858,11002.52,2023-05-30T00:00:00,941
2859,262.43,2024-03-02T00:00:00,519
2860,1425.75,2023-10-25T00:00:00,678
2861,6316.61,2023-08-23T00:00:00,744
2862,2956.75,2024-07-16T00:00:00,236
2863,9558.75,2023-11-10T00:00:00,70
2864,6509.46,2024-11-03T00:00:00,288
2865,5846.6,2023-04-17T00:00:00,763
2866,18696.8,2024-04-01T00:00:00,334
2867,8391.51,2024-01-01T00:00:00,613
2868,6913.18,2023-05-04T00:00:00,575
2869,13882.24,2023-03-29T00:00:00,672
2870,12058.98,2023-01-15T00:00:00,888
2871,5212.43,2024-09-12T00:00:00,846
2872,2387.79,2023-10-18T00:00:00,584
2873,12097.81,2023-07-01T00:00:00,370
2874,12203.42,2023-08-26T00:00:00,538
2875,3604.08,2024-08-12T00:00:00,559
2876,18893.39,2023-04-25T00:00:00,675
2877,5842.88,2024-02-12T00:00:00,154
2878,5320.19,2024-05-02T00:00:00,536
2879,8380.56,2023-12-28T00:00:00,719
2880,6802.93,2024-05-04T00:00:00,648
2881,8064.01,2024-02-28T00:00:00,100
2882,3536.61,2023-05-29T00:00:00,519
2883,10116.45,2023-07-07T00:00:00,562
2884,11905.73,2024-03-28T00:00:00,760
2885,9447.91,2023-08-25T00:00:00,567
2886,6889.36,2023-06-13T00:00:00,599
2887,1673.28,2024-04-16T00:00:00,700
2888,7840.2,2023-08-14T00:00:00,27
2889,14787.62,2024-09-20T00:00:00,812
2890,2158.29,2023-09-04T00:00:00,163
2891,5907.35,2023-08-23T00:00:00,92
2892,11777.12,2024-01-28T00:00:00,845
2893,11954.71,2023-07-16T00:00:00,355
2894,9299.93,2024-09-29T00:00:00,82
2895,8069.56,2024-11-07T00:00:00,114
2896,2453.85,2024-03-30T00:00:00,303
2897,14616.58,2023-06-22T00:00:00,37
2898,7513.8,2023-10-15T00:00:00,553
2899,8677.46,2023-08-24T00:00:00,455
2900,4871.5,2023-04-24T00:00:00,17
2901,6875.18,2024-03-20T00:00:00,697
2902,8048.71,2024-09-14T00:00:00,123
2903,2541.77,2024-08-02T00:00:00,100
2904,4754.69,2023-07-13T00:00:00,223
2905,14066.4,2024-10-05T00:00:00,254
2906,5638.75,2024-08-08T00:00:00,428
2907,12771.99,2024-11-30T00:00:00,901
2908,11093.32,2023-06-21T00:00:00,141
2909,6691.74,2023-10-06T00:00:00,984
2910,11128.11,2024-01-26T00:00:00,544
2911,13150.87,2023-10-21T00:00:00,409
2912,4538.42,2023-08-16T00:00:00,943
2913,20319.3,2023-02-22T00:00:00,109
2914,12826.49,2023-06-23T00:00:00,617
2915,6588.41,2023-08-23T00:00:00,838
2916,1594.52,2024-01-06T00:00:00,717
2917,14049.42,2023-11-12T00:00:00,739
2918,14535.91,2024-10-08T00:00:00,299
2919,10761.43,2024-09-16T00:00:00,217
2920,2770.49,2024-05-30T00:00:00,746
2921,6928.5,2023-08-02T00:00:00,699
2922,24248.74,2023-03-12T00:00:00,815
2923,11235.5,2023-02-09T00:00:00,394
2924,9117.56,2023-02-13T00:00:00,645
2925,7793.88,2023-09-16T00:00:00,698
2926,2300.5,2023-11-26T00:00:00,52
2927,5241.78,2024-04-28T00:00:00,905
2928,371.26,2023-10-04T00:00:00,157
2929,16414.89,2023-08-29T00:00:00,552
2930,5427.25,2023-08-17T00:00:00,145
2931,10340.4,2024-11-28T00:00:00,122
2932,13491.19,2023-12-19T00:00:00,732
2933,13542.64,2024-09-08T00:00:00,553
2934,11683.6,2023-01-18T00:00:00,695
2935,6139.34,2024-09-16T00:00:00,345
2936,4904.09,2023-04-16T00:00:00,42
2937,4718.8,2023-08-16T00:00:00,927
2938,13361.82,2023-03-24T00:00:00,849
2939,6602.56,2023-04-24T00:00:00,787
2940,9124.34,2024-11-10T00:00:00,782
2941,8612.14,2024-03-27T00:00:00,204
2942,15639.54,2024-08-02T00:00:00,705
2943,445.0,2023-11-04T00:00:00,502
2944,2110.36,2023-01-28T00:00:00,305
2945,2896.29,2024-03-18T00:00:00,406
2946,1134.99,2024-03-16T00:00:00,804
2947,12711.61,2024-01-06T00:00:00,238
2948,8239.2,2024-01-24T00:00:00,261
2949,1140.12,2024-04-02T00:00:00,689
2950,5453.88,2023-12-13T00:00:00,139
2951,9501.74,2023-09-17T00:00:00,101
2952,3856.45,2024-10-16T00:00:00,202
2953,9424.12,2023-04-19T00:00:00,374
2954,579.76,2023-08-04T00:00:00,576
2955,5914.59,2023-04-29T00:00:00,562
2956,18012.87,2023-06-15T00:00:00,47
2957,5762.72,2023-10-22T00:00:00,538
2958,5736.24,2024-03-14T00:00:00,347
2959,6148.2,2023-09-29T00:00:00,465
2960,16203.55,2023-02-05T00:00:00,683
2961,4350.6,2023-02-02T00:00:00,830
2962,11924.7,2024-08-20T00:00:00,352
2963,4723.88,2023-02-02T00:00:00,310
2964,3229.08,2023-08-04T00:00:00,693
2965,20473.0,2023-05-05T00:00:00,956
2966,10468.72,2023-09-03T00:00:00,469
2967,4613.2,2023-12-26T00:00:00,760
2968,9008.17,2024-07-22T00:00:00,994
2969,8539.9,2023-02-17T00:00:00,874
2970,1507.04,2023-08-28T00:00:00,522
2971,14153.48,2023-12-16T00:00:00,318
2972,7008.3,2024-09-04T00:00:00,701
2973,4361.64,2024-04-29T00:00:00,590
2974,786.88,2024-05-09T00:00:00,958
2975,8313.54,2024-09-22T00:00:00,378
2976,23409.01,2023-06-20T00:00:00,611
2977,1076.36,2023-07-25T00:00:00,86
2978,15996.28,2023-02-16T00:00:00,2
2979,12108.67,2023-11-25T00:00:00,61
2980,4343.91,2023-08-31T00:00:00,476
2981,10067.1,2023-12-12T00:00:00,119
2982,1710.39,2024-10-01T00:00:00,43
2983,3111.51,2024-03-12T00:00:00,990
2984,5348.0,2024-02-06T00:00:00,828
2985,12515.08,2023-12-31T00:00:00,276
2986,15208.21,2023-07-12T00:00:00,742
2987,2639.91,2023-06-23T00:00:00,104
2988,10183.29,2023-01-06T00:00:00,97
2989,15376.02,2024-02-27T00:00:00,697
2990,12764.1,2023-05-29T00:00:00,415
2991,1385.84,2024-03-13T00:00:00,674
2992,15847.35,2023-03-01T00:00:00,174
2993,6641.94,2023-08-18T00:00:00,630
2994,13228.9,2024-03-14T00:00:00,174
2995,3417.05,2024-01-14T00:00:00,55
2996,5457.09,2024-05-31T00:00:00,202
2997,6435.31,2024-08-05T00:00:00,5
2998,801.65,2023-10-26T00:00:00,465
2999,3418.22,2024-11-15T00:00:00,429
3000,14872.46,2023-01-03T00:00:00,18
