id,order_id,product_id,quantity
1,1,386,2
2,2,19,1
3,3,235,3
4,3,357,1
5,3,82,5
6,3,485,1
7,4,9,5
8,4,216,3
9,4,277,5
10,4,329,1
11,5,93,1
12,5,224,2
13,5,158,1
14,5,165,2
15,6,417,4
16,6,276,1
17,6,439,5
18,6,123,5
19,7,86,5
20,7,9,3
21,8,254,2
22,9,494,3
23,9,31,1
24,10,452,5
25,11,5,1
26,11,388,1
27,12,172,3
28,12,40,5
29,12,362,4
30,12,5,1
31,13,23,4
32,13,221,4
33,14,342,3
34,14,391,4
35,14,350,4
36,14,79,2
37,15,144,2
38,16,249,1
39,16,449,2
40,17,170,2
41,17,360,5
42,18,348,5
43,18,480,1
44,19,115,4
45,20,484,4
46,21,54,4
47,21,182,1
48,21,308,1
49,22,405,5
50,22,280,1
51,22,16,3
52,23,189,1
53,23,115,3
54,24,379,3
55,24,119,1
56,25,389,2
57,25,334,3
58,25,32,4
59,26,402,3
60,26,156,1
61,26,480,1
62,26,239,2
63,27,30,2
64,27,63,4
65,28,400,2
66,28,46,4
67,29,460,4
68,30,91,4
69,30,423,4
70,30,393,3
71,30,413,1
72,31,245,1
73,32,332,1
74,32,460,3
75,32,50,3
76,33,426,4
77,33,406,1
78,33,321,4
79,33,244,2
80,34,6,4
81,34,408,4
82,35,258,3
83,35,283,2
84,35,221,1
85,36,69,3
86,37,80,5
87,38,290,4
88,39,10,5
89,40,290,4
90,41,307,1
91,42,228,1
92,43,64,5
93,43,145,4
94,43,327,5
95,43,427,5
96,44,333,4
97,45,426,4
98,46,190,1
99,46,390,2
100,46,76,3
101,46,322,1
102,47,26,4
103,47,89,2
104,48,69,5
105,48,454,1
106,48,276,5
107,49,290,5
108,49,420,2
109,50,300,2
110,50,184,3
111,50,324,4
112,51,195,2
113,51,406,1
114,51,394,3
115,52,345,3
116,52,489,2
117,52,386,3
118,53,388,5
119,53,302,4
120,53,250,1
121,53,149,1
122,54,222,2
123,55,314,5
124,55,100,1
125,56,68,1
126,56,450,2
127,56,328,5
128,56,317,3
129,57,491,1
130,57,311,5
131,57,113,5
132,58,366,5
133,58,314,1
134,58,417,1
135,59,354,5
136,59,74,2
137,60,266,5
138,60,497,1
139,60,251,1
140,60,243,5
141,61,163,1
142,61,6,1
143,61,183,1
144,61,406,4
145,62,84,3
146,62,21,2
147,62,499,5
148,62,439,5
149,63,194,2
150,64,89,3
151,64,345,3
152,64,456,5
153,64,473,1
154,65,467,4
155,65,45,4
156,66,151,3
157,66,430,5
158,67,494,5
159,67,239,5
160,67,88,4
161,68,104,3
162,68,246,2
163,68,223,2
164,69,362,3
165,69,421,1
166,69,150,3
167,69,311,3
168,70,61,4
169,70,104,2
170,71,498,2
171,71,128,2
172,71,262,5
173,71,476,4
174,72,343,3
175,72,460,4
176,72,414,3
177,72,333,1
178,73,472,1
179,74,314,3
180,75,134,5
181,75,27,3
182,76,155,2
183,76,166,3
184,77,97,5
185,78,316,1
186,79,421,5
187,79,9,2
188,79,342,4
189,80,67,5
190,80,282,5
191,81,77,2
192,82,129,5
193,82,164,3
194,83,242,1
195,83,2,2
196,83,416,1
197,84,433,3
198,84,440,2
199,85,228,5
200,85,150,3
201,86,459,4
202,86,318,1
203,86,68,3
204,87,286,3
205,87,472,4
206,87,454,1
207,88,347,5
208,88,218,4
209,88,310,5
210,88,159,3
211,89,450,5
212,90,463,2
213,91,162,3
214,91,126,5
215,91,124,3
216,92,366,5
217,92,435,2
218,92,245,3
219,93,271,1
220,94,2,2
221,94,407,4
222,95,256,1
223,95,413,3
224,96,489,2
225,97,249,5
226,98,114,4
227,98,369,4
228,99,446,2
229,99,3,2
230,99,404,5
231,99,49,5
232,100,234,5
233,100,402,5
234,101,495,3
235,102,396,4
236,103,31,2
237,103,286,5
238,103,411,4
239,104,297,4
240,104,52,5
241,104,449,5
242,105,25,5
243,106,209,5
244,106,380,4
245,106,137,2
246,106,14,4
247,107,170,1
248,107,1,1
249,108,18,2
250,109,169,5
251,109,149,4
252,109,420,2
253,109,267,3
254,110,85,5
255,110,80,3
256,110,405,3
257,110,198,3
258,111,398,2
259,111,408,1
260,111,304,4
261,112,264,1
262,113,335,3
263,113,207,2
264,114,3,5
265,114,484,4
266,114,6,5
267,115,371,3
268,115,451,2
269,115,231,4
270,115,205,1
271,116,388,2
272,117,78,1
273,117,494,3
274,117,295,4
275,118,153,3
276,118,451,4
277,118,178,1
278,118,264,3
279,119,249,4
280,119,267,2
281,120,233,2
282,120,124,1
283,120,214,5
284,120,39,2
285,121,32,1
286,122,287,3
287,122,102,2
288,123,369,2
289,123,170,5
290,123,1,2
291,123,296,2
292,124,236,3
293,124,371,2
294,125,296,2
295,125,186,4
296,126,369,4
297,127,432,4
298,127,114,4
299,127,45,4
300,127,125,2
301,128,187,2
302,128,190,2
303,128,97,5
304,129,249,5
305,130,490,1
306,130,495,4
307,131,452,5
308,132,286,3
309,132,18,4
310,132,253,2
311,133,443,4
312,133,82,4
313,133,81,1
314,133,363,2
315,134,241,1
316,134,363,5
317,135,345,5
318,135,24,4
319,135,24,5
320,136,2,4
321,136,391,2
322,136,74,4
323,136,341,2
324,137,236,3
325,137,402,2
326,137,38,2
327,137,388,5
328,138,4,4
329,138,227,1
330,138,24,3
331,139,64,4
332,139,351,4
333,139,74,2
334,139,57,3
335,140,3,4
336,140,286,3
337,140,112,3
338,141,148,5
339,141,134,2
340,141,10,3
341,142,339,2
342,142,190,3
343,142,100,4
344,143,364,2
345,143,482,5
346,143,424,2
347,144,219,3
348,144,156,5
349,145,464,5
350,145,24,4
351,145,181,2
352,146,414,3
353,146,379,4
354,146,237,5
355,146,457,5
356,147,16,3
357,147,254,1
358,148,67,1
359,149,92,4
360,150,430,3
361,150,109,4
362,150,145,4
363,150,405,1
364,151,212,4
365,151,96,5
366,151,80,5
367,152,456,3
368,152,302,1
369,153,351,4
370,153,30,5
371,154,379,1
372,155,162,2
373,156,423,3
374,156,97,4
375,156,10,5
376,156,137,2
377,157,41,4
378,157,37,4
379,157,15,4
380,158,429,4
381,158,174,3
382,158,181,1
383,159,99,2
384,159,356,5
385,160,431,1
386,161,93,5
387,162,71,3
388,163,462,3
389,163,111,4
390,163,37,1
391,163,418,2
392,164,91,3
393,164,239,4
394,165,299,5
395,165,217,4
396,165,381,1
397,166,500,1
398,167,290,1
399,167,131,3
400,168,201,2
401,168,110,5
402,168,394,1
403,169,161,4
404,169,84,3
405,169,44,1
406,169,211,3
407,170,224,5
408,170,216,1
409,170,208,5
410,171,254,5
411,172,204,3
412,172,42,2
413,173,93,1
414,173,221,4
415,173,260,5
416,174,408,3
417,175,368,1
418,176,379,5
419,176,90,3
420,176,349,4
421,176,290,2
422,177,311,3
423,177,215,2
424,177,361,4
425,177,438,5
426,178,282,4
427,178,280,3
428,179,273,1
429,179,149,4
430,179,341,2
431,180,76,4
432,180,442,5
433,181,379,4
434,181,486,2
435,181,478,4
436,182,171,1
437,182,97,2
438,182,436,1
439,182,134,2
440,183,22,1
441,183,157,1
442,183,215,5
443,183,4,4
444,184,87,5
445,184,494,4
446,184,97,3
447,184,401,4
448,185,252,2
449,185,253,3
450,185,241,1
451,186,204,5
452,186,173,5
453,187,169,4
454,188,261,3
455,189,471,3
456,189,396,5
457,190,88,5
458,190,345,5
459,190,401,4
460,191,324,1
461,192,377,4
462,192,292,2
463,193,473,1
464,193,114,2
465,193,345,4
466,193,434,2
467,194,108,2
468,195,231,4
469,195,175,1
470,196,322,3
471,196,85,1
472,196,173,5
473,197,455,4
474,197,23,3
475,197,438,4
476,198,3,4
477,199,191,5
478,199,34,2
479,200,195,1
480,200,477,4
481,200,391,3
482,201,283,2
483,201,287,1
484,201,32,4
485,202,79,4
486,202,23,2
487,202,278,3
488,203,30,1
489,204,93,3
490,205,448,5
491,206,163,2
492,206,443,2
493,206,379,1
494,207,56,4
495,207,408,3
496,207,109,5
497,208,390,2
498,208,477,3
499,208,163,4
500,208,370,5
501,209,170,5
502,210,482,2
503,210,83,1
504,210,459,3
505,211,418,4
506,211,95,4
507,212,74,3
508,212,192,3
509,212,260,3
510,213,214,2
511,214,302,5
512,214,307,2
513,214,204,4
514,215,365,4
515,215,151,4
516,215,237,3
517,215,206,4
518,216,222,4
519,216,358,4
520,217,365,3
521,218,285,2
522,218,278,1
523,218,206,1
524,218,142,3
525,219,126,3
526,219,313,2
527,219,118,3
528,220,435,1
529,220,270,1
530,221,240,2
531,221,213,3
532,221,361,4
533,221,204,3
534,222,273,1
535,222,499,5
536,222,12,5
537,222,102,5
538,223,86,5
539,223,59,5
540,223,310,2
541,224,327,1
542,224,269,2
543,224,233,4
544,225,309,3
545,225,22,1
546,225,220,2
547,226,329,5
548,227,183,5
549,227,482,3
550,228,117,3
551,228,39,4
552,228,371,4
553,228,34,3
554,229,6,4
555,230,453,4
556,230,74,4
557,231,141,1
558,231,59,4
559,231,15,3
560,232,204,4
561,233,294,5
562,233,425,5
563,233,329,3
564,233,486,5
565,234,16,5
566,234,199,2
567,235,242,2
568,235,410,2
569,235,62,3
570,235,84,4
571,236,432,2
572,236,95,3
573,236,286,2
574,236,285,3
575,237,343,4
576,237,138,1
577,238,360,5
578,238,400,5
579,239,100,2
580,239,256,4
581,240,31,5
582,240,257,2
583,240,330,3
584,240,208,3
585,241,203,1
586,241,158,4
587,242,185,3
588,242,338,5
589,242,253,4
590,242,191,4
591,243,101,1
592,244,319,2
593,244,485,3
594,244,472,5
595,245,228,5
596,246,239,1
597,246,90,1
598,246,338,5
599,247,325,1
600,247,398,5
601,247,300,1
602,248,400,5
603,249,263,5
604,249,53,5
605,250,137,1
606,251,190,4
607,251,299,3
608,251,103,2
609,251,393,1
610,252,1,1
611,252,315,5
612,253,170,5
613,254,298,2
614,254,304,1
615,254,487,3
616,254,333,1
617,255,124,2
618,255,117,3
619,256,153,3
620,256,58,3
621,256,404,3
622,256,255,4
623,257,337,3
624,257,139,3
625,258,405,5
626,259,381,3
627,259,153,2
628,259,206,5
629,260,197,1
630,261,63,2
631,261,274,4
632,261,139,5
633,261,498,4
634,262,135,5
635,262,378,4
636,263,450,5
637,264,340,1
638,265,335,3
639,265,42,2
640,266,221,2
641,266,6,5
642,266,215,2
643,267,156,3
644,267,4,5
645,267,189,1
646,268,398,2
647,269,315,1
648,269,179,5
649,269,156,2
650,270,339,2
651,270,30,3
652,270,498,1
653,271,127,1
654,271,227,2
655,271,141,2
656,271,124,5
657,272,335,1
658,272,191,4
659,272,383,2
660,272,48,3
661,273,202,1
662,273,109,3
663,273,397,4
664,273,14,2
665,274,214,5
666,275,9,4
667,275,235,2
668,276,344,5
669,276,184,1
670,276,92,5
671,276,221,3
672,277,463,4
673,277,222,4
674,277,153,3
675,277,372,1
676,278,213,5
677,278,96,3
678,279,492,2
679,279,379,5
680,279,477,1
681,280,398,5
682,280,322,3
683,280,26,1
684,281,439,1
685,281,58,2
686,281,407,3
687,281,263,2
688,282,274,2
689,283,317,2
690,283,482,1
691,283,125,2
692,283,38,1
693,284,360,5
694,284,165,2
695,285,493,1
696,285,489,5
697,285,164,4
698,285,437,4
699,286,441,4
700,287,435,3
701,288,274,3
702,289,238,4
703,289,498,5
704,289,377,2
705,290,222,5
706,290,110,2
707,290,51,1
708,291,338,4
709,291,183,4
710,291,234,5
711,291,77,1
712,292,23,5
713,292,225,1
714,292,371,3
715,293,230,3
716,294,16,2
717,294,95,3
718,294,99,3
719,295,383,4
720,295,139,2
721,295,31,4
722,295,220,5
723,296,102,2
724,296,422,3
725,296,437,4
726,297,257,5
727,297,361,4
728,297,169,5
729,297,318,5
730,298,214,3
731,299,388,4
732,299,2,2
733,299,326,4
734,300,385,1
735,300,385,5
736,300,150,1
737,300,367,5
738,301,72,3
739,301,332,5
740,302,481,3
741,302,470,1
742,302,117,2
743,302,372,4
744,303,58,3
745,304,460,5
746,304,275,4
747,304,271,4
748,305,359,5
749,305,50,4
750,305,137,1
751,305,181,4
752,306,482,1
753,306,407,1
754,306,426,4
755,306,401,5
756,307,322,5
757,307,204,5
758,307,353,4
759,308,486,5
760,308,22,2
761,308,156,2
762,308,53,2
763,309,339,4
764,310,243,5
765,311,43,4
766,312,67,1
767,312,406,3
768,312,20,3
769,312,437,4
770,313,427,1
771,313,485,3
772,313,240,5
773,314,452,3
774,314,328,3
775,314,84,4
776,315,226,5
777,315,271,4
778,315,48,1
779,316,429,2
780,316,419,4
781,317,287,5
782,317,224,1
783,317,226,3
784,318,274,4
785,319,188,1
786,320,447,2
787,321,41,4
788,322,129,3
789,322,153,5
790,322,383,2
791,322,76,1
792,323,431,4
793,323,466,5
794,323,93,3
795,324,347,1
796,324,483,1
797,324,330,1
798,324,75,1
799,325,59,4
800,325,290,2
801,326,125,4
802,326,231,3
803,326,15,2
804,327,487,3
805,327,159,3
806,327,278,3
807,328,470,2
808,328,413,5
809,328,267,1
810,329,31,2
811,329,129,5
812,329,18,2
813,330,58,3
814,330,330,3
815,331,421,3
816,332,396,2
817,332,267,5
818,332,497,3
819,333,390,5
820,333,163,1
821,333,193,4
822,333,339,3
823,334,242,2
824,334,251,1
825,335,8,5
826,335,444,4
827,335,265,5
828,336,240,1
829,336,157,3
830,336,241,4
831,337,85,4
832,338,378,4
833,338,143,4
834,338,158,2
835,339,314,2
836,339,172,3
837,340,45,5
838,340,490,1
839,341,407,4
840,341,198,4
841,341,310,3
842,341,280,2
843,342,231,3
844,343,142,2
845,344,328,3
846,344,219,5
847,345,175,1
848,345,404,4
849,345,470,3
850,345,261,3
851,346,225,1
852,346,455,3
853,346,166,5
854,346,52,3
855,347,185,3
856,347,498,2
857,348,97,3
858,348,131,5
859,348,226,5
860,348,457,3
861,349,97,5
862,349,44,2
863,349,96,4
864,349,268,5
865,350,32,4
866,351,392,3
867,352,97,1
868,352,438,4
869,353,34,1
870,353,361,2
871,353,333,4
872,354,457,5
873,355,87,5
874,355,188,3
875,355,135,3
876,355,298,2
877,356,28,2
878,357,269,3
879,357,469,5
880,357,6,3
881,357,350,4
882,358,311,3
883,359,18,3
884,359,498,1
885,359,163,2
886,360,172,3
887,360,451,3
888,361,18,1
889,361,157,4
890,361,499,4
891,361,114,4
892,362,366,3
893,362,76,3
894,362,40,3
895,363,438,4
896,364,399,4
897,364,313,1
898,365,210,5
899,366,422,3
900,366,207,5
901,366,221,5
902,367,453,1
903,367,317,2
904,368,213,3
905,368,202,3
906,368,22,1
907,369,282,1
908,369,418,4
909,369,434,3
910,370,134,2
911,371,226,2
912,371,329,3
913,371,352,3
914,372,131,5
915,372,401,5
916,372,182,4
917,372,164,4
918,373,145,1
919,374,472,3
920,375,421,5
921,375,343,4
922,375,292,3
923,375,322,3
924,376,41,5
925,376,357,3
926,377,155,3
927,378,141,1
928,378,56,4
929,378,214,1
930,379,488,1
931,380,119,2
932,380,207,5
933,381,17,1
934,381,500,3
935,382,258,5
936,382,350,3
937,382,28,3
938,382,331,3
939,383,207,1
940,383,130,5
941,384,423,5
942,384,90,1
943,384,134,2
944,384,103,2
945,385,446,2
946,385,175,3
947,385,340,3
948,386,291,5
949,386,410,3
950,386,415,5
951,386,155,3
952,387,114,3
953,387,273,2
954,387,451,5
955,387,251,3
956,388,75,5
957,389,67,3
958,389,305,5
959,390,392,5
960,390,200,1
961,390,448,4
962,390,390,4
963,391,462,5
964,391,147,5
965,392,271,3
966,393,187,3
967,393,73,4
968,393,470,5
969,393,392,3
970,394,312,4
971,395,186,5
972,395,175,4
973,396,417,1
974,396,471,4
975,397,19,4
976,397,61,1
977,398,275,4
978,398,229,5
979,398,307,3
980,399,483,4
981,399,288,4
982,399,224,1
983,399,256,2
984,400,81,4
985,401,289,2
986,401,119,4
987,401,406,4
988,401,135,1
989,402,445,2
990,402,35,3
991,402,319,4
992,402,83,3
993,403,305,4
994,404,183,1
995,404,374,5
996,404,195,3
997,404,442,5
998,405,351,4
999,405,212,3
1000,405,365,1
1001,405,413,5
1002,406,234,3
1003,407,295,4
1004,408,459,4
1005,409,433,1
1006,409,149,3
1007,409,392,2
1008,410,164,5
1009,411,288,3
1010,412,251,3
1011,412,162,1
1012,412,30,1
1013,412,70,1
1014,413,360,3
1015,413,6,3
1016,413,4,5
1017,414,128,3
1018,414,351,1
1019,414,191,2
1020,414,377,2
1021,415,26,2
1022,415,249,4
1023,415,69,4
1024,415,60,2
1025,416,195,1
1026,416,65,2
1027,416,22,1
1028,417,138,3
1029,417,330,5
1030,417,343,4
1031,418,123,5
1032,418,453,1
1033,418,276,1
1034,419,70,5
1035,419,219,4
1036,420,271,2
1037,420,298,3
1038,420,182,3
1039,420,177,1
1040,421,427,4
1041,421,375,1
1042,421,397,2
1043,421,493,5
1044,422,434,1
1045,423,205,5
1046,423,385,1
1047,424,314,1
1048,424,191,1
1049,424,246,3
1050,424,31,5
1051,425,495,3
1052,426,146,4
1053,426,142,5
1054,426,408,2
1055,427,49,5
1056,427,65,5
1057,427,199,4
1058,427,326,5
1059,428,219,1
1060,429,484,3
1061,429,439,4
1062,430,385,3
1063,430,109,2
1064,431,454,4
1065,432,26,5
1066,432,263,5
1067,432,237,2
1068,433,394,3
1069,434,429,5
1070,434,135,4
1071,434,499,4
1072,434,324,1
1073,435,72,1
1074,436,372,4
1075,436,357,5
1076,436,385,2
1077,436,436,2
1078,437,253,2
1079,437,335,3
1080,437,351,3
1081,438,311,2
1082,438,460,2
1083,438,47,5
1084,438,191,1
1085,439,423,3
1086,439,460,2
1087,440,495,3
1088,440,106,1
1089,440,142,3
1090,440,10,1
1091,441,235,4
1092,441,78,4
1093,441,26,1
1094,441,350,1
1095,442,303,2
1096,442,478,5
1097,442,268,2
1098,442,213,4
1099,443,301,1
1100,443,318,2
1101,444,405,3
1102,444,491,5
1103,444,144,1
1104,444,278,1
1105,445,486,1
1106,445,17,5
1107,446,179,5
1108,446,486,3
1109,446,120,3
1110,446,163,2
1111,447,494,1
1112,447,169,2
1113,447,335,1
1114,447,230,4
1115,448,39,2
1116,448,472,5
1117,448,272,5
1118,448,372,1
1119,449,158,2
1120,449,80,5
1121,449,157,1
1122,450,143,2
1123,450,300,2
1124,450,146,4
1125,451,27,4
1126,451,209,3
1127,451,145,2
1128,451,110,3
1129,452,378,4
1130,452,164,5
1131,452,104,2
1132,452,116,4
1133,453,70,3
1134,453,389,4
1135,454,444,2
1136,454,156,5
1137,454,412,5
1138,455,349,5
1139,455,274,2
1140,455,469,5
1141,456,184,4
1142,456,323,5
1143,456,143,4
1144,457,396,5
1145,457,331,4
1146,458,63,1
1147,459,21,1
1148,459,399,4
1149,459,500,3
1150,460,485,5
1151,460,218,3
1152,460,281,2
1153,461,40,5
1154,461,434,1
1155,462,183,1
1156,463,409,2
1157,464,180,2
1158,464,34,1
1159,464,403,3
1160,464,40,5
1161,465,315,2
1162,465,147,1
1163,465,224,4
1164,466,80,2
1165,466,460,2
1166,467,8,4
1167,467,23,5
1168,467,456,5
1169,467,396,1
1170,468,66,2
1171,468,473,1
1172,468,398,3
1173,468,126,5
1174,469,393,2
1175,469,257,2
1176,469,261,3
1177,469,363,5
1178,470,445,4
1179,471,377,3
1180,471,340,3
1181,472,320,3
1182,473,198,2
1183,473,47,1
1184,473,105,3
1185,474,77,5
1186,474,435,2
1187,474,311,1
1188,474,80,5
1189,475,202,4
1190,475,172,4
1191,475,228,4
1192,475,447,4
1193,476,497,5
1194,476,295,4
1195,476,9,5
1196,476,342,4
1197,477,356,1
1198,478,336,2
1199,479,475,5
1200,479,182,5
1201,479,300,1
1202,479,272,1
1203,480,266,1
1204,480,459,1
1205,480,87,3
1206,481,488,4
1207,481,476,2
1208,482,60,4
1209,482,279,5
1210,482,60,1
1211,482,140,5
1212,483,394,3
1213,483,356,4
1214,484,405,3
1215,484,214,1
1216,485,486,5
1217,485,149,2
1218,485,320,5
1219,486,449,4
1220,487,51,4
1221,488,160,2
1222,489,465,4
1223,489,222,1
1224,489,404,3
1225,490,143,5
1226,490,451,4
1227,490,276,2
1228,491,9,1
1229,491,116,4
1230,491,249,2
1231,492,291,2
1232,492,149,4
1233,492,114,1
1234,492,229,2
1235,493,460,4
1236,493,213,3
1237,493,428,2
1238,494,200,4
1239,494,169,4
1240,494,127,2
1241,495,12,3
1242,495,427,1
1243,495,36,4
1244,495,352,2
1245,496,31,4
1246,496,314,4
1247,496,180,2
1248,496,203,2
1249,497,480,5
1250,497,350,1
1251,497,121,1
1252,497,236,5
1253,498,487,4
1254,498,483,3
1255,498,390,3
1256,499,302,1
1257,499,241,1
1258,500,167,4
1259,501,187,4
1260,502,304,3
1261,502,22,2
1262,502,287,1
1263,503,15,1
1264,503,369,5
1265,503,117,2
1266,504,1,2
1267,505,296,2
1268,505,356,3
1269,505,348,5
1270,505,151,5
1271,506,473,3
1272,506,302,5
1273,506,149,5
1274,506,96,3
1275,507,299,4
1276,508,116,4
1277,508,56,4
1278,508,156,1
1279,508,151,1
1280,509,413,4
1281,509,438,4
1282,509,404,2
1283,509,184,4
1284,510,202,2
1285,510,248,4
1286,510,306,2
1287,510,180,2
1288,511,13,2
1289,511,106,5
1290,512,131,1
1291,513,341,5
1292,513,232,5
1293,513,72,5
1294,513,53,4
1295,514,244,5
1296,515,334,3
1297,515,58,5
1298,516,37,3
1299,516,442,4
1300,516,235,5
1301,516,204,3
1302,517,451,1
1303,517,292,3
1304,517,160,1
1305,517,275,5
1306,518,329,3
1307,519,33,4
1308,520,222,2
1309,520,107,1
1310,520,480,5
1311,520,286,1
1312,521,152,1
1313,522,180,2
1314,522,17,1
1315,523,53,1
1316,524,328,2
1317,524,256,5
1318,524,82,5
1319,524,220,3
1320,525,90,4
1321,525,476,5
1322,525,48,2
1323,525,194,2
1324,526,30,4
1325,526,131,2
1326,526,360,4
1327,527,424,4
1328,528,50,3
1329,529,422,5
1330,529,207,2
1331,529,83,4
1332,529,186,3
1333,530,372,1
1334,531,408,5
1335,531,49,2
1336,532,368,5
1337,533,6,4
1338,533,43,3
1339,533,454,4
1340,533,175,5
1341,534,352,3
1342,534,428,3
1343,535,373,2
1344,535,109,5
1345,536,330,2
1346,536,68,1
1347,537,346,3
1348,537,173,3
1349,537,266,1
1350,537,113,1
1351,538,266,1
1352,538,11,1
1353,539,314,2
1354,539,385,4
1355,539,252,3
1356,539,405,2
1357,540,89,5
1358,541,144,5
1359,541,51,2
1360,541,180,5
1361,542,159,3
1362,542,459,5
1363,542,12,2
1364,543,477,5
1365,543,235,2
1366,543,218,2
1367,543,404,3
1368,544,241,2
1369,544,363,4
1370,544,451,4
1371,544,439,2
1372,545,391,4
1373,545,297,5
1374,546,36,1
1375,546,144,1
1376,546,441,1
1377,546,490,1
1378,547,157,1
1379,547,248,4
1380,548,360,5
1381,548,298,3
1382,548,47,5
1383,549,50,1
1384,549,495,2
1385,550,213,3
1386,550,223,5
1387,550,15,2
1388,550,62,4
1389,551,462,1
1390,551,37,4
1391,552,323,5
1392,553,66,5
1393,554,257,5
1394,554,421,1
1395,555,268,1
1396,555,489,5
1397,556,371,1
1398,556,322,1
1399,556,10,1
1400,556,399,4
1401,557,303,4
1402,557,476,1
1403,558,286,2
1404,558,192,2
1405,559,259,5
1406,559,311,3
1407,559,109,5
1408,560,146,4
1409,560,5,2
1410,561,315,2
1411,562,438,5
1412,562,217,3
1413,563,338,5
1414,563,305,4
1415,564,407,1
1416,565,4,5
1417,566,226,5
1418,567,162,3
1419,567,490,2
1420,567,115,5
1421,568,357,2
1422,568,7,2
1423,568,59,3
1424,568,306,2
1425,569,427,5
1426,569,119,5
1427,569,157,4
1428,570,208,1
1429,570,386,1
1430,570,106,4
1431,570,251,5
1432,571,132,4
1433,571,450,4
1434,571,90,3
1435,572,141,3
1436,572,65,2
1437,573,13,3
1438,573,156,4
1439,573,193,4
1440,574,408,3
1441,575,260,5
1442,575,147,5
1443,575,101,3
1444,576,341,4
1445,576,24,1
1446,577,65,1
1447,577,441,2
1448,577,264,5
1449,577,50,1
1450,578,104,1
1451,579,479,3
1452,580,426,4
1453,580,263,1
1454,580,186,4
1455,580,266,5
1456,581,351,3
1457,581,340,5
1458,581,339,4
1459,581,85,2
1460,582,408,4
1461,583,50,1
1462,583,80,2
1463,584,138,1
1464,584,435,4
1465,584,318,4
1466,585,257,4
1467,586,84,3
1468,586,451,4
1469,586,381,5
1470,586,266,5
1471,587,490,4
1472,587,143,5
1473,587,22,4
1474,587,340,4
1475,588,413,2
1476,588,19,2
1477,588,215,4
1478,589,71,1
1479,590,139,3
1480,590,334,2
1481,590,500,4
1482,590,440,1
1483,591,50,5
1484,591,206,4
1485,591,150,3
1486,591,78,4
1487,592,12,1
1488,592,66,5
1489,592,461,1
1490,592,40,4
1491,593,492,1
1492,593,404,1
1493,594,338,2
1494,594,480,5
1495,595,29,3
1496,596,488,1
1497,596,88,1
1498,596,216,3
1499,597,88,4
1500,597,225,4
1501,597,476,5
1502,597,214,1
1503,598,291,2
1504,599,6,5
1505,599,427,3
1506,600,255,2
1507,600,326,5
1508,600,419,3
1509,600,354,5
1510,601,26,3
1511,602,76,3
1512,602,149,2
1513,602,296,2
1514,602,392,5
1515,603,4,4
1516,603,170,2
1517,603,256,5
1518,604,273,4
1519,604,259,4
1520,605,32,2
1521,605,120,5
1522,606,45,1
1523,607,493,4
1524,607,464,3
1525,607,254,1
1526,607,434,3
1527,608,156,4
1528,608,406,5
1529,608,104,5
1530,609,380,5
1531,610,368,2
1532,610,364,3
1533,611,34,5
1534,612,387,2
1535,613,42,5
1536,614,136,4
1537,614,102,2
1538,614,6,1
1539,615,434,2
1540,616,194,3
1541,616,188,4
1542,616,492,2
1543,617,386,3
1544,618,452,1
1545,619,86,5
1546,619,206,2
1547,620,314,5
1548,620,238,2
1549,621,2,2
1550,622,352,2
1551,622,429,5
1552,622,110,3
1553,623,335,4
1554,624,292,3
1555,624,83,1
1556,624,309,4
1557,625,401,5
1558,626,383,1
1559,626,168,3
1560,626,55,2
1561,627,334,5
1562,627,328,2
1563,628,29,4
1564,628,4,4
1565,628,455,2
1566,628,288,2
1567,629,462,2
1568,629,486,3
1569,630,268,1
1570,630,57,4
1571,630,467,3
1572,630,178,5
1573,631,347,1
1574,631,83,4
1575,632,202,5
1576,632,59,3
1577,632,480,2
1578,633,283,5
1579,634,415,5
1580,634,418,4
1581,635,422,5
1582,635,430,3
1583,635,381,3
1584,635,27,2
1585,636,132,1
1586,637,404,4
1587,637,271,3
1588,638,143,4
1589,639,341,5
1590,640,390,5
1591,640,194,4
1592,641,294,4
1593,641,266,4
1594,641,412,5
1595,641,305,5
1596,642,375,5
1597,642,363,4
1598,642,231,1
1599,642,49,5
1600,643,101,2
1601,643,394,5
1602,644,480,4
1603,644,120,3
1604,644,116,4
1605,645,91,5
1606,645,431,1
1607,646,175,1
1608,646,261,2
1609,646,357,5
1610,647,375,4
1611,647,331,4
1612,647,347,3
1613,647,380,5
1614,648,150,3
1615,648,159,4
1616,648,14,2
1617,648,63,1
1618,649,492,1
1619,649,255,1
1620,649,445,1
1621,649,298,5
1622,650,130,2
1623,651,334,1
1624,651,133,3
1625,651,274,1
1626,651,467,4
1627,652,277,5
1628,652,83,5
1629,652,156,3
1630,652,430,2
1631,653,203,2
1632,653,262,5
1633,653,211,3
1634,654,106,5
1635,655,192,1
1636,655,310,4
1637,655,115,4
1638,656,221,1
1639,656,231,2
1640,656,263,5
1641,656,5,5
1642,657,21,5
1643,657,425,1
1644,657,362,1
1645,658,1,1
1646,659,298,4
1647,660,256,1
1648,660,190,1
1649,661,368,3
1650,661,425,5
1651,661,8,3
1652,661,305,1
1653,662,216,1
1654,662,338,2
1655,662,255,5
1656,663,446,3
1657,663,229,1
1658,663,70,2
1659,663,76,4
1660,664,123,1
1661,664,401,2
1662,664,399,2
1663,664,334,5
1664,665,137,2
1665,665,460,1
1666,666,311,4
1667,666,231,4
1668,667,246,3
1669,667,474,1
1670,667,26,1
1671,668,145,4
1672,668,446,5
1673,668,193,2
1674,668,331,4
1675,669,460,1
1676,669,48,2
1677,670,169,4
1678,670,471,2
1679,671,403,5
1680,671,159,4
1681,672,10,2
1682,673,34,3
1683,673,76,5
1684,673,449,1
1685,674,196,2
1686,675,412,5
1687,675,169,4
1688,675,341,5
1689,676,360,1
1690,677,125,3
1691,677,306,1
1692,678,146,4
1693,678,340,1
1694,678,310,3
1695,678,443,2
1696,679,380,5
1697,679,352,2
1698,679,227,1
1699,680,102,4
1700,681,269,1
1701,681,449,1
1702,681,140,2
1703,681,382,3
1704,682,282,2
1705,682,89,1
1706,682,401,3
1707,682,274,3
1708,683,148,5
1709,683,336,2
1710,683,363,1
1711,684,274,2
1712,684,472,2
1713,685,306,5
1714,685,62,1
1715,685,203,2
1716,686,457,3
1717,686,175,4
1718,686,427,2
1719,687,18,3
1720,687,353,4
1721,688,128,2
1722,689,74,1
1723,689,151,2
1724,689,421,2
1725,689,366,2
1726,690,342,5
1727,691,486,3
1728,691,369,4
1729,691,78,4
1730,692,383,2
1731,693,247,1
1732,693,423,4
1733,694,426,4
1734,694,161,3
1735,694,378,4
1736,695,391,4
1737,695,404,1
1738,696,440,4
1739,696,317,3
1740,697,120,5
1741,697,500,5
1742,697,361,5
1743,697,78,2
1744,698,51,2
1745,698,260,3
1746,699,457,2
1747,699,249,3
1748,699,40,4
1749,700,228,4
1750,700,194,5
1751,700,343,5
1752,700,29,3
1753,701,138,3
1754,701,205,4
1755,702,2,5
1756,703,208,1
1757,703,283,4
1758,703,123,3
1759,704,107,2
1760,704,99,2
1761,705,455,5
1762,706,289,2
1763,706,96,4
1764,706,441,3
1765,707,431,5
1766,707,17,1
1767,707,431,3
1768,708,452,5
1769,708,2,4
1770,708,451,4
1771,709,272,3
1772,709,269,5
1773,710,426,1
1774,710,24,1
1775,710,243,4
1776,711,274,1
1777,711,60,2
1778,712,213,4
1779,712,32,2
1780,713,319,3
1781,713,18,4
1782,713,298,1
1783,714,481,4
1784,715,69,1
1785,715,360,5
1786,716,415,3
1787,716,53,4
1788,717,56,3
1789,717,378,2
1790,717,102,5
1791,717,266,5
1792,718,24,2
1793,718,153,2
1794,718,343,2
1795,719,345,1
1796,720,451,5
1797,720,295,1
1798,720,99,5
1799,721,347,2
1800,721,444,5
1801,722,260,4
1802,722,374,3
1803,723,61,3
1804,723,407,3
1805,723,15,4
1806,723,62,2
1807,724,348,4
1808,725,197,1
1809,725,294,4
1810,725,41,3
1811,725,77,2
1812,726,292,4
1813,726,324,3
1814,727,440,1
1815,727,420,5
1816,727,250,5
1817,728,12,2
1818,729,125,2
1819,729,22,2
1820,729,99,2
1821,729,319,3
1822,730,47,5
1823,730,474,4
1824,731,376,3
1825,731,259,5
1826,732,448,2
1827,733,199,3
1828,733,500,2
1829,733,287,1
1830,733,237,2
1831,734,275,5
1832,734,396,1
1833,734,452,5
1834,735,389,3
1835,736,479,5
1836,737,237,2
1837,737,489,4
1838,737,341,2
1839,738,291,4
1840,738,111,1
1841,738,452,2
1842,739,394,1
1843,739,112,5
1844,740,50,1
1845,740,486,5
1846,741,89,1
1847,741,170,5
1848,741,4,5
1849,741,2,3
1850,742,388,5
1851,742,121,3
1852,743,328,3
1853,743,473,5
1854,743,368,4
1855,743,233,1
1856,744,347,1
1857,744,344,5
1858,745,305,5
1859,745,291,2
1860,745,363,2
1861,746,245,5
1862,746,467,2
1863,747,307,4
1864,747,269,2
1865,747,298,4
1866,747,440,4
1867,748,258,3
1868,749,388,1
1869,749,94,1
1870,750,13,1
1871,751,111,1
1872,751,131,3
1873,751,392,4
1874,751,185,5
1875,752,231,3
1876,752,425,5
1877,753,103,2
1878,754,465,5
1879,754,56,1
1880,755,33,4
1881,756,187,5
1882,756,60,3
1883,756,76,3
1884,756,475,1
1885,757,396,4
1886,757,99,2
1887,757,289,2
1888,757,318,1
1889,758,151,3
1890,758,393,4
1891,759,179,3
1892,759,368,4
1893,759,415,4
1894,759,192,4
1895,760,497,2
1896,760,311,1
1897,760,153,2
1898,760,486,1
1899,761,465,1
1900,761,335,1
1901,761,414,2
1902,761,76,4
1903,762,209,2
1904,763,173,1
1905,764,449,3
1906,764,261,2
1907,764,76,1
1908,764,399,1
1909,765,492,1
1910,765,435,2
1911,765,321,3
1912,766,243,2
1913,766,307,1
1914,766,345,2
1915,767,116,4
1916,768,409,2
1917,768,480,4
1918,768,345,5
1919,769,328,1
1920,769,442,5
1921,770,333,1
1922,770,226,3
1923,770,81,1
1924,770,344,1
1925,771,236,1
1926,771,453,1
1927,771,480,4
1928,771,392,3
1929,772,432,4
1930,772,88,3
1931,772,453,4
1932,772,321,4
1933,773,500,4
1934,773,200,1
1935,773,476,3
1936,773,275,2
1937,774,196,2
1938,775,190,5
1939,775,196,1
1940,775,237,2
1941,776,44,5
1942,776,40,4
1943,777,279,1
1944,777,59,1
1945,777,191,3
1946,778,11,4
1947,778,393,3
1948,779,477,4
1949,779,384,5
1950,779,155,5
1951,780,470,2
1952,780,134,4
1953,780,464,1
1954,780,423,1
1955,781,409,1
1956,781,3,3
1957,781,225,5
1958,781,79,4
1959,782,395,4
1960,782,276,3
1961,782,308,1
1962,782,193,4
1963,783,63,3
1964,783,283,3
1965,784,231,1
1966,784,279,4
1967,785,257,3
1968,785,203,5
1969,785,133,3
1970,786,457,3
1971,786,440,1
1972,786,313,4
1973,787,268,5
1974,787,319,5
1975,787,486,4
1976,788,347,3
1977,788,282,2
1978,789,470,1
1979,789,419,4
1980,790,72,4
1981,790,125,2
1982,791,76,2
1983,791,356,2
1984,792,254,5
1985,793,497,5
1986,793,110,3
1987,794,158,2
1988,794,10,3
1989,795,314,4
1990,796,106,1
1991,796,93,2
1992,796,443,3
1993,796,406,2
1994,797,34,3
1995,798,425,5
1996,798,107,4
1997,798,403,1
1998,799,95,5
1999,800,16,5
2000,800,165,4
2001,800,61,1
2002,800,94,1
2003,801,451,1
2004,801,5,5
2005,801,461,2
2006,801,3,4
2007,802,46,4
2008,802,465,1
2009,802,227,5
2010,803,390,1
2011,804,459,1
2012,804,438,4
2013,804,119,1
2014,804,318,5
2015,805,157,4
2016,805,500,3
2017,805,387,4
2018,806,275,5
2019,807,50,1
2020,807,142,3
2021,807,464,5
2022,807,124,3
2023,808,398,5
2024,808,287,2
2025,808,109,1
2026,808,236,4
2027,809,303,3
2028,809,370,4
2029,810,419,4
2030,810,83,3
2031,811,14,4
2032,811,62,1
2033,812,365,1
2034,812,358,1
2035,812,330,2
2036,813,282,4
2037,813,244,4
2038,813,258,2
2039,813,452,5
2040,814,483,1
2041,815,7,4
2042,815,321,4
2043,815,165,1
2044,816,187,5
2045,817,140,2
2046,817,195,1
2047,818,44,5
2048,818,262,4
2049,818,482,1
2050,818,189,1
2051,819,421,1
2052,819,437,3
2053,820,341,1
2054,820,124,5
2055,821,482,3
2056,822,268,4
2057,823,444,3
2058,823,67,2
2059,823,66,4
2060,823,284,5
2061,824,379,3
2062,824,413,3
2063,825,422,2
2064,826,346,5
2065,826,233,4
2066,827,26,1
2067,827,283,4
2068,827,372,2
2069,828,387,3
2070,828,132,1
2071,828,452,5
2072,829,310,3
2073,829,207,2
2074,829,63,2
2075,829,212,3
2076,830,37,5
2077,831,433,3
2078,831,211,5
2079,832,435,2
2080,832,428,4
2081,832,117,1
2082,833,263,2
2083,833,66,4
2084,833,376,1
2085,834,116,4
2086,834,410,4
2087,834,77,1
2088,835,114,2
2089,835,180,3
2090,836,243,4
2091,836,393,3
2092,836,63,4
2093,836,161,4
2094,837,305,3
2095,838,366,2
2096,838,331,3
2097,838,230,1
2098,838,292,1
2099,839,71,2
2100,839,117,1
2101,839,224,2
2102,840,373,2
2103,840,206,1
2104,841,484,4
2105,842,388,5
2106,842,452,4
2107,843,490,5
2108,844,172,1
2109,844,429,1
2110,845,330,2
2111,845,476,1
2112,845,150,2
2113,846,208,5
2114,846,254,1
2115,846,273,2
2116,847,81,2
2117,847,228,1
2118,848,189,4
2119,849,169,1
2120,850,137,2
2121,851,132,3
2122,852,386,3
2123,852,105,4
2124,853,222,5
2125,853,23,4
2126,853,499,3
2127,854,434,1
2128,855,341,3
2129,855,363,2
2130,855,207,3
2131,855,202,4
2132,856,425,2
2133,856,327,2
2134,856,352,2
2135,857,158,4
2136,857,149,1
2137,857,425,1
2138,857,115,3
2139,858,341,1
2140,859,360,4
2141,860,294,1
2142,860,116,4
2143,861,460,3
2144,861,422,1
2145,861,317,3
2146,862,95,4
2147,862,495,5
2148,862,190,4
2149,863,337,4
2150,863,207,4
2151,863,35,4
2152,863,447,1
2153,864,151,4
2154,864,122,5
2155,864,65,4
2156,865,277,4
2157,866,294,3
2158,867,461,3
2159,868,324,2
2160,868,154,2
2161,868,198,1
2162,868,196,3
2163,869,171,5
2164,869,138,3
2165,869,267,2
2166,870,24,4
2167,870,362,3
2168,871,312,3
2169,871,276,2
2170,872,388,3
2171,873,450,1
2172,874,68,2
2173,874,20,4
2174,874,290,2
2175,875,25,5
2176,875,119,1
2177,875,418,1
2178,876,459,2
2179,876,368,2
2180,877,122,1
2181,877,469,2
2182,878,344,4
2183,878,440,5
2184,878,318,4
2185,878,315,2
2186,879,407,5
2187,879,187,2
2188,879,203,1
2189,880,449,3
2190,880,492,5
2191,880,261,3
2192,880,345,5
2193,881,263,3
2194,881,246,4
2195,881,229,5
2196,882,249,5
2197,882,486,1
2198,883,114,4
2199,883,441,4
2200,884,83,5
2201,885,87,4
2202,885,67,2
2203,886,357,5
2204,886,326,4
2205,886,37,3
2206,886,401,3
2207,887,153,2
2208,887,134,2
2209,888,65,1
2210,889,31,2
2211,889,408,2
2212,890,113,4
2213,890,41,4
2214,891,91,3
2215,892,187,4
2216,892,76,1
2217,893,258,4
2218,893,334,4
2219,894,113,5
2220,895,264,1
2221,895,64,1
2222,895,437,4
2223,896,270,5
2224,896,174,4
2225,896,30,1
2226,897,116,5
2227,897,459,4
2228,897,180,4
2229,897,134,2
2230,898,309,2
2231,898,387,4
2232,898,232,1
2233,898,68,1
2234,899,321,1
2235,899,204,1
2236,899,139,4
2237,900,63,5
2238,900,253,2
2239,901,323,1
2240,901,473,1
2241,901,434,4
2242,902,366,3
2243,902,250,5
2244,902,354,1
2245,903,450,5
2246,903,352,4
2247,904,451,2
2248,905,5,4
2249,906,491,5
2250,907,26,1
2251,908,419,2
2252,909,428,3
2253,909,157,3
2254,909,297,3
2255,909,103,4
2256,910,323,1
2257,910,111,2
2258,910,232,5
2259,910,423,5
2260,911,284,3
2261,912,140,5
2262,912,282,4
2263,912,123,5
2264,912,256,4
2265,913,131,1
2266,914,483,4
2267,914,287,5
2268,914,242,1
2269,914,353,5
2270,915,82,3
2271,915,85,1
2272,916,18,4
2273,916,340,3
2274,917,234,1
2275,917,436,1
2276,917,243,4
2277,917,408,5
2278,918,371,1
2279,918,68,4
2280,918,146,5
2281,919,46,5
2282,920,267,2
2283,920,489,5
2284,920,430,2
2285,920,167,5
2286,921,416,4
2287,921,224,4
2288,921,379,3
2289,922,38,3
2290,922,154,5
2291,923,17,2
2292,924,393,3
2293,925,170,1
2294,925,182,4
2295,925,61,5
2296,926,375,4
2297,926,419,5
2298,926,245,1
2299,926,317,2
2300,927,94,1
2301,927,302,5
2302,928,70,1
2303,929,157,5
2304,929,229,2
2305,929,249,1
2306,929,169,1
2307,930,466,1
2308,930,292,2
2309,930,187,1
2310,931,123,2
2311,931,489,1
2312,931,318,2
2313,932,367,3
2314,932,8,5
2315,932,347,3
2316,932,187,2
2317,933,186,3
2318,933,247,4
2319,933,73,2
2320,934,16,4
2321,935,316,3
2322,935,50,3
2323,935,109,3
2324,936,44,4
2325,937,294,1
2326,937,40,4
2327,937,255,5
2328,937,128,3
2329,938,135,1
2330,938,351,4
2331,938,143,1
2332,939,462,1
2333,939,62,2
2334,939,270,1
2335,939,81,2
2336,940,4,4
2337,940,71,5
2338,940,271,5
2339,940,214,2
2340,941,436,2
2341,941,256,2
2342,941,178,3
2343,941,42,2
2344,942,411,5
2345,942,420,3
2346,942,424,1
2347,942,67,3
2348,943,437,3
2349,943,151,2
2350,943,170,3
2351,944,297,5
2352,944,75,2
2353,945,357,3
2354,945,278,2
2355,945,7,2
2356,945,396,2
2357,946,94,1
2358,946,423,4
2359,946,80,5
2360,947,420,1
2361,948,491,3
2362,948,207,5
2363,948,267,5
2364,948,225,1
2365,949,395,2
2366,950,349,4
2367,950,495,5
2368,950,313,5
2369,951,72,5
2370,951,168,5
2371,952,393,1
2372,952,427,1
2373,952,263,1
2374,952,293,1
2375,953,292,3
2376,954,249,1
2377,954,379,2
2378,954,391,5
2379,954,303,3
2380,955,384,1
2381,955,334,2
2382,955,243,1
2383,955,49,4
2384,956,5,5
2385,957,225,5
2386,957,287,4
2387,957,57,1
2388,958,130,2
2389,958,309,4
2390,958,236,1
2391,958,415,2
2392,959,482,2
2393,959,474,5
2394,960,173,4
2395,960,68,5
2396,961,420,4
2397,961,415,3
2398,961,484,5
2399,961,373,4
2400,962,211,2
2401,962,89,4
2402,963,391,2
2403,963,355,2
2404,963,201,2
2405,964,149,1
2406,964,41,2
2407,964,361,3
2408,965,430,3
2409,965,282,3
2410,965,91,5
2411,965,250,5
2412,966,65,1
2413,966,404,1
2414,967,228,1
2415,967,416,1
2416,967,291,1
2417,968,309,4
2418,968,3,1
2419,968,481,1
2420,968,369,5
2421,969,84,2
2422,969,401,5
2423,970,264,4
2424,971,390,2
2425,971,480,3
2426,972,289,5
2427,972,35,3
2428,972,25,5
2429,973,393,1
2430,974,6,1
2431,975,237,4
2432,975,36,2
2433,975,264,4
2434,976,366,1
2435,976,457,2
2436,977,262,3
2437,977,489,5
2438,977,137,1
2439,978,271,1
2440,979,272,4
2441,979,349,3
2442,979,440,5
2443,979,134,5
2444,980,379,2
2445,981,426,5
2446,982,473,5
2447,982,267,5
2448,983,486,2
2449,983,393,1
2450,983,121,4
2451,984,58,3
2452,985,168,3
2453,985,13,4
2454,985,4,3
2455,985,364,5
2456,986,451,2
2457,986,414,5
2458,986,180,1
2459,987,321,5
2460,987,306,1
2461,988,85,1
2462,989,136,3
2463,990,283,5
2464,990,132,5
2465,991,85,2
2466,991,465,1
2467,991,360,2
2468,991,2,4
2469,992,382,5
2470,992,144,3
2471,992,264,5
2472,992,22,1
2473,993,245,2
2474,993,52,5
2475,993,325,4
2476,994,97,1
2477,995,236,2
2478,995,90,1
2479,995,444,1
2480,996,70,4
2481,996,116,3
2482,997,364,3
2483,997,69,1
2484,997,324,4
2485,997,60,5
2486,998,194,2
2487,998,275,4
2488,998,463,1
2489,999,378,1
2490,999,280,5
2491,999,293,4
2492,999,238,5
2493,1000,30,2
2494,1001,285,5
2495,1001,225,3
2496,1001,15,2
2497,1002,426,1
2498,1002,98,3
2499,1002,347,2
2500,1003,282,5
2501,1003,427,5
2502,1003,67,5
2503,1003,310,4
2504,1004,167,2
2505,1004,417,4
2506,1004,276,5
2507,1005,5,3
2508,1005,353,5
2509,1005,163,2
2510,1005,289,1
2511,1006,25,5
2512,1006,286,3
2513,1006,136,5
2514,1007,214,2
2515,1008,17,2
2516,1009,284,4
2517,1009,399,2
2518,1009,233,5
2519,1010,338,3
2520,1011,489,1
2521,1011,453,1
2522,1012,336,1
2523,1012,278,1
2524,1013,97,3
2525,1013,188,5
2526,1014,129,3
2527,1014,46,4
2528,1014,492,5
2529,1014,284,3
2530,1015,293,2
2531,1015,341,2
2532,1016,373,4
2533,1016,34,3
2534,1016,121,1
2535,1017,332,1
2536,1017,82,3
2537,1017,484,2
2538,1018,111,3
2539,1018,14,4
2540,1018,459,2
2541,1019,296,5
2542,1019,68,4
2543,1019,374,4
2544,1020,338,1
2545,1020,214,3
2546,1020,91,5
2547,1020,124,3
2548,1021,411,3
2549,1022,214,4
2550,1022,353,5
2551,1023,368,5
2552,1023,105,2
2553,1023,255,4
2554,1023,431,3
2555,1024,59,3
2556,1025,137,4
2557,1026,356,2
2558,1026,157,5
2559,1026,473,2
2560,1027,497,4
2561,1027,310,1
2562,1027,50,2
2563,1027,328,1
2564,1028,2,3
2565,1028,335,5
2566,1028,278,2
2567,1029,441,2
2568,1030,225,5
2569,1030,465,3
2570,1030,123,4
2571,1031,376,1
2572,1031,338,4
2573,1031,494,4
2574,1032,232,5
2575,1032,206,2
2576,1032,461,2
2577,1032,205,1
2578,1033,142,2
2579,1033,312,4
2580,1033,316,4
2581,1034,460,2
2582,1034,198,5
2583,1035,38,1
2584,1035,4,2
2585,1035,247,2
2586,1035,307,3
2587,1036,268,2
2588,1037,3,3
2589,1037,291,2
2590,1037,257,2
2591,1038,184,2
2592,1038,14,1
2593,1038,500,5
2594,1038,478,1
2595,1039,271,5
2596,1040,462,3
2597,1040,293,4
2598,1040,135,4
2599,1041,230,3
2600,1041,285,4
2601,1042,41,1
2602,1043,243,5
2603,1043,402,5
2604,1044,98,3
2605,1044,275,4
2606,1044,161,1
2607,1045,386,5
2608,1045,341,1
2609,1045,79,1
2610,1045,308,1
2611,1046,216,1
2612,1046,71,2
2613,1047,86,1
2614,1047,338,3
2615,1047,2,2
2616,1048,144,5
2617,1048,358,5
2618,1048,167,4
2619,1049,444,3
2620,1050,338,2
2621,1050,436,3
2622,1050,231,1
2623,1051,245,5
2624,1051,154,5
2625,1052,181,1
2626,1052,137,2
2627,1052,28,4
2628,1053,490,1
2629,1053,6,5
2630,1053,418,3
2631,1054,97,3
2632,1054,24,1
2633,1055,18,3
2634,1055,299,3
2635,1055,227,3
2636,1055,441,5
2637,1056,86,3
2638,1057,274,2
2639,1057,126,2
2640,1057,178,3
2641,1058,398,1
2642,1058,107,1
2643,1059,96,4
2644,1060,388,2
2645,1060,47,3
2646,1060,97,1
2647,1061,75,1
2648,1061,348,4
2649,1061,52,1
2650,1062,139,3
2651,1062,321,2
2652,1062,280,1
2653,1063,24,1
2654,1064,91,3
2655,1064,494,1
2656,1064,85,3
2657,1064,210,2
2658,1065,329,1
2659,1065,33,2
2660,1066,228,1
2661,1067,202,1
2662,1067,338,4
2663,1067,440,2
2664,1067,345,1
2665,1068,420,3
2666,1069,403,4
2667,1069,391,3
2668,1070,289,2
2669,1070,58,1
2670,1070,227,3
2671,1071,13,2
2672,1071,313,5
2673,1071,125,2
2674,1072,211,5
2675,1072,342,3
2676,1072,218,1
2677,1072,206,2
2678,1073,150,1
2679,1073,133,2
2680,1073,295,1
2681,1073,15,3
2682,1074,400,5
2683,1075,248,1
2684,1075,463,2
2685,1076,124,4
2686,1076,218,2
2687,1076,281,5
2688,1076,163,5
2689,1077,299,4
2690,1077,190,4
2691,1077,439,2
2692,1078,424,2
2693,1078,497,2
2694,1078,253,2
2695,1079,85,5
2696,1079,190,1
2697,1080,431,5
2698,1080,99,1
2699,1080,496,3
2700,1081,166,4
2701,1081,138,1
2702,1081,273,5
2703,1082,111,1
2704,1082,200,5
2705,1082,269,2
2706,1082,85,5
2707,1083,360,3
2708,1083,440,2
2709,1084,274,4
2710,1084,17,1
2711,1084,313,3
2712,1085,312,5
2713,1085,183,2
2714,1086,473,4
2715,1086,138,5
2716,1087,410,1
2717,1088,187,4
2718,1088,14,2
2719,1088,296,1
2720,1089,286,2
2721,1090,213,3
2722,1090,340,2
2723,1091,245,2
2724,1091,403,4
2725,1092,232,1
2726,1092,214,5
2727,1092,269,3
2728,1092,422,5
2729,1093,349,3
2730,1094,33,3
2731,1095,34,5
2732,1095,459,1
2733,1096,237,2
2734,1096,103,1
2735,1096,262,5
2736,1096,71,2
2737,1097,363,5
2738,1098,320,1
2739,1099,185,5
2740,1099,19,4
2741,1099,391,4
2742,1100,476,4
2743,1100,267,3
2744,1100,414,2
2745,1100,280,4
2746,1101,93,4
2747,1101,212,1
2748,1101,3,1
2749,1102,223,1
2750,1103,265,3
2751,1104,332,4
2752,1104,43,5
2753,1104,482,2
2754,1104,282,4
2755,1105,267,4
2756,1105,119,1
2757,1106,364,5
2758,1106,387,5
2759,1106,18,3
2760,1106,1,2
2761,1107,178,3
2762,1108,128,2
2763,1108,28,1
2764,1108,347,2
2765,1109,110,1
2766,1109,266,2
2767,1110,21,4
2768,1110,148,1
2769,1110,173,4
2770,1111,372,2
2771,1111,306,3
2772,1111,433,2
2773,1112,29,2
2774,1113,454,4
2775,1113,440,5
2776,1114,345,5
2777,1114,429,4
2778,1114,30,2
2779,1115,224,3
2780,1115,290,5
2781,1116,457,3
2782,1116,16,2
2783,1116,390,1
2784,1117,3,2
2785,1117,84,1
2786,1118,12,5
2787,1118,188,4
2788,1119,262,1
2789,1119,33,4
2790,1119,484,1
2791,1120,428,5
2792,1120,124,2
2793,1121,23,2
2794,1122,329,3
2795,1123,468,5
2796,1123,245,3
2797,1123,23,3
2798,1123,376,1
2799,1124,91,3
2800,1124,431,1
2801,1124,424,2
2802,1125,319,1
2803,1125,101,4
2804,1125,178,5
2805,1126,421,2
2806,1126,29,2
2807,1126,172,3
2808,1126,371,3
2809,1127,235,4
2810,1127,324,3
2811,1127,185,1
2812,1128,80,5
2813,1129,130,5
2814,1129,176,3
2815,1129,9,3
2816,1130,246,1
2817,1130,373,3
2818,1130,342,5
2819,1131,6,2
2820,1131,150,4
2821,1132,477,5
2822,1132,306,5
2823,1132,203,4
2824,1133,330,4
2825,1134,438,3
2826,1134,474,2
2827,1134,432,3
2828,1135,211,5
2829,1135,479,4
2830,1135,370,5
2831,1136,493,5
2832,1136,493,5
2833,1136,137,5
2834,1137,238,5
2835,1137,121,1
2836,1137,389,4
2837,1137,23,2
2838,1138,243,2
2839,1139,392,2
2840,1139,429,5
2841,1139,498,2
2842,1140,50,5
2843,1140,176,3
2844,1140,440,1
2845,1140,117,5
2846,1141,186,3
2847,1142,354,3
2848,1143,97,3
2849,1143,74,3
2850,1143,71,3
2851,1143,491,4
2852,1144,172,2
2853,1144,292,3
2854,1144,377,5
2855,1145,398,2
2856,1146,492,3
2857,1146,82,1
2858,1146,120,4
2859,1146,167,3
2860,1147,373,5
2861,1147,399,5
2862,1148,391,4
2863,1148,318,1
2864,1148,76,3
2865,1149,275,1
2866,1149,481,5
2867,1149,391,4
2868,1150,206,1
2869,1150,328,2
2870,1151,286,4
2871,1151,74,3
2872,1151,27,1
2873,1152,42,5
2874,1152,173,5
2875,1153,211,2
2876,1154,288,3
2877,1154,62,1
2878,1154,429,2
2879,1154,238,5
2880,1155,386,2
2881,1156,486,1
2882,1156,121,3
2883,1156,105,4
2884,1156,192,3
2885,1157,255,3
2886,1157,268,5
2887,1158,1,5
2888,1158,424,5
2889,1159,79,5
2890,1159,293,3
2891,1159,276,1
2892,1159,408,5
2893,1160,88,1
2894,1160,484,1
2895,1160,102,1
2896,1160,389,3
2897,1161,117,1
2898,1161,37,1
2899,1161,84,2
2900,1162,261,4
2901,1162,385,3
2902,1163,123,4
2903,1163,60,3
2904,1163,304,5
2905,1163,86,4
2906,1164,397,3
2907,1165,119,2
2908,1166,261,2
2909,1166,19,2
2910,1167,280,2
2911,1167,452,5
2912,1167,280,3
2913,1168,92,1
2914,1169,428,1
2915,1169,362,4
2916,1169,290,1
2917,1170,329,1
2918,1171,153,2
2919,1171,127,3
2920,1171,232,1
2921,1171,370,1
2922,1172,210,5
2923,1172,59,2
2924,1173,5,1
2925,1173,32,1
2926,1173,259,2
2927,1173,146,5
2928,1174,169,2
2929,1175,204,1
2930,1175,56,3
2931,1176,187,3
2932,1176,495,1
2933,1176,186,3
2934,1177,338,3
2935,1177,135,5
2936,1177,405,5
2937,1177,311,4
2938,1178,475,3
2939,1178,297,2
2940,1179,325,3
2941,1179,180,3
2942,1179,10,3
2943,1179,424,4
2944,1180,456,4
2945,1180,498,4
2946,1180,276,2
2947,1180,170,1
2948,1181,433,1
2949,1181,249,2
2950,1181,187,1
2951,1182,445,1
2952,1182,120,2
2953,1183,205,3
2954,1183,192,3
2955,1183,257,4
2956,1183,263,1
2957,1184,39,2
2958,1184,131,3
2959,1184,192,3
2960,1185,72,4
2961,1186,430,1
2962,1186,260,4
2963,1187,206,2
2964,1187,338,4
2965,1187,143,3
2966,1188,213,2
2967,1188,297,4
2968,1189,113,5
2969,1189,130,2
2970,1189,299,4
2971,1189,400,5
2972,1190,429,1
2973,1190,114,4
2974,1190,498,2
2975,1190,311,4
2976,1191,462,1
2977,1191,493,3
2978,1192,259,5
2979,1192,490,3
2980,1192,401,1
2981,1193,241,2
2982,1193,77,3
2983,1194,58,5
2984,1194,313,1
2985,1194,154,1
2986,1194,58,4
2987,1195,336,4
2988,1195,427,5
2989,1195,447,5
2990,1196,120,4
2991,1196,208,4
2992,1196,57,3
2993,1196,166,1
2994,1197,24,2
2995,1197,149,4
2996,1197,422,3
2997,1197,58,4
2998,1198,352,3
2999,1199,338,1
3000,1199,420,4
3001,1200,487,2
3002,1200,31,1
3003,1200,81,3
3004,1200,351,3
3005,1201,371,5
3006,1202,354,2
3007,1202,248,2
3008,1202,109,3
3009,1203,290,1
3010,1203,401,4
3011,1203,268,3
3012,1204,338,5
3013,1204,48,5
3014,1205,332,5
3015,1205,445,3
3016,1205,60,5
3017,1206,152,4
3018,1206,78,2
3019,1207,258,4
3020,1208,322,5
3021,1209,142,3
3022,1210,402,4
3023,1210,120,1
3024,1210,4,2
3025,1210,109,2
3026,1211,458,1
3027,1211,209,5
3028,1211,157,4
3029,1212,276,3
3030,1212,252,4
3031,1213,69,3
3032,1214,169,2
3033,1214,242,2
3034,1215,489,5
3035,1215,224,5
3036,1216,424,1
3037,1216,386,4
3038,1216,334,1
3039,1216,237,5
3040,1217,465,5
3041,1217,136,3
3042,1218,59,1
3043,1219,89,4
3044,1219,351,5
3045,1219,425,3
3046,1220,259,2
3047,1220,46,5
3048,1220,438,4
3049,1221,174,1
3050,1221,5,5
3051,1221,154,1
3052,1222,330,3
3053,1222,387,5
3054,1222,483,3
3055,1223,463,4
3056,1224,450,2
3057,1224,405,1
3058,1224,400,2
3059,1225,30,1
3060,1225,121,5
3061,1225,448,4
3062,1225,300,3
3063,1226,114,4
3064,1227,90,3
3065,1227,80,1
3066,1227,431,4
3067,1227,415,4
3068,1228,135,5
3069,1228,210,5
3070,1229,136,1
3071,1229,212,2
3072,1229,456,4
3073,1230,112,3
3074,1230,154,4
3075,1230,18,2
3076,1231,83,5
3077,1231,139,1
3078,1231,95,2
3079,1232,312,3
3080,1232,335,3
3081,1233,383,5
3082,1233,2,1
3083,1233,88,5
3084,1234,274,3
3085,1235,100,1
3086,1235,487,2
3087,1235,68,3
3088,1236,452,3
3089,1236,489,2
3090,1236,286,5
3091,1237,175,2
3092,1238,235,2
3093,1238,484,5
3094,1238,157,5
3095,1238,486,3
3096,1239,31,5
3097,1240,15,3
3098,1241,204,2
3099,1242,25,3
3100,1243,288,5
3101,1244,228,3
3102,1244,78,4
3103,1245,231,2
3104,1245,47,1
3105,1246,424,4
3106,1247,159,2
3107,1247,437,4
3108,1248,442,4
3109,1249,40,3
3110,1249,113,5
3111,1250,197,3
3112,1250,62,2
3113,1250,331,1
3114,1251,362,2
3115,1251,234,3
3116,1252,304,3
3117,1252,50,4
3118,1253,413,3
3119,1253,183,4
3120,1254,91,5
3121,1255,92,2
3122,1256,500,1
3123,1256,346,3
3124,1256,124,2
3125,1256,409,3
3126,1257,382,2
3127,1257,251,3
3128,1257,204,1
3129,1258,246,2
3130,1258,318,3
3131,1258,272,3
3132,1258,71,5
3133,1259,438,2
3134,1259,242,3
3135,1260,50,4
3136,1260,433,4
3137,1261,352,5
3138,1262,486,2
3139,1262,6,1
3140,1262,54,1
3141,1262,348,4
3142,1263,123,2
3143,1263,57,4
3144,1263,40,4
3145,1264,425,3
3146,1264,342,5
3147,1264,472,3
3148,1264,299,2
3149,1265,175,3
3150,1266,325,3
3151,1266,492,5
3152,1266,76,5
3153,1266,213,4
3154,1267,103,5
3155,1268,230,4
3156,1268,141,1
3157,1268,226,5
3158,1269,426,2
3159,1269,239,4
3160,1269,329,2
3161,1270,127,5
3162,1270,158,1
3163,1271,275,1
3164,1271,236,4
3165,1271,303,2
3166,1272,485,4
3167,1272,65,3
3168,1272,87,1
3169,1273,428,1
3170,1273,362,2
3171,1273,291,1
3172,1274,376,1
3173,1275,56,2
3174,1275,318,5
3175,1275,163,5
3176,1276,451,3
3177,1277,464,3
3178,1277,429,3
3179,1277,401,4
3180,1277,262,2
3181,1278,248,1
3182,1278,452,5
3183,1278,99,3
3184,1278,231,1
3185,1279,7,3
3186,1279,320,2
3187,1279,32,4
3188,1280,467,5
3189,1280,428,3
3190,1281,91,1
3191,1282,69,4
3192,1282,479,5
3193,1283,24,2
3194,1283,481,5
3195,1284,335,4
3196,1285,454,1
3197,1285,231,1
3198,1285,17,4
3199,1286,432,1
3200,1286,69,5
3201,1286,209,1
3202,1287,223,5
3203,1287,220,2
3204,1287,296,2
3205,1287,309,4
3206,1288,493,5
3207,1288,149,2
3208,1289,11,1
3209,1289,225,5
3210,1290,157,5
3211,1291,167,5
3212,1291,194,4
3213,1291,88,5
3214,1292,73,3
3215,1293,414,5
3216,1294,12,1
3217,1294,357,5
3218,1294,151,2
3219,1294,272,5
3220,1295,495,3
3221,1296,324,1
3222,1296,212,5
3223,1297,228,1
3224,1297,312,4
3225,1298,470,3
3226,1299,330,2
3227,1299,140,3
3228,1299,168,4
3229,1299,424,4
3230,1300,177,2
3231,1300,146,3
3232,1300,276,4
3233,1300,445,2
3234,1301,9,4
3235,1302,178,2
3236,1302,320,5
3237,1302,302,3
3238,1303,122,2
3239,1303,437,3
3240,1303,9,1
3241,1304,488,3
3242,1305,379,1
3243,1305,362,1
3244,1305,4,3
3245,1305,141,3
3246,1306,327,5
3247,1307,13,3
3248,1308,325,2
3249,1308,207,4
3250,1309,389,4
3251,1310,459,3
3252,1311,53,2
3253,1311,433,3
3254,1312,26,3
3255,1313,158,3
3256,1313,147,2
3257,1313,54,5
3258,1313,415,1
3259,1314,448,2
3260,1314,137,1
3261,1314,213,1
3262,1315,277,2
3263,1315,167,5
3264,1316,119,4
3265,1317,309,2
3266,1318,442,5
3267,1319,343,4
3268,1319,352,3
3269,1319,413,2
3270,1320,282,1
3271,1320,318,3
3272,1320,195,5
3273,1321,20,5
3274,1322,133,3
3275,1322,18,5
3276,1322,262,1
3277,1323,409,2
3278,1324,126,5
3279,1324,176,2
3280,1324,5,2
3281,1325,177,3
3282,1326,69,5
3283,1326,112,5
3284,1326,325,5
3285,1326,220,5
3286,1327,305,4
3287,1327,353,3
3288,1327,357,3
3289,1327,484,3
3290,1328,463,3
3291,1328,144,5
3292,1329,4,1
3293,1329,241,5
3294,1329,100,5
3295,1329,283,1
3296,1330,355,4
3297,1330,82,2
3298,1330,289,1
3299,1330,124,4
3300,1331,207,1
3301,1332,243,2
3302,1332,473,5
3303,1333,150,5
3304,1333,233,2
3305,1333,269,4
3306,1334,456,1
3307,1335,333,2
3308,1336,173,1
3309,1337,487,3
3310,1337,445,1
3311,1337,158,5
3312,1338,69,1
3313,1338,299,3
3314,1338,311,2
3315,1338,293,1
3316,1339,19,1
3317,1340,395,1
3318,1340,441,3
3319,1340,3,2
3320,1340,57,5
3321,1341,285,2
3322,1341,120,1
3323,1341,192,4
3324,1341,105,5
3325,1342,195,4
3326,1342,293,5
3327,1342,43,1
3328,1342,169,5
3329,1343,62,2
3330,1344,158,2
3331,1344,243,2
3332,1344,341,5
3333,1345,100,1
3334,1346,311,2
3335,1346,441,5
3336,1347,466,2
3337,1347,23,3
3338,1348,359,3
3339,1348,284,1
3340,1349,266,5
3341,1349,202,2
3342,1350,378,4
3343,1350,300,4
3344,1351,193,5
3345,1351,93,5
3346,1351,22,4
3347,1352,160,2
3348,1352,80,2
3349,1353,7,3
3350,1353,476,2
3351,1353,111,5
3352,1354,237,3
3353,1354,369,5
3354,1355,472,3
3355,1355,62,3
3356,1355,180,1
3357,1355,355,5
3358,1356,466,4
3359,1356,126,1
3360,1356,259,2
3361,1357,139,4
3362,1357,71,5
3363,1357,261,2
3364,1358,55,2
3365,1358,318,4
3366,1358,35,1
3367,1359,446,1
3368,1359,270,4
3369,1359,36,3
3370,1360,478,2
3371,1360,283,1
3372,1360,175,1
3373,1361,11,2
3374,1361,259,1
3375,1362,101,1
3376,1362,487,4
3377,1362,320,1
3378,1363,421,3
3379,1363,40,1
3380,1363,157,5
3381,1364,272,5
3382,1365,407,2
3383,1365,462,5
3384,1365,42,5
3385,1365,89,2
3386,1366,11,2
3387,1366,163,5
3388,1366,11,2
3389,1366,396,4
3390,1367,458,1
3391,1367,476,2
3392,1367,473,3
3393,1367,234,5
3394,1368,259,5
3395,1368,482,4
3396,1368,45,4
3397,1369,366,5
3398,1369,94,2
3399,1369,14,1
3400,1369,45,4
3401,1370,312,2
3402,1370,96,4
3403,1370,442,5
3404,1371,328,1
3405,1371,120,4
3406,1372,138,2
3407,1372,208,1
3408,1373,108,4
3409,1373,334,2
3410,1373,8,2
3411,1374,139,4
3412,1374,64,5
3413,1375,205,3
3414,1375,249,5
3415,1375,272,1
3416,1375,99,5
3417,1376,445,1
3418,1376,161,4
3419,1376,208,3
3420,1377,483,2
3421,1378,357,5
3422,1378,56,3
3423,1378,480,3
3424,1378,471,2
3425,1379,430,2
3426,1380,274,3
3427,1380,369,1
3428,1380,400,5
3429,1381,261,2
3430,1381,266,4
3431,1381,335,3
3432,1382,99,2
3433,1382,81,2
3434,1382,331,2
3435,1383,387,4
3436,1383,488,5
3437,1383,82,3
3438,1383,107,1
3439,1384,98,3
3440,1384,238,3
3441,1384,50,4
3442,1384,180,5
3443,1385,346,3
3444,1386,198,4
3445,1387,227,2
3446,1388,369,2
3447,1388,27,4
3448,1388,304,1
3449,1388,174,5
3450,1389,282,5
3451,1389,362,5
3452,1389,300,2
3453,1390,15,4
3454,1390,361,5
3455,1390,48,3
3456,1391,254,2
3457,1392,387,2
3458,1392,500,2
3459,1392,127,2
3460,1392,452,4
3461,1393,470,5
3462,1394,341,4
3463,1394,306,3
3464,1394,373,3
3465,1395,439,5
3466,1395,388,4
3467,1396,159,1
3468,1396,167,5
3469,1396,64,5
3470,1397,486,2
3471,1397,75,2
3472,1397,246,4
3473,1397,62,5
3474,1398,22,2
3475,1398,413,3
3476,1399,145,5
3477,1400,280,2
3478,1400,432,1
3479,1401,389,4
3480,1401,135,5
3481,1402,64,2
3482,1402,345,1
3483,1403,156,4
3484,1404,124,4
3485,1404,16,3
3486,1404,205,3
3487,1405,173,3
3488,1405,160,2
3489,1405,297,3
3490,1405,26,2
3491,1406,51,4
3492,1407,96,2
3493,1407,348,3
3494,1407,221,3
3495,1407,176,2
3496,1408,193,3
3497,1408,44,1
3498,1408,484,2
3499,1409,203,4
3500,1409,279,2
3501,1410,211,1
3502,1410,311,5
3503,1411,22,1
3504,1411,272,2
3505,1411,127,3
3506,1411,414,4
3507,1412,241,4
3508,1412,425,4
3509,1412,448,2
3510,1413,164,1
3511,1413,161,4
3512,1413,449,2
3513,1414,293,4
3514,1414,35,5
3515,1414,220,5
3516,1414,151,4
3517,1415,16,3
3518,1416,416,1
3519,1417,373,3
3520,1417,450,3
3521,1417,366,2
3522,1418,205,2
3523,1418,159,1
3524,1418,281,3
3525,1419,318,2
3526,1420,490,1
3527,1421,86,5
3528,1421,80,5
3529,1421,38,1
3530,1421,426,3
3531,1422,460,3
3532,1422,283,1
3533,1422,497,2
3534,1422,318,1
3535,1423,115,1
3536,1423,440,1
3537,1423,38,5
3538,1423,380,5
3539,1424,345,5
3540,1425,367,1
3541,1426,98,4
3542,1426,63,1
3543,1426,415,1
3544,1427,144,4
3545,1427,96,4
3546,1428,439,4
3547,1428,215,1
3548,1429,208,3
3549,1429,482,2
3550,1429,385,1
3551,1429,163,3
3552,1430,206,5
3553,1430,482,2
3554,1430,337,1
3555,1430,307,4
3556,1431,346,1
3557,1431,180,3
3558,1431,94,4
3559,1432,129,2
3560,1432,273,2
3561,1433,415,3
3562,1434,315,1
3563,1434,53,4
3564,1435,309,4
3565,1435,448,3
3566,1435,470,3
3567,1435,46,2
3568,1436,19,3
3569,1436,162,1
3570,1436,109,4
3571,1437,250,1
3572,1437,162,5
3573,1437,105,3
3574,1437,435,1
3575,1438,66,5
3576,1438,484,3
3577,1438,106,3
3578,1439,176,5
3579,1439,439,4
3580,1439,282,2
3581,1440,425,1
3582,1440,45,3
3583,1441,186,5
3584,1441,92,2
3585,1442,373,5
3586,1442,379,2
3587,1442,469,5
3588,1443,384,4
3589,1443,137,4
3590,1444,272,2
3591,1445,12,5
3592,1445,197,4
3593,1445,444,1
3594,1446,84,3
3595,1446,305,4
3596,1446,483,1
3597,1446,41,1
3598,1447,43,5
3599,1447,172,1
3600,1448,298,4
3601,1448,398,2
3602,1448,70,5
3603,1448,375,2
3604,1449,498,3
3605,1449,91,3
3606,1449,112,5
3607,1450,451,1
3608,1450,343,1
3609,1451,302,3
3610,1451,69,1
3611,1452,83,1
3612,1453,348,4
3613,1453,198,4
3614,1453,132,5
3615,1453,221,5
3616,1454,435,1
3617,1454,375,4
3618,1454,177,2
3619,1455,16,3
3620,1455,1,2
3621,1455,409,3
3622,1456,302,3
3623,1456,174,5
3624,1457,123,3
3625,1457,293,3
3626,1457,224,5
3627,1457,149,2
3628,1458,361,2
3629,1458,465,5
3630,1458,389,4
3631,1458,156,3
3632,1459,341,4
3633,1459,162,3
3634,1459,430,1
3635,1460,143,5
3636,1461,76,5
3637,1461,403,4
3638,1461,469,5
3639,1462,71,4
3640,1462,20,1
3641,1462,329,1
3642,1463,222,1
3643,1464,397,4
3644,1465,205,2
3645,1465,112,1
3646,1465,340,3
3647,1466,43,4
3648,1466,451,5
3649,1466,246,2
3650,1467,312,3
3651,1467,429,5
3652,1467,28,1
3653,1468,114,1
3654,1468,139,5
3655,1468,413,1
3656,1469,270,2
3657,1470,474,4
3658,1470,55,3
3659,1471,30,2
3660,1471,63,2
3661,1471,381,2
3662,1472,317,2
3663,1472,83,4
3664,1472,392,1
3665,1472,324,5
3666,1473,173,4
3667,1473,433,4
3668,1473,116,3
3669,1474,215,4
3670,1474,302,2
3671,1475,313,3
3672,1475,83,3
3673,1475,57,5
3674,1475,18,4
3675,1476,137,4
3676,1477,480,4
3677,1477,94,4
3678,1477,335,1
3679,1477,120,5
3680,1478,55,2
3681,1479,273,5
3682,1480,17,4
3683,1480,293,5
3684,1480,239,5
3685,1480,39,2
3686,1481,436,5
3687,1481,156,5
3688,1481,464,2
3689,1481,151,2
3690,1482,341,3
3691,1482,408,2
3692,1482,451,3
3693,1483,101,2
3694,1484,95,2
3695,1485,178,3
3696,1485,314,5
3697,1485,460,3
3698,1486,50,1
3699,1486,171,4
3700,1486,92,3
3701,1487,151,4
3702,1487,156,3
3703,1487,383,3
3704,1487,94,5
3705,1488,152,4
3706,1488,198,2
3707,1488,452,5
3708,1489,62,5
3709,1489,122,5
3710,1490,135,1
3711,1490,154,4
3712,1490,355,4
3713,1491,22,1
3714,1491,428,5
3715,1491,329,5
3716,1491,314,4
3717,1492,281,4
3718,1492,400,4
3719,1493,343,5
3720,1493,334,1
3721,1493,408,3
3722,1494,305,2
3723,1495,313,3
3724,1496,179,4
3725,1497,20,4
3726,1498,487,1
3727,1498,195,1
3728,1498,184,3
3729,1499,168,2
3730,1499,152,3
3731,1499,287,5
3732,1499,68,1
3733,1500,423,3
3734,1500,182,5
3735,1501,275,2
3736,1501,104,2
3737,1501,470,1
3738,1502,367,5
3739,1502,490,4
3740,1502,115,3
3741,1503,373,1
3742,1503,128,5
3743,1504,52,4
3744,1504,37,2
3745,1504,59,4
3746,1504,224,5
3747,1505,90,4
3748,1505,241,4
3749,1505,393,4
3750,1506,149,2
3751,1506,128,5
3752,1506,93,2
3753,1507,292,5
3754,1508,134,3
3755,1508,439,4
3756,1508,4,2
3757,1509,375,1
3758,1509,191,3
3759,1510,184,1
3760,1510,225,3
3761,1511,294,4
3762,1511,174,4
3763,1511,310,5
3764,1512,229,1
3765,1512,124,4
3766,1513,272,4
3767,1513,118,5
3768,1513,336,3
3769,1514,364,4
3770,1514,394,5
3771,1514,437,4
3772,1514,97,4
3773,1515,231,4
3774,1515,30,3
3775,1516,76,2
3776,1516,359,4
3777,1516,278,3
3778,1517,117,1
3779,1517,263,4
3780,1518,493,2
3781,1519,157,1
3782,1520,222,3
3783,1520,492,3
3784,1520,65,4
3785,1521,464,3
3786,1521,277,3
3787,1521,35,2
3788,1522,67,5
3789,1522,133,3
3790,1522,179,2
3791,1522,259,4
3792,1523,152,4
3793,1524,233,3
3794,1524,357,5
3795,1524,212,2
3796,1525,22,2
3797,1526,24,5
3798,1527,384,3
3799,1528,481,2
3800,1528,453,4
3801,1528,494,1
3802,1529,208,4
3803,1529,150,3
3804,1529,294,2
3805,1530,251,1
3806,1530,447,3
3807,1531,229,1
3808,1531,168,2
3809,1531,178,4
3810,1531,264,5
3811,1532,311,2
3812,1532,8,1
3813,1532,368,3
3814,1533,279,3
3815,1533,299,4
3816,1533,102,1
3817,1533,317,1
3818,1534,397,5
3819,1535,120,3
3820,1535,171,3
3821,1535,407,1
3822,1535,321,4
3823,1536,233,5
3824,1536,290,3
3825,1537,244,3
3826,1537,202,1
3827,1537,410,5
3828,1538,116,1
3829,1538,471,5
3830,1538,66,5
3831,1539,265,2
3832,1539,465,5
3833,1540,221,1
3834,1540,275,4
3835,1540,141,5
3836,1541,438,1
3837,1542,101,1
3838,1543,221,3
3839,1544,38,3
3840,1545,306,4
3841,1545,130,2
3842,1546,112,4
3843,1546,314,3
3844,1547,394,3
3845,1547,171,1
3846,1547,274,2
3847,1548,20,5
3848,1548,214,4
3849,1548,399,4
3850,1549,404,2
3851,1549,437,2
3852,1549,285,4
3853,1550,129,2
3854,1550,222,2
3855,1550,99,5
3856,1551,10,2
3857,1552,492,4
3858,1552,468,2
3859,1552,364,2
3860,1553,41,3
3861,1553,255,2
3862,1553,269,3
3863,1554,459,3
3864,1555,366,3
3865,1555,197,3
3866,1556,223,1
3867,1556,394,2
3868,1556,383,2
3869,1556,97,5
3870,1557,466,3
3871,1557,130,1
3872,1557,207,2
3873,1557,219,5
3874,1558,221,1
3875,1558,91,5
3876,1559,191,4
3877,1559,55,1
3878,1560,470,3
3879,1560,107,1
3880,1560,372,1
3881,1560,24,5
3882,1561,304,4
3883,1561,78,4
3884,1562,104,3
3885,1562,203,5
3886,1562,191,4
3887,1563,337,4
3888,1563,433,4
3889,1563,312,5
3890,1563,471,4
3891,1564,364,3
3892,1564,456,3
3893,1564,480,2
3894,1565,155,1
3895,1565,360,5
3896,1565,104,2
3897,1566,47,2
3898,1567,28,4
3899,1567,127,1
3900,1568,335,5
3901,1568,441,3
3902,1568,233,5
3903,1568,400,3
3904,1569,413,3
3905,1569,75,2
3906,1570,384,5
3907,1571,366,3
3908,1571,120,5
3909,1571,132,2
3910,1571,181,1
3911,1572,22,5
3912,1572,117,5
3913,1573,429,4
3914,1573,72,5
3915,1573,115,4
3916,1573,389,4
3917,1574,171,2
3918,1574,150,4
3919,1575,74,3
3920,1575,398,3
3921,1575,282,3
3922,1575,145,3
3923,1576,161,1
3924,1576,295,1
3925,1577,315,2
3926,1578,38,4
3927,1578,466,4
3928,1578,127,1
3929,1578,490,1
3930,1579,227,3
3931,1579,125,3
3932,1579,257,2
3933,1579,14,4
3934,1580,484,3
3935,1580,478,3
3936,1581,499,5
3937,1581,113,4
3938,1582,290,5
3939,1582,88,4
3940,1583,218,4
3941,1583,64,4
3942,1583,469,1
3943,1584,143,1
3944,1585,120,4
3945,1586,28,3
3946,1586,375,5
3947,1586,284,3
3948,1587,488,4
3949,1588,459,1
3950,1588,146,1
3951,1588,490,2
3952,1588,389,4
3953,1589,387,1
3954,1589,482,2
3955,1589,186,4
3956,1590,164,3
3957,1590,117,5
3958,1590,112,1
3959,1591,221,5
3960,1591,378,4
3961,1591,268,1
3962,1592,225,3
3963,1593,142,4
3964,1593,240,2
3965,1594,358,5
3966,1595,157,2
3967,1595,219,2
3968,1596,15,4
3969,1596,239,2
3970,1596,161,1
3971,1596,278,5
3972,1597,411,2
3973,1597,363,5
3974,1598,198,3
3975,1598,249,2
3976,1599,2,5
3977,1599,107,2
3978,1599,70,5
3979,1600,416,3
3980,1601,155,3
3981,1601,190,1
3982,1601,49,3
3983,1601,127,1
3984,1602,51,3
3985,1602,15,1
3986,1602,414,3
3987,1603,293,5
3988,1603,159,1
3989,1603,140,3
3990,1603,104,3
3991,1604,439,5
3992,1604,103,5
3993,1604,410,1
3994,1604,435,4
3995,1605,339,3
3996,1605,118,3
3997,1605,312,1
3998,1606,263,2
3999,1606,82,5
4000,1606,63,5
4001,1607,470,1
4002,1607,162,3
4003,1608,394,2
4004,1608,213,4
4005,1609,455,2
4006,1609,118,2
4007,1609,110,3
4008,1610,447,1
4009,1610,132,2
4010,1610,427,4
4011,1611,158,3
4012,1611,352,1
4013,1611,489,5
4014,1612,2,5
4015,1612,160,2
4016,1613,389,3
4017,1613,93,2
4018,1613,467,2
4019,1614,34,1
4020,1614,135,5
4021,1615,143,1
4022,1615,18,1
4023,1616,63,1
4024,1616,334,5
4025,1616,156,2
4026,1616,77,2
4027,1617,335,1
4028,1618,289,1
4029,1619,314,4
4030,1619,200,3
4031,1620,202,4
4032,1620,329,5
4033,1620,429,1
4034,1620,37,3
4035,1621,423,3
4036,1621,90,2
4037,1621,345,4
4038,1622,276,1
4039,1622,138,3
4040,1623,193,4
4041,1623,337,4
4042,1624,313,1
4043,1624,228,4
4044,1625,440,3
4045,1625,242,1
4046,1625,101,5
4047,1625,183,4
4048,1626,366,3
4049,1626,302,5
4050,1627,133,1
4051,1627,155,1
4052,1627,264,5
4053,1627,315,2
4054,1628,99,2
4055,1629,371,1
4056,1629,438,5
4057,1629,176,4
4058,1629,484,4
4059,1630,64,4
4060,1630,248,3
4061,1630,134,1
4062,1631,6,1
4063,1631,281,1
4064,1631,396,5
4065,1631,434,5
4066,1632,242,3
4067,1632,179,4
4068,1633,396,3
4069,1633,135,3
4070,1633,214,2
4071,1634,150,4
4072,1635,218,2
4073,1635,177,1
4074,1636,74,2
4075,1636,449,4
4076,1637,362,3
4077,1638,280,1
4078,1638,342,2
4079,1638,175,2
4080,1638,380,1
4081,1639,327,1
4082,1639,384,3
4083,1639,181,2
4084,1639,389,1
4085,1640,24,2
4086,1641,243,4
4087,1641,431,3
4088,1642,428,5
4089,1642,303,3
4090,1642,435,2
4091,1642,6,1
4092,1643,108,5
4093,1643,208,5
4094,1643,433,2
4095,1644,62,3
4096,1644,388,1
4097,1644,203,2
4098,1645,310,4
4099,1645,313,3
4100,1646,312,1
4101,1647,69,3
4102,1647,252,1
4103,1648,168,1
4104,1649,138,5
4105,1649,384,5
4106,1649,250,2
4107,1650,435,3
4108,1650,492,3
4109,1651,327,2
4110,1651,49,4
4111,1651,169,4
4112,1651,34,5
4113,1652,410,1
4114,1652,411,2
4115,1652,386,5
4116,1652,233,3
4117,1653,136,1
4118,1653,261,2
4119,1653,279,4
4120,1653,486,3
4121,1654,316,2
4122,1655,258,2
4123,1656,494,5
4124,1656,24,5
4125,1656,349,2
4126,1657,105,3
4127,1658,492,2
4128,1658,80,2
4129,1658,60,2
4130,1659,448,1
4131,1659,180,2
4132,1659,374,5
4133,1659,136,4
4134,1660,222,5
4135,1660,251,2
4136,1661,151,5
4137,1661,211,4
4138,1661,466,2
4139,1662,458,5
4140,1662,373,2
4141,1662,105,5
4142,1662,38,4
4143,1663,386,2
4144,1663,439,5
4145,1663,13,3
4146,1663,339,1
4147,1664,125,1
4148,1664,364,2
4149,1664,248,5
4150,1665,417,5
4151,1665,130,3
4152,1666,425,5
4153,1667,264,1
4154,1667,424,4
4155,1667,395,1
4156,1668,354,4
4157,1668,236,4
4158,1668,80,2
4159,1668,11,2
4160,1669,74,3
4161,1669,479,2
4162,1669,215,5
4163,1669,279,4
4164,1670,250,5
4165,1670,479,2
4166,1670,57,2
4167,1671,336,5
4168,1672,241,2
4169,1672,213,3
4170,1672,20,4
4171,1672,365,1
4172,1673,168,1
4173,1673,67,5
4174,1673,271,5
4175,1673,146,3
4176,1674,462,4
4177,1674,431,4
4178,1675,461,3
4179,1675,369,2
4180,1676,127,3
4181,1677,28,4
4182,1677,70,3
4183,1677,424,1
4184,1677,243,2
4185,1678,456,1
4186,1679,51,4
4187,1679,456,4
4188,1680,284,2
4189,1680,439,1
4190,1681,397,3
4191,1681,365,2
4192,1681,21,1
4193,1682,474,2
4194,1682,493,3
4195,1682,286,2
4196,1682,467,2
4197,1683,73,1
4198,1683,30,2
4199,1683,178,1
4200,1683,27,2
4201,1684,184,2
4202,1684,321,2
4203,1685,336,3
4204,1685,134,4
4205,1686,10,5
4206,1686,491,5
4207,1686,377,5
4208,1686,247,1
4209,1687,443,2
4210,1687,462,2
4211,1688,254,4
4212,1688,61,5
4213,1689,267,3
4214,1689,8,5
4215,1690,107,3
4216,1691,420,5
4217,1691,342,1
4218,1692,272,5
4219,1692,423,1
4220,1692,229,1
4221,1692,23,4
4222,1693,399,2
4223,1693,389,5
4224,1693,185,4
4225,1694,359,1
4226,1694,31,3
4227,1694,65,3
4228,1695,281,4
4229,1695,251,5
4230,1695,168,3
4231,1696,218,2
4232,1696,95,1
4233,1696,172,5
4234,1696,291,1
4235,1697,183,3
4236,1697,448,3
4237,1698,182,5
4238,1698,109,1
4239,1698,374,4
4240,1698,308,5
4241,1699,389,4
4242,1700,65,2
4243,1701,169,2
4244,1702,263,1
4245,1703,300,3
4246,1703,170,4
4247,1703,377,5
4248,1703,466,4
4249,1704,60,3
4250,1704,280,2
4251,1704,315,5
4252,1705,138,2
4253,1705,44,4
4254,1706,39,2
4255,1706,102,3
4256,1707,275,5
4257,1707,56,1
4258,1707,169,3
4259,1707,452,5
4260,1708,76,5
4261,1708,428,2
4262,1708,169,1
4263,1709,346,4
4264,1709,423,2
4265,1709,22,3
4266,1709,241,1
4267,1710,50,1
4268,1711,282,4
4269,1712,224,4
4270,1712,424,1
4271,1712,218,1
4272,1713,426,4
4273,1713,307,4
4274,1714,113,1
4275,1715,434,1
4276,1715,171,3
4277,1716,216,1
4278,1717,270,4
4279,1717,134,1
4280,1717,435,4
4281,1717,252,1
4282,1718,380,5
4283,1718,355,2
4284,1719,198,1
4285,1719,472,2
4286,1719,225,3
4287,1719,373,4
4288,1720,243,3
4289,1721,98,4
4290,1722,289,3
4291,1722,307,4
4292,1722,6,5
4293,1723,10,1
4294,1723,276,5
4295,1723,125,1
4296,1723,281,5
4297,1724,255,1
4298,1724,82,3
4299,1724,345,5
4300,1724,479,4
4301,1725,153,1
4302,1725,388,3
4303,1725,311,3
4304,1725,476,1
4305,1726,439,2
4306,1726,229,2
4307,1726,26,5
4308,1727,238,2
4309,1727,4,4
4310,1727,48,4
4311,1727,427,4
4312,1728,348,5
4313,1729,355,4
4314,1729,478,3
4315,1729,175,5
4316,1729,399,2
4317,1730,123,3
4318,1731,191,1
4319,1732,122,3
4320,1733,50,4
4321,1734,9,5
4322,1734,151,2
4323,1734,121,2
4324,1735,69,3
4325,1735,308,3
4326,1735,142,4
4327,1735,406,5
4328,1736,431,4
4329,1736,391,1
4330,1736,379,2
4331,1736,461,5
4332,1737,88,2
4333,1738,213,2
4334,1738,158,4
4335,1739,469,4
4336,1740,302,5
4337,1740,241,5
4338,1740,144,1
4339,1741,213,1
4340,1741,230,1
4341,1742,9,5
4342,1743,340,4
4343,1743,224,3
4344,1743,367,3
4345,1743,147,4
4346,1744,208,5
4347,1744,63,2
4348,1745,232,4
4349,1745,39,5
4350,1746,359,3
4351,1746,70,1
4352,1746,168,3
4353,1746,143,1
4354,1747,439,2
4355,1747,240,3
4356,1748,317,4
4357,1748,313,1
4358,1748,251,3
4359,1749,115,4
4360,1749,368,5
4361,1749,358,3
4362,1749,234,2
4363,1750,145,3
4364,1750,260,1
4365,1750,72,2
4366,1750,413,2
4367,1751,451,2
4368,1752,331,5
4369,1752,434,3
4370,1752,360,5
4371,1752,265,5
4372,1753,245,5
4373,1753,262,4
4374,1753,182,4
4375,1754,77,4
4376,1755,293,1
4377,1755,468,5
4378,1756,104,2
4379,1757,311,5
4380,1757,180,1
4381,1757,372,3
4382,1757,86,4
4383,1758,186,4
4384,1758,82,5
4385,1758,166,1
4386,1758,214,5
4387,1759,468,1
4388,1759,258,4
4389,1759,99,4
4390,1759,216,2
4391,1760,35,3
4392,1760,68,5
4393,1760,160,2
4394,1760,301,1
4395,1761,340,1
4396,1761,159,3
4397,1761,344,4
4398,1762,494,2
4399,1762,275,4
4400,1762,202,5
4401,1762,74,1
4402,1763,305,5
4403,1763,488,3
4404,1763,355,3
4405,1763,441,5
4406,1764,17,2
4407,1765,93,1
4408,1765,411,5
4409,1765,135,5
4410,1765,234,1
4411,1766,14,4
4412,1766,493,2
4413,1766,18,4
4414,1766,300,3
4415,1767,46,5
4416,1768,424,4
4417,1768,430,5
4418,1769,229,2
4419,1769,72,2
4420,1769,292,3
4421,1769,187,4
4422,1770,494,1
4423,1770,13,4
4424,1770,483,3
4425,1770,52,3
4426,1771,275,3
4427,1771,84,4
4428,1771,259,4
4429,1771,306,5
4430,1772,5,2
4431,1772,249,2
4432,1772,403,3
4433,1773,155,3
4434,1773,353,5
4435,1773,321,4
4436,1773,155,4
4437,1774,171,4
4438,1775,90,4
4439,1776,189,5
4440,1777,331,3
4441,1777,212,4
4442,1777,144,5
4443,1777,428,5
4444,1778,297,2
4445,1778,222,4
4446,1779,429,2
4447,1780,232,3
4448,1780,359,5
4449,1780,105,5
4450,1781,159,3
4451,1781,347,2
4452,1782,150,2
4453,1782,453,1
4454,1782,367,1
4455,1782,207,3
4456,1783,83,1
4457,1784,31,5
4458,1784,106,4
4459,1784,93,5
4460,1784,88,2
4461,1785,324,2
4462,1785,325,3
4463,1785,466,5
4464,1786,229,5
4465,1786,105,5
4466,1787,27,5
4467,1787,451,5
4468,1788,332,5
4469,1788,95,5
4470,1788,8,5
4471,1789,327,1
4472,1789,183,3
4473,1789,14,3
4474,1789,411,3
4475,1790,400,4
4476,1790,39,4
4477,1790,334,5
4478,1791,339,1
4479,1791,249,5
4480,1791,48,4
4481,1792,272,4
4482,1793,148,4
4483,1793,166,4
4484,1794,221,3
4485,1794,480,2
4486,1794,320,2
4487,1794,159,2
4488,1795,31,2
4489,1795,174,2
4490,1796,201,2
4491,1796,40,4
4492,1797,386,3
4493,1797,32,4
4494,1798,96,5
4495,1799,378,4
4496,1799,290,3
4497,1800,363,3
4498,1800,255,3
4499,1801,176,3
4500,1802,9,2
4501,1802,2,1
4502,1803,184,4
4503,1803,423,1
4504,1803,473,1
4505,1803,174,3
4506,1804,261,3
4507,1804,294,1
4508,1805,19,3
4509,1806,228,4
4510,1806,30,5
4511,1806,305,2
4512,1806,116,3
4513,1807,295,2
4514,1807,316,1
4515,1807,214,2
4516,1808,98,4
4517,1808,61,3
4518,1808,127,5
4519,1808,63,5
4520,1809,428,1
4521,1810,348,5
4522,1810,236,2
4523,1811,357,3
4524,1811,19,2
4525,1811,67,5
4526,1811,112,1
4527,1812,15,4
4528,1812,218,1
4529,1812,328,1
4530,1812,287,2
4531,1813,302,1
4532,1814,374,2
4533,1815,494,2
4534,1815,315,3
4535,1815,323,3
4536,1815,21,3
4537,1816,252,5
4538,1816,433,5
4539,1817,392,2
4540,1817,495,4
4541,1818,106,3
4542,1818,60,2
4543,1819,428,4
4544,1819,254,5
4545,1820,122,1
4546,1821,165,1
4547,1822,252,3
4548,1823,462,3
4549,1824,458,4
4550,1824,454,3
4551,1825,35,4
4552,1825,368,1
4553,1825,184,3
4554,1825,164,4
4555,1826,256,1
4556,1827,280,4
4557,1827,412,1
4558,1827,307,4
4559,1827,181,3
4560,1828,9,5
4561,1828,134,5
4562,1828,346,1
4563,1828,20,3
4564,1829,282,3
4565,1830,171,2
4566,1830,121,1
4567,1831,28,3
4568,1831,346,2
4569,1831,217,5
4570,1831,117,4
4571,1832,249,3
4572,1832,149,5
4573,1833,21,3
4574,1833,212,5
4575,1833,20,5
4576,1833,17,5
4577,1834,284,5
4578,1834,388,4
4579,1835,411,4
4580,1835,282,5
4581,1835,109,5
4582,1835,281,3
4583,1836,435,1
4584,1836,408,1
4585,1836,418,4
4586,1836,176,2
4587,1837,125,5
4588,1838,207,1
4589,1839,399,2
4590,1840,166,4
4591,1840,108,2
4592,1841,195,2
4593,1841,166,2
4594,1841,318,5
4595,1841,199,5
4596,1842,44,1
4597,1842,251,5
4598,1842,158,5
4599,1843,298,5
4600,1844,342,5
4601,1844,484,3
4602,1845,388,5
4603,1845,418,1
4604,1845,34,2
4605,1845,11,1
4606,1846,327,2
4607,1846,481,5
4608,1847,183,5
4609,1847,278,5
4610,1847,302,3
4611,1847,158,1
4612,1848,9,2
4613,1849,330,2
4614,1849,84,5
4615,1849,131,4
4616,1849,224,1
4617,1850,219,4
4618,1851,124,3
4619,1851,282,2
4620,1851,369,5
4621,1851,444,1
4622,1852,280,5
4623,1852,77,2
4624,1852,366,3
4625,1852,353,3
4626,1853,311,1
4627,1853,79,2
4628,1853,245,2
4629,1853,354,5
4630,1854,168,2
4631,1855,371,4
4632,1855,108,1
4633,1855,67,3
4634,1855,305,5
4635,1856,430,5
4636,1856,115,3
4637,1856,454,1
4638,1856,17,1
4639,1857,172,3
4640,1857,21,5
4641,1857,199,5
4642,1858,491,5
4643,1858,160,5
4644,1858,33,4
4645,1858,90,3
4646,1859,24,1
4647,1859,475,4
4648,1859,356,1
4649,1860,245,1
4650,1860,405,1
4651,1860,62,3
4652,1861,375,1
4653,1861,206,3
4654,1862,421,1
4655,1863,483,3
4656,1863,186,4
4657,1863,463,5
4658,1863,139,1
4659,1864,290,5
4660,1864,423,1
4661,1864,228,5
4662,1865,305,2
4663,1866,368,4
4664,1867,136,4
4665,1867,452,2
4666,1867,410,5
4667,1867,117,3
4668,1868,33,4
4669,1868,83,2
4670,1869,482,4
4671,1869,185,2
4672,1869,269,4
4673,1869,330,1
4674,1870,129,2
4675,1870,460,1
4676,1870,287,3
4677,1870,360,5
4678,1871,147,2
4679,1872,382,3
4680,1873,399,1
4681,1873,439,1
4682,1873,336,4
4683,1873,256,4
4684,1874,122,3
4685,1874,482,4
4686,1874,399,2
4687,1875,148,4
4688,1875,107,4
4689,1875,219,3
4690,1875,225,3
4691,1876,244,3
4692,1876,250,5
4693,1877,287,2
4694,1877,237,5
4695,1878,477,5
4696,1878,263,5
4697,1878,54,3
4698,1878,57,3
4699,1879,47,1
4700,1879,259,5
4701,1879,448,5
4702,1879,339,1
4703,1880,229,1
4704,1880,20,5
4705,1880,347,4
4706,1880,36,2
4707,1881,459,3
4708,1881,102,1
4709,1881,157,1
4710,1882,130,5
4711,1882,56,2
4712,1882,21,5
4713,1883,173,2
4714,1884,92,1
4715,1885,326,5
4716,1886,303,1
4717,1886,231,4
4718,1887,435,4
4719,1887,374,5
4720,1887,341,3
4721,1888,18,2
4722,1888,296,1
4723,1889,280,5
4724,1890,343,1
4725,1891,27,4
4726,1891,191,5
4727,1892,34,2
4728,1893,180,4
4729,1894,249,2
4730,1894,414,5
4731,1894,342,4
4732,1894,156,5
4733,1895,164,5
4734,1895,344,4
4735,1895,3,3
4736,1895,106,5
4737,1896,408,2
4738,1896,80,1
4739,1896,424,4
4740,1896,49,4
4741,1897,232,5
4742,1897,325,2
4743,1897,449,1
4744,1897,161,3
4745,1898,146,4
4746,1898,75,3
4747,1898,150,3
4748,1899,306,3
4749,1900,497,2
4750,1900,22,3
4751,1901,171,4
4752,1902,257,3
4753,1902,390,2
4754,1902,80,5
4755,1902,495,4
4756,1903,286,1
4757,1903,238,1
4758,1904,195,3
4759,1904,180,5
4760,1905,335,3
4761,1905,234,5
4762,1906,167,1
4763,1906,381,2
4764,1906,224,3
4765,1907,225,5
4766,1907,147,2
4767,1907,108,2
4768,1907,361,3
4769,1908,325,4
4770,1908,180,5
4771,1908,410,5
4772,1909,340,5
4773,1909,453,2
4774,1909,245,1
4775,1909,481,2
4776,1910,126,4
4777,1910,133,3
4778,1911,33,1
4779,1911,256,4
4780,1911,20,3
4781,1912,31,5
4782,1912,451,2
4783,1912,17,2
4784,1912,306,1
4785,1913,400,5
4786,1913,399,2
4787,1913,89,1
4788,1913,389,5
4789,1914,42,5
4790,1914,250,5
4791,1915,387,2
4792,1916,349,4
4793,1916,169,4
4794,1916,122,5
4795,1917,459,5
4796,1917,386,1
4797,1917,187,5
4798,1917,220,1
4799,1918,272,5
4800,1918,99,4
4801,1918,433,2
4802,1918,24,4
4803,1919,49,3
4804,1919,495,2
4805,1919,150,2
4806,1920,490,3
4807,1920,421,2
4808,1920,123,5
4809,1921,148,2
4810,1921,24,2
4811,1922,432,1
4812,1922,100,5
4813,1922,496,4
4814,1922,496,5
4815,1923,16,4
4816,1923,112,4
4817,1924,269,4
4818,1924,445,4
4819,1924,155,2
4820,1924,415,4
4821,1925,36,4
4822,1925,288,2
4823,1925,445,4
4824,1925,285,1
4825,1926,123,3
4826,1927,477,2
4827,1928,201,5
4828,1928,349,2
4829,1928,213,5
4830,1929,98,1
4831,1929,281,1
4832,1929,460,3
4833,1930,464,1
4834,1930,465,2
4835,1930,285,4
4836,1930,21,4
4837,1931,201,2
4838,1931,27,5
4839,1931,108,5
4840,1931,210,1
4841,1932,438,3
4842,1932,156,2
4843,1932,105,5
4844,1932,422,4
4845,1933,307,1
4846,1933,117,1
4847,1933,183,2
4848,1934,269,5
4849,1934,6,4
4850,1934,297,1
4851,1935,206,1
4852,1936,34,3
4853,1936,445,3
4854,1937,105,2
4855,1938,235,2
4856,1938,228,5
4857,1939,122,3
4858,1939,272,4
4859,1940,178,4
4860,1941,51,5
4861,1941,497,1
4862,1942,443,2
4863,1943,167,1
4864,1943,171,1
4865,1943,186,2
4866,1944,396,3
4867,1944,416,5
4868,1944,14,5
4869,1945,288,5
4870,1945,165,4
4871,1946,11,2
4872,1947,162,3
4873,1947,46,5
4874,1948,297,5
4875,1949,253,2
4876,1949,216,5
4877,1950,100,4
4878,1950,420,2
4879,1950,22,2
4880,1951,43,3
4881,1952,271,4
4882,1952,274,2
4883,1953,184,4
4884,1953,394,3
4885,1953,331,2
4886,1954,289,4
4887,1955,22,2
4888,1955,78,1
4889,1956,361,2
4890,1956,177,5
4891,1957,457,4
4892,1957,499,5
4893,1958,16,1
4894,1958,435,2
4895,1959,411,4
4896,1959,222,4
4897,1959,82,3
4898,1959,267,1
4899,1960,120,2
4900,1960,195,5
4901,1960,137,5
4902,1960,416,5
4903,1961,214,1
4904,1961,383,1
4905,1962,86,4
4906,1963,309,5
4907,1963,59,5
4908,1964,264,3
4909,1965,100,4
4910,1966,32,4
4911,1966,199,2
4912,1967,216,5
4913,1967,351,3
4914,1968,468,5
4915,1969,244,5
4916,1969,451,5
4917,1970,471,2
4918,1970,415,3
4919,1970,312,4
4920,1970,373,5
4921,1971,12,3
4922,1972,182,2
4923,1972,194,3
4924,1972,125,2
4925,1972,211,5
4926,1973,75,3
4927,1973,428,5
4928,1974,290,1
4929,1974,13,2
4930,1975,54,5
4931,1975,267,1
4932,1975,174,3
4933,1975,333,3
4934,1976,60,3
4935,1977,28,1
4936,1978,18,4
4937,1978,223,2
4938,1978,266,5
4939,1978,159,4
4940,1979,175,5
4941,1979,103,5
4942,1979,63,2
4943,1979,112,3
4944,1980,235,2
4945,1981,102,1
4946,1981,44,4
4947,1982,237,5
4948,1982,278,1
4949,1982,89,1
4950,1983,223,1
4951,1983,457,4
4952,1984,357,2
4953,1984,287,3
4954,1984,373,5
4955,1984,414,3
4956,1985,454,1
4957,1985,133,1
4958,1985,180,5
4959,1986,195,3
4960,1986,191,1
4961,1987,453,2
4962,1987,54,2
4963,1987,475,5
4964,1987,433,3
4965,1988,417,5
4966,1988,135,4
4967,1989,232,1
4968,1989,181,1
4969,1989,262,1
4970,1989,334,3
4971,1990,147,1
4972,1991,69,5
4973,1992,264,3
4974,1992,34,2
4975,1993,495,2
4976,1994,76,4
4977,1994,8,2
4978,1994,249,5
4979,1994,301,5
4980,1995,43,1
4981,1996,17,3
4982,1996,348,4
4983,1997,10,2
4984,1998,198,4
4985,1998,267,1
4986,1998,173,3
4987,1998,416,5
4988,1999,461,1
4989,1999,56,3
4990,1999,202,4
4991,1999,66,2
4992,2000,85,4
4993,2000,224,4
4994,2001,65,2
4995,2001,425,1
4996,2001,43,5
4997,2002,80,5
4998,2002,188,3
4999,2002,31,4
5000,2003,174,3
5001,2003,324,4
5002,2003,472,4
5003,2003,108,4
5004,2004,466,3
5005,2004,139,3
5006,2004,26,5
5007,2005,489,1
5008,2006,109,3
5009,2006,435,1
5010,2006,98,1
5011,2006,429,5
5012,2007,145,4
5013,2007,322,2
5014,2007,397,1
5015,2008,320,4
5016,2008,164,1
5017,2008,330,4
5018,2008,455,5
5019,2009,277,1
5020,2009,61,4
5021,2010,432,5
5022,2010,486,2
5023,2010,152,3
5024,2011,62,1
5025,2011,431,3
5026,2011,445,5
5027,2011,132,3
5028,2012,449,1
5029,2013,375,2
5030,2014,429,1
5031,2014,242,3
5032,2014,475,5
5033,2015,23,3
5034,2015,366,3
5035,2015,399,5
5036,2015,9,1
5037,2016,339,1
5038,2017,263,2
5039,2018,302,2
5040,2018,238,5
5041,2018,288,1
5042,2019,492,5
5043,2019,288,3
5044,2019,104,2
5045,2019,264,3
5046,2020,276,5
5047,2020,282,4
5048,2021,198,4
5049,2022,131,3
5050,2023,271,3
5051,2023,195,5
5052,2023,388,5
5053,2024,89,1
5054,2024,177,1
5055,2024,10,2
5056,2024,433,1
5057,2025,399,2
5058,2026,349,2
5059,2026,381,2
5060,2026,265,2
5061,2026,375,4
5062,2027,156,4
5063,2028,361,5
5064,2028,140,3
5065,2028,327,1
5066,2029,459,3
5067,2030,235,5
5068,2031,373,4
5069,2031,230,5
5070,2031,74,1
5071,2032,486,3
5072,2032,273,4
5073,2033,373,4
5074,2033,357,3
5075,2034,253,4
5076,2034,429,1
5077,2034,389,4
5078,2035,348,4
5079,2036,256,5
5080,2036,18,2
5081,2036,183,3
5082,2036,298,3
5083,2037,223,5
5084,2037,129,3
5085,2037,413,1
5086,2037,370,1
5087,2038,296,3
5088,2038,57,2
5089,2039,230,4
5090,2039,241,2
5091,2039,464,5
5092,2039,464,2
5093,2040,464,5
5094,2040,55,5
5095,2040,425,1
5096,2041,108,4
5097,2041,380,2
5098,2041,252,4
5099,2042,377,4
5100,2042,294,5
5101,2042,328,5
5102,2043,293,3
5103,2043,5,2
5104,2044,451,4
5105,2044,116,2
5106,2044,374,3
5107,2045,146,2
5108,2046,440,4
5109,2046,110,5
5110,2046,210,5
5111,2046,123,4
5112,2047,358,3
5113,2047,404,2
5114,2047,259,1
5115,2048,196,5
5116,2049,311,1
5117,2049,456,3
5118,2050,37,1
5119,2050,35,5
5120,2050,58,2
5121,2051,235,2
5122,2052,243,3
5123,2052,113,5
5124,2052,190,5
5125,2053,169,4
5126,2053,354,1
5127,2053,38,3
5128,2054,413,2
5129,2055,32,2
5130,2055,90,2
5131,2055,17,2
5132,2055,201,3
5133,2056,421,4
5134,2056,482,3
5135,2057,186,2
5136,2057,247,3
5137,2057,368,3
5138,2058,250,5
5139,2058,137,3
5140,2058,476,4
5141,2058,317,2
5142,2059,88,3
5143,2059,144,4
5144,2059,126,3
5145,2060,89,2
5146,2060,125,5
5147,2060,124,5
5148,2060,6,3
5149,2061,23,5
5150,2061,279,5
5151,2062,300,1
5152,2062,212,5
5153,2062,73,2
5154,2062,255,4
5155,2063,264,2
5156,2064,458,4
5157,2065,492,1
5158,2065,128,3
5159,2066,329,2
5160,2066,209,3
5161,2066,375,2
5162,2067,337,1
5163,2067,300,3
5164,2067,434,1
5165,2068,145,4
5166,2069,367,2
5167,2069,109,5
5168,2069,242,1
5169,2069,324,2
5170,2070,342,3
5171,2070,449,5
5172,2070,371,1
5173,2071,433,5
5174,2071,489,4
5175,2072,178,4
5176,2072,369,4
5177,2072,189,2
5178,2073,361,3
5179,2073,436,1
5180,2073,234,5
5181,2073,83,3
5182,2074,322,2
5183,2075,251,3
5184,2076,187,5
5185,2076,214,1
5186,2076,408,2
5187,2077,445,1
5188,2077,340,1
5189,2077,59,4
5190,2078,155,5
5191,2079,159,1
5192,2079,107,1
5193,2080,214,4
5194,2080,97,1
5195,2080,45,3
5196,2081,303,1
5197,2081,185,5
5198,2082,82,5
5199,2082,425,1
5200,2082,420,3
5201,2083,410,3
5202,2083,224,2
5203,2083,44,4
5204,2083,51,2
5205,2084,389,5
5206,2084,97,2
5207,2084,408,5
5208,2085,354,1
5209,2086,318,3
5210,2086,60,1
5211,2086,289,1
5212,2086,253,3
5213,2087,216,3
5214,2087,391,4
5215,2087,275,4
5216,2088,88,1
5217,2089,157,3
5218,2089,328,4
5219,2090,19,1
5220,2090,364,4
5221,2091,9,1
5222,2091,413,5
5223,2092,252,2
5224,2092,354,5
5225,2093,115,3
5226,2094,60,2
5227,2094,134,2
5228,2095,349,3
5229,2095,29,5
5230,2095,444,5
5231,2095,28,1
5232,2096,57,2
5233,2096,45,4
5234,2096,389,2
5235,2097,72,3
5236,2097,458,4
5237,2097,417,4
5238,2098,115,1
5239,2098,424,4
5240,2098,371,3
5241,2099,69,2
5242,2099,46,3
5243,2099,211,1
5244,2100,33,3
5245,2100,213,4
5246,2100,73,5
5247,2101,183,4
5248,2101,447,5
5249,2101,284,2
5250,2101,453,5
5251,2102,130,1
5252,2102,395,4
5253,2102,355,4
5254,2102,145,2
5255,2103,40,2
5256,2103,232,2
5257,2103,453,4
5258,2104,3,3
5259,2104,120,5
5260,2105,101,5
5261,2105,162,5
5262,2105,136,2
5263,2105,13,2
5264,2106,227,2
5265,2106,126,2
5266,2106,227,4
5267,2107,303,2
5268,2108,320,2
5269,2108,320,3
5270,2108,493,3
5271,2109,306,5
5272,2110,110,2
5273,2110,411,1
5274,2110,152,4
5275,2110,152,3
5276,2111,256,4
5277,2111,328,4
5278,2111,466,2
5279,2112,370,1
5280,2113,324,4
5281,2113,361,1
5282,2114,371,3
5283,2114,72,4
5284,2115,360,4
5285,2115,430,4
5286,2116,28,5
5287,2116,415,5
5288,2116,363,4
5289,2117,459,3
5290,2117,101,1
5291,2117,181,4
5292,2117,274,3
5293,2118,463,2
5294,2118,108,5
5295,2119,496,4
5296,2119,475,5
5297,2119,425,4
5298,2120,80,2
5299,2120,197,3
5300,2121,2,2
5301,2122,207,2
5302,2122,395,5
5303,2122,132,1
5304,2123,191,1
5305,2123,364,1
5306,2123,303,4
5307,2124,52,1
5308,2124,403,5
5309,2124,267,3
5310,2124,212,2
5311,2125,300,5
5312,2126,334,3
5313,2126,273,2
5314,2127,333,5
5315,2127,150,2
5316,2127,419,2
5317,2127,388,1
5318,2128,358,3
5319,2128,16,5
5320,2129,72,1
5321,2129,464,2
5322,2129,222,1
5323,2129,406,3
5324,2130,22,2
5325,2130,133,5
5326,2130,302,4
5327,2130,61,4
5328,2131,159,2
5329,2132,482,2
5330,2132,113,1
5331,2133,424,1
5332,2134,76,3
5333,2134,430,5
5334,2135,429,5
5335,2135,164,4
5336,2136,398,2
5337,2137,429,4
5338,2137,497,1
5339,2137,478,4
5340,2138,175,3
5341,2138,223,2
5342,2139,254,2
5343,2139,476,5
5344,2139,235,1
5345,2140,359,3
5346,2141,181,3
5347,2141,187,5
5348,2142,455,2
5349,2142,63,1
5350,2142,423,5
5351,2142,104,5
5352,2143,82,4
5353,2143,49,2
5354,2143,161,2
5355,2144,443,2
5356,2145,21,3
5357,2145,187,3
5358,2146,339,4
5359,2147,99,3
5360,2148,203,2
5361,2148,131,4
5362,2148,82,2
5363,2149,328,4
5364,2149,283,3
5365,2150,355,2
5366,2150,219,1
5367,2150,186,4
5368,2150,14,4
5369,2151,92,1
5370,2151,451,4
5371,2151,33,4
5372,2151,451,2
5373,2152,290,1
5374,2152,269,5
5375,2152,471,1
5376,2152,296,5
5377,2153,364,2
5378,2153,404,2
5379,2154,47,4
5380,2154,129,4
5381,2154,67,1
5382,2155,235,4
5383,2155,10,3
5384,2155,278,3
5385,2155,482,3
5386,2156,64,4
5387,2156,178,4
5388,2157,427,5
5389,2158,260,4
5390,2158,78,5
5391,2158,21,1
5392,2158,59,4
5393,2159,449,4
5394,2160,117,2
5395,2161,50,2
5396,2161,127,1
5397,2161,380,3
5398,2162,175,5
5399,2162,310,3
5400,2162,7,2
5401,2162,229,4
5402,2163,116,2
5403,2163,414,3
5404,2163,401,3
5405,2163,499,4
5406,2164,329,2
5407,2165,370,2
5408,2166,411,1
5409,2166,175,5
5410,2166,90,1
5411,2166,215,1
5412,2167,305,1
5413,2167,447,1
5414,2167,486,1
5415,2167,275,4
5416,2168,281,4
5417,2168,410,5
5418,2169,206,5
5419,2169,325,5
5420,2169,340,5
5421,2170,418,5
5422,2171,109,4
5423,2171,443,1
5424,2172,409,2
5425,2172,134,3
5426,2173,215,3
5427,2173,389,4
5428,2174,459,3
5429,2174,236,2
5430,2175,269,1
5431,2175,458,5
5432,2176,339,3
5433,2177,103,1
5434,2177,99,5
5435,2178,215,3
5436,2178,439,3
5437,2178,353,3
5438,2178,214,3
5439,2179,216,2
5440,2179,47,1
5441,2179,432,5
5442,2180,127,3
5443,2180,367,4
5444,2181,495,3
5445,2181,234,1
5446,2181,7,4
5447,2182,233,3
5448,2182,376,5
5449,2182,15,4
5450,2182,408,5
5451,2183,63,3
5452,2184,246,5
5453,2184,325,2
5454,2185,74,5
5455,2185,73,3
5456,2186,105,3
5457,2186,139,2
5458,2186,10,3
5459,2186,47,2
5460,2187,134,4
5461,2188,173,1
5462,2188,416,4
5463,2189,228,1
5464,2189,410,1
5465,2189,447,3
5466,2189,356,2
5467,2190,193,1
5468,2190,135,1
5469,2191,49,5
5470,2192,396,1
5471,2192,456,5
5472,2193,127,3
5473,2193,499,3
5474,2193,6,5
5475,2193,61,1
5476,2194,416,5
5477,2195,390,3
5478,2195,370,2
5479,2196,403,3
5480,2196,29,3
5481,2197,268,4
5482,2197,294,5
5483,2197,195,5
5484,2197,415,3
5485,2198,38,5
5486,2198,99,5
5487,2198,109,3
5488,2199,227,5
5489,2199,94,1
5490,2200,438,4
5491,2200,351,2
5492,2201,225,3
5493,2202,299,4
5494,2203,124,2
5495,2203,9,2
5496,2204,410,3
5497,2204,417,5
5498,2204,92,3
5499,2204,189,3
5500,2205,270,5
5501,2205,100,3
5502,2205,137,5
5503,2206,297,1
5504,2206,400,1
5505,2207,343,4
5506,2207,173,5
5507,2207,362,1
5508,2208,129,4
5509,2209,114,3
5510,2209,161,1
5511,2209,342,4
5512,2210,130,4
5513,2210,101,4
5514,2211,265,1
5515,2212,428,5
5516,2213,277,5
5517,2213,206,3
5518,2214,446,5
5519,2214,497,4
5520,2214,397,1
5521,2215,245,1
5522,2216,70,2
5523,2216,278,1
5524,2216,136,3
5525,2216,442,2
5526,2217,411,3
5527,2217,334,1
5528,2217,304,5
5529,2217,74,2
5530,2218,76,5
5531,2218,430,1
5532,2218,225,3
5533,2218,278,4
5534,2219,276,5
5535,2219,101,2
5536,2219,325,4
5537,2219,129,5
5538,2220,413,4
5539,2220,179,1
5540,2221,318,1
5541,2222,179,2
5542,2223,108,5
5543,2223,202,4
5544,2223,469,4
5545,2223,382,4
5546,2224,141,3
5547,2224,157,5
5548,2225,268,1
5549,2225,279,1
5550,2226,261,3
5551,2226,431,3
5552,2227,129,1
5553,2228,137,5
5554,2228,84,1
5555,2228,471,1
5556,2229,394,3
5557,2229,326,4
5558,2229,237,3
5559,2230,275,4
5560,2230,477,4
5561,2230,344,5
5562,2230,406,4
5563,2231,171,4
5564,2232,296,1
5565,2233,342,5
5566,2233,158,3
5567,2233,333,3
5568,2233,370,2
5569,2234,472,1
5570,2234,65,1
5571,2234,39,4
5572,2235,22,5
5573,2236,159,2
5574,2237,134,1
5575,2238,459,3
5576,2238,361,3
5577,2238,444,5
5578,2239,81,4
5579,2239,433,4
5580,2240,366,3
5581,2240,491,1
5582,2240,471,3
5583,2241,59,5
5584,2241,204,4
5585,2241,429,3
5586,2241,469,1
5587,2242,149,4
5588,2242,270,4
5589,2242,230,1
5590,2242,243,2
5591,2243,144,5
5592,2244,339,1
5593,2244,359,3
5594,2244,107,5
5595,2245,40,3
5596,2245,406,1
5597,2245,279,4
5598,2246,313,1
5599,2247,191,5
5600,2247,162,3
5601,2248,374,3
5602,2248,154,4
5603,2249,53,5
5604,2249,266,4
5605,2250,447,4
5606,2251,427,4
5607,2251,380,1
5608,2251,360,3
5609,2252,245,4
5610,2252,408,1
5611,2252,300,1
5612,2252,413,2
5613,2253,454,3
5614,2253,175,4
5615,2253,478,1
5616,2254,347,4
5617,2254,328,4
5618,2254,420,3
5619,2254,279,2
5620,2255,258,1
5621,2255,36,5
5622,2255,162,5
5623,2256,223,4
5624,2256,188,2
5625,2256,326,4
5626,2256,219,1
5627,2257,308,1
5628,2257,360,1
5629,2257,3,2
5630,2258,41,5
5631,2259,94,3
5632,2259,29,4
5633,2259,147,3
5634,2260,90,3
5635,2261,204,5
5636,2261,97,1
5637,2261,426,3
5638,2262,83,3
5639,2262,120,2
5640,2262,7,1
5641,2263,40,4
5642,2264,312,5
5643,2264,186,5
5644,2264,435,1
5645,2265,110,3
5646,2265,72,3
5647,2265,227,3
5648,2265,292,2
5649,2266,391,1
5650,2266,458,4
5651,2266,483,4
5652,2267,234,5
5653,2267,189,2
5654,2268,342,5
5655,2268,446,3
5656,2268,28,3
5657,2269,11,4
5658,2269,128,4
5659,2269,481,5
5660,2269,456,1
5661,2270,52,5
5662,2270,345,3
5663,2270,378,3
5664,2271,347,4
5665,2271,96,2
5666,2272,363,4
5667,2272,105,2
5668,2273,143,3
5669,2273,441,1
5670,2274,349,5
5671,2274,202,2
5672,2274,465,4
5673,2274,411,4
5674,2275,131,5
5675,2276,499,1
5676,2276,95,5
5677,2277,106,1
5678,2277,467,5
5679,2278,325,2
5680,2279,331,5
5681,2279,22,4
5682,2279,116,1
5683,2280,218,2
5684,2280,468,5
5685,2281,217,1
5686,2281,30,1
5687,2281,145,1
5688,2282,274,5
5689,2282,316,1
5690,2282,311,1
5691,2282,48,3
5692,2283,495,5
5693,2283,5,5
5694,2283,468,1
5695,2283,461,1
5696,2284,354,3
5697,2284,146,2
5698,2285,478,1
5699,2285,390,1
5700,2285,442,4
5701,2285,231,1
5702,2286,244,4
5703,2286,278,1
5704,2286,206,4
5705,2286,443,1
5706,2287,183,2
5707,2287,435,3
5708,2287,299,4
5709,2287,333,3
5710,2288,352,1
5711,2288,433,2
5712,2289,248,5
5713,2290,500,3
5714,2290,365,2
5715,2291,202,2
5716,2291,202,3
5717,2291,148,5
5718,2291,316,3
5719,2292,178,1
5720,2292,340,3
5721,2292,102,2
5722,2293,295,4
5723,2293,52,1
5724,2293,37,4
5725,2294,2,4
5726,2294,385,5
5727,2294,78,3
5728,2295,350,1
5729,2295,429,1
5730,2296,286,4
5731,2296,361,2
5732,2297,201,3
5733,2297,391,4
5734,2297,323,2
5735,2297,324,1
5736,2298,309,2
5737,2298,307,3
5738,2298,158,4
5739,2299,461,5
5740,2299,281,4
5741,2299,487,3
5742,2299,139,1
5743,2300,228,5
5744,2300,69,4
5745,2300,315,5
5746,2300,342,3
5747,2301,54,1
5748,2301,473,1
5749,2301,213,4
5750,2302,440,4
5751,2303,409,3
5752,2303,351,3
5753,2304,194,4
5754,2304,159,1
5755,2304,317,2
5756,2304,221,3
5757,2305,83,4
5758,2306,411,2
5759,2307,92,1
5760,2307,280,4
5761,2308,117,5
5762,2309,133,1
5763,2309,13,4
5764,2309,74,4
5765,2310,91,5
5766,2311,8,2
5767,2311,429,1
5768,2312,463,2
5769,2312,251,3
5770,2312,459,2
5771,2313,387,1
5772,2313,255,1
5773,2314,291,4
5774,2314,4,5
5775,2315,19,2
5776,2315,275,2
5777,2316,274,1
5778,2316,284,3
5779,2316,12,1
5780,2317,491,2
5781,2317,14,3
5782,2318,184,5
5783,2319,115,1
5784,2319,398,2
5785,2320,164,3
5786,2320,317,3
5787,2320,156,4
5788,2320,380,4
5789,2321,35,2
5790,2322,425,5
5791,2322,31,3
5792,2323,190,5
5793,2323,77,4
5794,2324,21,5
5795,2324,455,5
5796,2324,331,4
5797,2324,138,1
5798,2325,475,5
5799,2326,140,5
5800,2326,143,5
5801,2326,397,4
5802,2326,494,4
5803,2327,181,4
5804,2328,471,3
5805,2328,347,2
5806,2328,358,4
5807,2329,283,4
5808,2329,252,2
5809,2329,259,5
5810,2330,297,4
5811,2330,236,3
5812,2330,391,3
5813,2330,414,3
5814,2331,9,1
5815,2331,373,4
5816,2332,384,1
5817,2332,463,2
5818,2332,28,2
5819,2333,431,2
5820,2333,173,5
5821,2333,402,1
5822,2334,336,2
5823,2334,95,4
5824,2335,321,4
5825,2335,68,2
5826,2336,62,1
5827,2337,331,4
5828,2338,127,4
5829,2338,171,2
5830,2339,148,1
5831,2339,253,5
5832,2340,388,3
5833,2341,148,2
5834,2342,357,1
5835,2342,182,4
5836,2342,449,5
5837,2343,31,5
5838,2343,377,1
5839,2343,79,3
5840,2344,499,3
5841,2344,203,5
5842,2344,18,4
5843,2344,280,1
5844,2345,339,4
5845,2346,465,1
5846,2346,157,3
5847,2346,54,3
5848,2347,176,2
5849,2348,163,4
5850,2348,380,1
5851,2348,294,3
5852,2349,236,5
5853,2350,173,3
5854,2350,409,2
5855,2350,70,3
5856,2351,425,4
5857,2352,10,5
5858,2352,448,5
5859,2352,303,1
5860,2353,204,4
5861,2353,140,3
5862,2354,271,4
5863,2354,110,3
5864,2354,420,4
5865,2355,421,4
5866,2355,218,2
5867,2355,322,4
5868,2356,422,2
5869,2356,264,2
5870,2356,151,5
5871,2357,276,3
5872,2357,366,3
5873,2358,272,5
5874,2358,414,5
5875,2358,444,2
5876,2359,442,1
5877,2359,34,3
5878,2360,309,4
5879,2360,231,2
5880,2360,483,4
5881,2361,404,5
5882,2362,93,1
5883,2362,85,4
5884,2362,104,4
5885,2363,296,1
5886,2363,352,3
5887,2363,63,4
5888,2363,27,1
5889,2364,223,2
5890,2364,327,2
5891,2365,129,1
5892,2366,124,2
5893,2366,336,1
5894,2366,22,2
5895,2367,486,1
5896,2367,192,2
5897,2367,407,3
5898,2367,249,3
5899,2368,432,2
5900,2369,494,5
5901,2369,357,3
5902,2369,96,1
5903,2370,122,1
5904,2370,290,1
5905,2370,267,4
5906,2371,86,2
5907,2371,473,2
5908,2371,132,2
5909,2372,406,3
5910,2372,463,3
5911,2372,13,2
5912,2373,373,4
5913,2374,128,3
5914,2374,334,1
5915,2375,234,2
5916,2375,130,4
5917,2376,169,4
5918,2377,15,4
5919,2377,40,2
5920,2377,371,1
5921,2377,75,3
5922,2378,462,3
5923,2378,70,2
5924,2379,412,5
5925,2379,387,1
5926,2380,279,2
5927,2381,307,2
5928,2382,249,3
5929,2382,300,1
5930,2382,375,2
5931,2383,99,5
5932,2383,186,2
5933,2384,499,4
5934,2384,370,1
5935,2384,220,3
5936,2384,8,5
5937,2385,85,1
5938,2385,438,5
5939,2386,380,5
5940,2386,465,3
5941,2386,193,5
5942,2386,123,1
5943,2387,443,1
5944,2387,100,3
5945,2388,292,1
5946,2388,423,4
5947,2388,184,3
5948,2389,374,5
5949,2389,275,2
5950,2389,70,1
5951,2390,292,4
5952,2390,357,4
5953,2391,4,4
5954,2391,19,3
5955,2391,464,4
5956,2392,3,1
5957,2393,170,2
5958,2393,68,1
5959,2394,147,4
5960,2394,461,1
5961,2394,274,3
5962,2394,229,4
5963,2395,8,5
5964,2396,125,4
5965,2396,488,3
5966,2396,123,4
5967,2397,234,3
5968,2397,293,2
5969,2397,399,1
5970,2397,419,1
5971,2398,298,4
5972,2399,192,2
5973,2400,80,4
5974,2400,319,5
5975,2400,381,5
5976,2400,191,3
5977,2401,458,1
5978,2401,140,5
5979,2402,451,1
5980,2402,204,4
5981,2402,403,2
5982,2403,95,2
5983,2403,114,3
5984,2404,334,2
5985,2404,236,5
5986,2404,199,4
5987,2404,292,1
5988,2405,250,3
5989,2406,337,2
5990,2406,249,1
5991,2406,476,3
5992,2407,28,4
5993,2407,39,3
5994,2407,5,3
5995,2408,46,3
5996,2408,225,2
5997,2408,89,1
5998,2409,476,3
5999,2409,234,2
6000,2409,207,1
6001,2409,254,5
6002,2410,435,5
6003,2410,433,4
6004,2410,48,4
6005,2411,486,2
6006,2412,98,3
6007,2412,383,5
6008,2413,485,5
6009,2413,491,4
6010,2413,24,4
6011,2414,88,3
6012,2414,378,5
6013,2414,98,3
6014,2414,403,2
6015,2415,253,1
6016,2415,352,5
6017,2415,478,5
6018,2416,270,4
6019,2416,398,2
6020,2417,21,2
6021,2417,354,2
6022,2417,89,2
6023,2417,36,2
6024,2418,45,2
6025,2418,198,2
6026,2418,15,5
6027,2419,278,1
6028,2419,288,3
6029,2420,75,2
6030,2420,103,5
6031,2420,324,3
6032,2420,351,2
6033,2421,498,4
6034,2421,205,1
6035,2421,417,4
6036,2421,449,2
6037,2422,7,4
6038,2422,104,3
6039,2422,103,5
6040,2423,412,1
6041,2423,17,4
6042,2423,410,3
6043,2424,403,5
6044,2424,453,3
6045,2424,429,5
6046,2425,127,3
6047,2426,135,1
6048,2426,491,5
6049,2427,202,2
6050,2427,369,1
6051,2427,474,4
6052,2427,406,2
6053,2428,443,1
6054,2428,178,1
6055,2429,290,4
6056,2429,117,4
6057,2430,252,3
6058,2430,152,3
6059,2431,434,5
6060,2432,350,2
6061,2433,325,1
6062,2433,434,4
6063,2433,57,3
6064,2434,351,4
6065,2434,126,3
6066,2435,492,4
6067,2436,446,4
6068,2437,385,1
6069,2437,137,4
6070,2438,20,1
6071,2438,63,4
6072,2438,20,1
6073,2439,405,1
6074,2439,263,3
6075,2440,408,1
6076,2441,218,1
6077,2442,429,4
6078,2442,162,4
6079,2442,434,1
6080,2442,8,4
6081,2443,137,1
6082,2443,243,5
6083,2443,482,4
6084,2444,164,4
6085,2445,399,1
6086,2445,463,4
6087,2445,490,5
6088,2445,188,5
6089,2446,121,1
6090,2447,148,1
6091,2447,68,3
6092,2447,77,1
6093,2447,407,2
6094,2448,19,2
6095,2449,383,4
6096,2449,119,3
6097,2449,236,5
6098,2450,182,3
6099,2450,118,1
6100,2450,383,3
6101,2450,241,4
6102,2451,1,4
6103,2451,53,2
6104,2451,67,3
6105,2452,452,1
6106,2452,407,2
6107,2452,47,4
6108,2453,465,4
6109,2454,410,4
6110,2454,381,5
6111,2455,386,5
6112,2455,352,1
6113,2456,436,4
6114,2457,431,4
6115,2458,143,5
6116,2459,10,4
6117,2459,18,4
6118,2460,53,2
6119,2460,179,1
6120,2461,156,3
6121,2461,78,4
6122,2462,379,3
6123,2463,316,2
6124,2463,154,3
6125,2463,360,1
6126,2463,163,3
6127,2464,387,2
6128,2465,26,1
6129,2466,405,5
6130,2467,73,4
6131,2467,49,2
6132,2467,191,3
6133,2468,275,4
6134,2468,110,2
6135,2468,252,4
6136,2469,296,5
6137,2469,2,4
6138,2469,348,5
6139,2470,261,4
6140,2470,220,1
6141,2470,110,4
6142,2470,167,2
6143,2471,164,1
6144,2472,112,4
6145,2472,278,1
6146,2472,437,5
6147,2472,462,5
6148,2473,136,5
6149,2473,238,5
6150,2473,24,3
6151,2473,252,4
6152,2474,153,1
6153,2474,491,2
6154,2474,63,3
6155,2474,359,3
6156,2475,124,2
6157,2476,304,1
6158,2476,136,1
6159,2477,56,1
6160,2477,347,4
6161,2478,248,1
6162,2478,208,3
6163,2479,170,3
6164,2479,250,2
6165,2479,476,2
6166,2479,281,1
6167,2480,499,4
6168,2480,140,5
6169,2480,55,4
6170,2480,399,1
6171,2481,160,1
6172,2481,251,4
6173,2482,318,1
6174,2482,329,2
6175,2483,220,4
6176,2483,472,2
6177,2483,395,3
6178,2483,234,3
6179,2484,346,2
6180,2484,462,3
6181,2484,81,1
6182,2484,490,2
6183,2485,278,5
6184,2485,444,3
6185,2486,176,2
6186,2486,297,3
6187,2487,184,1
6188,2487,117,5
6189,2488,411,2
6190,2488,381,2
6191,2489,242,2
6192,2489,189,3
6193,2490,134,2
6194,2490,65,1
6195,2491,76,4
6196,2492,220,1
6197,2492,335,3
6198,2492,23,5
6199,2493,172,1
6200,2494,412,2
6201,2494,38,1
6202,2494,160,1
6203,2495,279,5
6204,2496,205,3
6205,2496,358,2
6206,2496,289,4
6207,2497,21,4
6208,2497,132,1
6209,2497,442,3
6210,2497,98,3
6211,2498,399,3
6212,2498,95,2
6213,2498,291,3
6214,2499,306,2
6215,2499,11,5
6216,2499,45,2
6217,2499,370,3
6218,2500,302,3
6219,2500,154,3
6220,2501,484,5
6221,2501,1,1
6222,2502,354,1
6223,2503,69,5
6224,2503,443,3
6225,2504,37,1
6226,2505,431,4
6227,2505,391,2
6228,2505,455,5
6229,2505,330,4
6230,2506,448,2
6231,2506,327,2
6232,2506,110,4
6233,2507,33,5
6234,2507,262,3
6235,2507,248,2
6236,2508,461,4
6237,2508,380,2
6238,2509,183,4
6239,2509,349,5
6240,2509,272,1
6241,2510,438,1
6242,2510,124,1
6243,2511,130,5
6244,2511,335,4
6245,2512,264,2
6246,2513,458,4
6247,2514,249,4
6248,2514,354,2
6249,2514,384,1
6250,2515,474,2
6251,2515,243,4
6252,2515,185,2
6253,2515,309,3
6254,2516,391,1
6255,2516,414,5
6256,2516,266,2
6257,2516,101,5
6258,2517,390,4
6259,2517,474,2
6260,2517,14,3
6261,2517,411,4
6262,2518,89,5
6263,2518,298,5
6264,2519,265,1
6265,2520,169,1
6266,2520,362,3
6267,2520,10,2
6268,2521,309,2
6269,2522,129,3
6270,2522,56,5
6271,2522,40,2
6272,2522,180,4
6273,2523,138,1
6274,2523,137,4
6275,2523,281,4
6276,2523,277,3
6277,2524,479,4
6278,2524,318,3
6279,2525,138,1
6280,2525,115,4
6281,2525,204,2
6282,2526,266,2
6283,2527,27,1
6284,2527,13,1
6285,2527,295,4
6286,2528,107,5
6287,2528,69,5
6288,2528,41,1
6289,2529,320,1
6290,2529,272,1
6291,2529,129,1
6292,2530,387,3
6293,2530,265,5
6294,2531,426,1
6295,2531,317,5
6296,2532,347,2
6297,2533,68,2
6298,2533,437,4
6299,2534,319,3
6300,2534,277,5
6301,2534,12,4
6302,2535,302,5
6303,2535,449,5
6304,2535,68,3
6305,2536,38,5
6306,2537,467,3
6307,2538,489,2
6308,2538,145,4
6309,2538,254,4
6310,2538,69,1
6311,2539,352,2
6312,2540,190,5
6313,2540,335,3
6314,2540,300,3
6315,2541,347,3
6316,2542,144,1
6317,2542,384,2
6318,2542,68,3
6319,2542,314,1
6320,2543,35,5
6321,2544,466,5
6322,2544,55,1
6323,2545,188,4
6324,2545,491,1
6325,2545,91,5
6326,2546,425,5
6327,2547,89,1
6328,2547,417,1
6329,2547,111,4
6330,2548,327,1
6331,2548,487,2
6332,2548,259,1
6333,2548,255,3
6334,2549,81,2
6335,2549,262,1
6336,2549,193,2
6337,2549,265,2
6338,2550,264,3
6339,2550,273,3
6340,2551,205,5
6341,2552,186,2
6342,2553,10,4
6343,2553,318,5
6344,2553,363,1
6345,2554,43,2
6346,2554,301,1
6347,2554,121,4
6348,2555,78,5
6349,2555,100,5
6350,2555,365,5
6351,2555,62,1
6352,2556,140,2
6353,2556,399,3
6354,2557,295,4
6355,2557,415,3
6356,2557,468,2
6357,2558,148,5
6358,2558,320,5
6359,2558,89,5
6360,2558,203,3
6361,2559,254,3
6362,2560,247,5
6363,2560,59,5
6364,2560,426,1
6365,2561,438,5
6366,2562,249,1
6367,2562,326,1
6368,2562,138,5
6369,2562,332,4
6370,2563,420,5
6371,2564,359,5
6372,2564,317,5
6373,2565,105,1
6374,2566,422,4
6375,2567,287,1
6376,2567,328,2
6377,2567,217,4
6378,2567,291,4
6379,2568,478,1
6380,2568,54,3
6381,2568,498,3
6382,2569,50,1
6383,2570,351,2
6384,2570,10,3
6385,2571,12,2
6386,2572,346,4
6387,2572,393,3
6388,2573,136,5
6389,2573,49,3
6390,2573,124,1
6391,2573,207,2
6392,2574,254,4
6393,2575,448,1
6394,2575,441,2
6395,2575,365,1
6396,2575,179,3
6397,2576,84,4
6398,2576,293,5
6399,2577,471,1
6400,2578,389,3
6401,2579,141,3
6402,2580,42,3
6403,2580,445,3
6404,2580,351,1
6405,2580,64,4
6406,2581,284,4
6407,2581,112,5
6408,2582,2,4
6409,2582,352,4
6410,2582,466,5
6411,2582,351,2
6412,2583,408,3
6413,2583,192,3
6414,2583,95,2
6415,2584,286,2
6416,2584,130,1
6417,2584,455,4
6418,2585,453,2
6419,2585,196,5
6420,2586,256,3
6421,2586,150,5
6422,2586,197,2
6423,2586,88,3
6424,2587,28,4
6425,2587,135,2
6426,2587,64,3
6427,2587,381,4
6428,2588,342,5
6429,2588,278,2
6430,2589,207,2
6431,2589,311,3
6432,2589,173,2
6433,2590,238,3
6434,2591,300,5
6435,2591,371,3
6436,2592,118,4
6437,2592,479,1
6438,2593,62,1
6439,2593,291,5
6440,2593,392,1
6441,2594,3,1
6442,2595,28,2
6443,2595,148,4
6444,2595,473,3
6445,2595,404,4
6446,2596,6,4
6447,2597,227,2
6448,2597,113,1
6449,2597,42,1
6450,2597,298,3
6451,2598,348,4
6452,2598,388,3
6453,2598,261,4
6454,2599,221,5
6455,2599,16,3
6456,2599,438,3
6457,2599,121,4
6458,2600,77,3
6459,2600,72,4
6460,2600,441,1
6461,2600,419,2
6462,2601,215,5
6463,2601,24,1
6464,2601,92,2
6465,2601,427,5
6466,2602,271,5
6467,2603,18,5
6468,2603,92,4
6469,2603,132,5
6470,2603,339,5
6471,2604,152,4
6472,2604,256,3
6473,2605,133,4
6474,2605,396,5
6475,2605,54,1
6476,2606,294,1
6477,2606,468,5
6478,2606,247,4
6479,2607,298,3
6480,2608,206,2
6481,2608,327,1
6482,2608,463,2
6483,2609,464,4
6484,2609,94,4
6485,2609,341,3
6486,2610,464,1
6487,2610,393,3
6488,2611,422,2
6489,2611,186,1
6490,2611,299,3
6491,2611,347,1
6492,2612,238,4
6493,2613,371,5
6494,2613,293,1
6495,2613,497,2
6496,2613,412,2
6497,2614,404,4
6498,2614,65,2
6499,2615,48,5
6500,2615,139,2
6501,2616,176,4
6502,2616,133,5
6503,2616,341,1
6504,2617,487,4
6505,2617,32,1
6506,2618,57,4
6507,2618,219,5
6508,2618,208,5
6509,2618,182,3
6510,2619,426,3
6511,2619,473,2
6512,2620,190,2
6513,2620,81,3
6514,2621,354,1
6515,2621,148,2
6516,2621,291,5
6517,2622,104,3
6518,2623,319,3
6519,2623,333,1
6520,2623,286,3
6521,2623,458,4
6522,2624,249,2
6523,2624,373,5
6524,2624,103,2
6525,2624,365,5
6526,2625,128,4
6527,2626,253,5
6528,2626,34,1
6529,2626,7,2
6530,2627,49,4
6531,2627,326,5
6532,2627,178,5
6533,2628,131,4
6534,2628,256,5
6535,2629,436,1
6536,2630,246,4
6537,2631,409,2
6538,2631,225,3
6539,2631,140,5
6540,2631,209,1
6541,2632,140,3
6542,2633,279,1
6543,2633,139,3
6544,2633,160,1
6545,2633,126,2
6546,2634,157,4
6547,2635,143,1
6548,2636,54,4
6549,2636,187,4
6550,2636,71,1
6551,2637,164,1
6552,2637,132,4
6553,2638,493,2
6554,2639,359,2
6555,2639,264,5
6556,2639,296,4
6557,2639,355,1
6558,2640,89,1
6559,2640,77,2
6560,2640,186,5
6561,2641,26,2
6562,2642,378,5
6563,2643,7,1
6564,2644,411,3
6565,2645,208,2
6566,2645,118,2
6567,2646,356,1
6568,2646,199,1
6569,2646,153,2
6570,2646,425,5
6571,2647,311,5
6572,2647,113,3
6573,2647,303,3
6574,2648,85,2
6575,2649,471,3
6576,2650,299,4
6577,2650,467,2
6578,2650,329,3
6579,2651,162,2
6580,2652,389,3
6581,2652,180,1
6582,2652,361,2
6583,2653,350,1
6584,2653,261,2
6585,2654,293,2
6586,2654,153,1
6587,2654,476,3
6588,2654,307,1
6589,2655,154,4
6590,2656,6,4
6591,2656,265,3
6592,2657,425,2
6593,2657,20,2
6594,2657,295,1
6595,2658,160,3
6596,2658,71,2
6597,2658,392,5
6598,2658,277,5
6599,2659,351,3
6600,2659,401,2
6601,2659,15,1
6602,2660,434,1
6603,2660,79,3
6604,2660,379,4
6605,2661,41,3
6606,2661,222,1
6607,2661,365,5
6608,2661,249,4
6609,2662,138,3
6610,2662,20,1
6611,2662,313,5
6612,2662,176,3
6613,2663,260,4
6614,2663,370,5
6615,2663,143,3
6616,2663,407,4
6617,2664,314,5
6618,2664,349,3
6619,2664,151,4
6620,2665,103,2
6621,2665,168,3
6622,2665,180,3
6623,2665,196,4
6624,2666,166,1
6625,2666,470,1
6626,2666,246,2
6627,2667,405,3
6628,2667,233,4
6629,2667,212,2
6630,2667,211,4
6631,2668,202,2
6632,2668,370,1
6633,2668,382,4
6634,2668,408,5
6635,2669,440,4
6636,2670,278,5
6637,2670,181,1
6638,2671,347,2
6639,2671,104,3
6640,2671,200,5
6641,2671,144,1
6642,2672,431,5
6643,2672,299,2
6644,2673,56,4
6645,2673,1,1
6646,2673,404,5
6647,2673,406,5
6648,2674,16,3
6649,2674,34,1
6650,2675,248,5
6651,2675,386,1
6652,2675,244,2
6653,2675,330,3
6654,2676,350,1
6655,2676,396,2
6656,2676,51,1
6657,2677,211,5
6658,2677,459,5
6659,2677,316,3
6660,2678,80,5
6661,2678,373,5
6662,2678,138,3
6663,2679,90,1
6664,2679,132,4
6665,2679,170,5
6666,2679,373,4
6667,2680,165,5
6668,2680,331,4
6669,2681,87,1
6670,2681,457,5
6671,2682,317,2
6672,2682,179,3
6673,2682,203,5
6674,2682,475,4
6675,2683,301,1
6676,2684,396,4
6677,2684,472,2
6678,2684,42,2
6679,2685,377,5
6680,2685,125,5
6681,2686,69,4
6682,2686,17,1
6683,2686,217,5
6684,2686,490,1
6685,2687,305,3
6686,2687,234,5
6687,2687,220,5
6688,2688,258,5
6689,2688,199,1
6690,2689,460,1
6691,2689,37,4
6692,2690,120,3
6693,2691,136,5
6694,2691,67,1
6695,2692,125,1
6696,2692,295,5
6697,2693,127,5
6698,2693,428,1
6699,2694,215,2
6700,2694,206,3
6701,2694,240,3
6702,2694,449,1
6703,2695,444,1
6704,2696,6,4
6705,2696,431,3
6706,2696,399,1
6707,2697,287,3
6708,2697,53,4
6709,2697,150,4
6710,2697,109,4
6711,2698,346,3
6712,2698,477,1
6713,2699,151,4
6714,2699,46,5
6715,2699,450,3
6716,2700,272,3
6717,2700,216,5
6718,2701,469,4
6719,2701,343,3
6720,2702,483,1
6721,2702,56,5
6722,2703,50,1
6723,2703,160,3
6724,2703,9,4
6725,2704,393,4
6726,2704,254,1
6727,2704,92,3
6728,2705,11,5
6729,2705,144,4
6730,2705,392,5
6731,2705,16,4
6732,2706,142,4
6733,2707,295,4
6734,2707,295,5
6735,2707,63,4
6736,2707,199,2
6737,2708,443,1
6738,2708,320,3
6739,2708,483,1
6740,2709,484,1
6741,2709,422,1
6742,2710,292,2
6743,2711,27,1
6744,2711,178,2
6745,2711,463,4
6746,2711,131,1
6747,2712,214,1
6748,2712,385,4
6749,2712,59,3
6750,2713,154,5
6751,2714,201,2
6752,2714,82,5
6753,2714,247,1
6754,2714,465,5
6755,2715,5,3
6756,2715,470,3
6757,2716,453,2
6758,2717,64,5
6759,2718,319,5
6760,2718,403,5
6761,2718,152,1
6762,2718,195,3
6763,2719,49,2
6764,2719,487,1
6765,2719,339,3
6766,2719,185,3
6767,2720,69,1
6768,2720,52,1
6769,2720,75,1
6770,2721,394,1
6771,2722,239,1
6772,2723,23,4
6773,2723,240,5
6774,2724,100,4
6775,2725,132,4
6776,2726,473,2
6777,2727,379,4
6778,2727,133,1
6779,2727,373,2
6780,2727,425,3
6781,2728,249,5
6782,2728,126,2
6783,2729,428,2
6784,2729,94,4
6785,2729,222,5
6786,2730,483,2
6787,2730,298,3
6788,2731,433,5
6789,2732,240,3
6790,2733,57,1
6791,2733,158,4
6792,2734,74,3
6793,2734,275,2
6794,2734,195,4
6795,2735,495,1
6796,2735,194,3
6797,2735,45,5
6798,2736,400,4
6799,2736,95,4
6800,2736,26,4
6801,2736,397,5
6802,2737,101,2
6803,2738,263,4
6804,2738,148,1
6805,2738,293,3
6806,2738,399,4
6807,2739,306,2
6808,2739,375,2
6809,2739,172,1
6810,2739,412,3
6811,2740,455,2
6812,2741,115,1
6813,2741,113,1
6814,2741,15,1
6815,2742,452,4
6816,2742,185,3
6817,2743,374,1
6818,2744,177,1
6819,2744,330,5
6820,2744,73,3
6821,2745,331,3
6822,2745,470,4
6823,2745,180,2
6824,2745,70,4
6825,2746,196,3
6826,2746,84,4
6827,2746,425,5
6828,2746,42,3
6829,2747,268,3
6830,2747,392,5
6831,2747,184,4
6832,2747,318,5
6833,2748,92,4
6834,2748,443,3
6835,2748,374,4
6836,2749,217,5
6837,2749,124,4
6838,2749,314,1
6839,2749,53,2
6840,2750,308,2
6841,2750,427,2
6842,2751,184,2
6843,2751,3,4
6844,2752,338,4
6845,2752,466,2
6846,2753,383,3
6847,2753,367,2
6848,2753,215,4
6849,2754,7,1
6850,2754,286,4
6851,2754,144,3
6852,2754,203,2
6853,2755,215,4
6854,2755,252,3
6855,2755,346,3
6856,2755,457,5
6857,2756,18,5
6858,2756,320,1
6859,2756,287,3
6860,2756,475,5
6861,2757,207,2
6862,2757,274,5
6863,2757,234,4
6864,2758,117,4
6865,2758,271,3
6866,2758,274,3
6867,2758,241,4
6868,2759,164,1
6869,2759,498,1
6870,2759,415,5
6871,2759,459,2
6872,2760,263,3
6873,2761,67,5
6874,2761,200,3
6875,2761,340,5
6876,2761,382,1
6877,2762,54,1
6878,2762,243,2
6879,2763,493,2
6880,2763,134,4
6881,2763,33,2
6882,2763,294,4
6883,2764,390,1
6884,2765,17,4
6885,2766,142,5
6886,2767,24,1
6887,2767,464,1
6888,2768,95,1
6889,2768,401,4
6890,2769,169,3
6891,2770,440,1
6892,2770,337,1
6893,2770,174,4
6894,2770,77,3
6895,2771,414,2
6896,2772,39,4
6897,2772,202,4
6898,2772,486,5
6899,2773,45,4
6900,2773,373,4
6901,2774,192,3
6902,2774,482,4
6903,2774,47,5
6904,2774,155,2
6905,2775,250,1
6906,2775,217,4
6907,2775,252,5
6908,2775,439,3
6909,2776,37,5
6910,2776,424,3
6911,2776,273,1
6912,2777,436,2
6913,2777,11,2
6914,2778,216,1
6915,2778,417,2
6916,2778,43,3
6917,2779,3,4
6918,2779,397,5
6919,2779,132,1
6920,2779,175,4
6921,2780,481,1
6922,2781,234,3
6923,2781,468,2
6924,2781,48,2
6925,2782,187,3
6926,2782,331,1
6927,2783,429,1
6928,2783,326,4
6929,2783,343,2
6930,2783,291,1
6931,2784,162,2
6932,2784,155,4
6933,2784,408,1
6934,2785,240,1
6935,2785,413,1
6936,2786,44,1
6937,2786,139,1
6938,2787,28,5
6939,2788,284,2
6940,2788,209,4
6941,2788,465,1
6942,2788,127,4
6943,2789,427,3
6944,2790,22,2
6945,2791,19,4
6946,2791,307,1
6947,2792,316,2
6948,2793,108,5
6949,2793,24,2
6950,2793,13,4
6951,2793,330,2
6952,2794,41,1
6953,2795,103,2
6954,2796,360,4
6955,2797,61,1
6956,2797,185,2
6957,2798,190,3
6958,2798,402,1
6959,2798,464,5
6960,2799,105,1
6961,2799,478,5
6962,2799,327,4
6963,2799,90,3
6964,2800,106,3
6965,2800,13,3
6966,2801,135,2
6967,2801,228,5
6968,2801,56,2
6969,2802,87,3
6970,2802,48,5
6971,2802,177,4
6972,2803,452,2
6973,2803,6,2
6974,2803,175,2
6975,2804,18,1
6976,2804,420,1
6977,2804,450,2
6978,2805,105,5
6979,2805,451,1
6980,2806,32,1
6981,2807,16,1
6982,2807,54,4
6983,2807,358,3
6984,2807,429,5
6985,2808,377,2
6986,2808,290,4
6987,2808,286,2
6988,2808,82,1
6989,2809,28,1
6990,2809,236,5
6991,2810,404,2
6992,2811,276,5
6993,2812,459,1
6994,2812,141,2
6995,2813,263,4
6996,2813,123,2
6997,2814,152,1
6998,2815,248,1
6999,2815,297,4
7000,2816,246,2
7001,2817,29,3
7002,2817,37,3
7003,2817,294,5
7004,2818,14,1
7005,2818,423,3
7006,2818,339,4
7007,2819,58,4
7008,2819,17,2
7009,2819,176,2
7010,2819,302,3
7011,2820,92,2
7012,2821,58,3
7013,2821,247,1
7014,2821,40,3
7015,2822,187,4
7016,2822,271,4
7017,2823,461,5
7018,2823,421,3
7019,2824,48,4
7020,2824,108,5
7021,2824,454,1
7022,2825,396,4
7023,2825,187,2
7024,2826,2,3
7025,2826,142,3
7026,2827,450,5
7027,2827,443,1
7028,2827,278,3
7029,2828,146,2
7030,2829,140,2
7031,2829,403,1
7032,2829,197,4
7033,2829,492,3
7034,2830,121,2
7035,2830,403,2
7036,2830,465,2
7037,2831,160,5
7038,2831,400,3
7039,2831,250,3
7040,2832,39,2
7041,2833,307,2
7042,2833,410,3
7043,2834,129,4
7044,2835,118,3
7045,2835,288,1
7046,2835,156,3
7047,2836,270,5
7048,2836,80,4
7049,2836,236,4
7050,2836,80,5
7051,2837,82,4
7052,2837,70,5
7053,2838,385,4
7054,2838,48,1
7055,2839,384,3
7056,2840,173,5
7057,2841,409,5
7058,2841,355,2
7059,2841,45,2
7060,2842,361,3
7061,2842,388,3
7062,2843,215,2
7063,2844,185,3
7064,2844,228,4
7065,2844,54,2
7066,2845,282,3
7067,2845,51,5
7068,2845,458,3
7069,2845,245,1
7070,2846,247,3
7071,2846,211,2
7072,2846,268,2
7073,2846,54,4
7074,2847,410,3
7075,2847,171,4
7076,2847,209,3
7077,2848,308,3
7078,2849,244,5
7079,2849,451,3
7080,2850,232,2
7081,2850,222,2
7082,2850,273,4
7083,2851,162,1
7084,2851,437,5
7085,2852,223,5
7086,2852,28,1
7087,2853,343,2
7088,2853,426,5
7089,2853,254,5
7090,2854,337,2
7091,2854,489,5
7092,2854,143,3
7093,2854,323,2
7094,2855,423,4
7095,2855,277,1
7096,2855,364,4
7097,2855,293,1
7098,2856,217,5
7099,2856,360,1
7100,2856,487,5
7101,2857,168,4
7102,2858,359,1
7103,2858,154,2
7104,2858,28,3
7105,2858,242,2
7106,2859,49,1
7107,2860,279,5
7108,2861,432,2
7109,2861,470,1
7110,2861,55,3
7111,2862,418,3
7112,2862,254,2
7113,2862,456,1
7114,2862,70,4
7115,2863,373,3
7116,2863,223,2
7117,2863,387,3
7118,2863,107,1
7119,2864,457,2
7120,2864,489,5
7121,2864,70,1
7122,2865,84,5
7123,2866,257,3
7124,2866,73,5
7125,2866,99,3
7126,2866,391,1
7127,2867,422,3
7128,2867,14,1
7129,2867,232,3
7130,2868,474,3
7131,2868,218,4
7132,2868,260,5
7133,2869,219,4
7134,2869,97,1
7135,2869,303,1
7136,2869,285,4
7137,2870,73,2
7138,2870,289,5
7139,2871,168,4
7140,2871,387,5
7141,2872,151,3
7142,2873,78,2
7143,2873,276,5
7144,2873,153,2
7145,2874,28,2
7146,2874,396,3
7147,2874,228,4
7148,2875,214,3
7149,2876,395,5
7150,2876,339,4
7151,2876,312,4
7152,2876,2,5
7153,2877,359,3
7154,2877,196,4
7155,2878,118,1
7156,2878,314,4
7157,2879,80,3
7158,2879,221,1
7159,2879,356,2
7160,2880,299,1
7161,2880,423,2
7162,2880,493,2
7163,2880,204,2
7164,2881,116,4
7165,2881,279,4
7166,2881,451,5
7167,2881,164,2
7168,2882,312,3
7169,2883,6,4
7170,2883,330,1
7171,2883,150,3
7172,2884,485,4
7173,2884,257,5
7174,2884,72,4
7175,2885,107,5
7176,2885,437,2
7177,2886,461,3
7178,2886,441,1
7179,2887,330,4
7180,2887,22,1
7181,2888,215,5
7182,2889,422,3
7183,2889,222,4
7184,2889,84,2
7185,2889,91,5
7186,2890,433,3
7187,2891,152,5
7188,2892,306,1
7189,2892,409,1
7190,2892,21,5
7191,2892,42,3
7192,2893,466,5
7193,2893,331,5
7194,2893,300,4
7195,2894,41,5
7196,2894,338,4
7197,2894,292,5
7198,2895,304,2
7199,2895,446,4
7200,2896,254,5
7201,2896,288,1
7202,2897,117,5
7203,2897,113,5
7204,2897,233,4
7205,2898,212,4
7206,2899,436,3
7207,2899,271,2
7208,2899,94,2
7209,2900,106,3
7210,2900,472,1
7211,2901,167,2
7212,2901,82,4
7213,2901,450,2
7214,2902,311,2
7215,2902,318,5
7216,2903,354,1
7217,2903,267,3
7218,2904,451,2
7219,2904,181,2
7220,2904,136,1
7221,2904,133,2
7222,2905,68,3
7223,2905,162,3
7224,2905,213,5
7225,2905,286,3
7226,2906,462,1
7227,2906,145,3
7228,2907,38,2
7229,2907,184,5
7230,2908,455,4
7231,2908,469,2
7232,2909,251,1
7233,2909,404,4
7234,2909,279,1
7235,2910,82,3
7236,2910,427,5
7237,2910,318,2
7238,2910,498,3
7239,2911,251,5
7240,2911,73,3
7241,2912,461,2
7242,2912,292,5
7243,2913,157,1
7244,2913,156,5
7245,2913,459,3
7246,2913,115,5
7247,2914,212,5
7248,2914,36,1
7249,2914,386,1
7250,2914,339,1
7251,2915,223,3
7252,2915,127,1
7253,2916,411,2
7254,2917,32,5
7255,2917,105,2
7256,2917,273,4
7257,2918,422,2
7258,2918,114,3
7259,2918,252,5
7260,2919,209,2
7261,2919,461,5
7262,2920,426,2
7263,2920,344,1
7264,2921,247,3
7265,2921,493,3
7266,2921,30,2
7267,2921,471,1
7268,2922,113,5
7269,2922,83,5
7270,2922,146,5
7271,2922,173,3
7272,2923,286,5
7273,2923,151,3
7274,2923,50,4
7275,2923,411,4
7276,2924,142,3
7277,2924,219,1
7278,2924,421,4
7279,2925,249,3
7280,2925,238,1
7281,2925,477,5
7282,2926,108,2
7283,2927,282,2
7284,2927,396,2
7285,2927,192,3
7286,2928,454,1
7287,2929,236,5
7288,2929,125,3
7289,2929,315,2
7290,2929,120,3
7291,2930,183,5
7292,2931,221,5
7293,2931,291,2
7294,2931,192,3
7295,2931,49,3
7296,2932,345,3
7297,2932,341,5
7298,2933,228,5
7299,2933,129,2
7300,2933,322,1
7301,2933,399,2
7302,2934,147,4
7303,2934,89,3
7304,2934,494,3
7305,2934,400,1
7306,2935,121,4
7307,2935,293,5
7308,2936,195,1
7309,2936,81,5
7310,2937,206,4
7311,2938,261,5
7312,2938,310,4
7313,2938,443,4
7314,2939,326,4
7315,2940,80,2
7316,2940,278,3
7317,2940,88,2
7318,2940,55,3
7319,2941,22,1
7320,2941,193,1
7321,2941,216,4
7322,2942,213,4
7323,2942,256,1
7324,2942,76,4
7325,2942,360,3
7326,2943,378,2
7327,2944,498,3
7328,2944,321,5
7329,2945,270,5
7330,2945,339,1
7331,2946,185,1
7332,2946,266,3
7333,2947,207,3
7334,2947,317,3
7335,2947,404,2
7336,2947,141,2
7337,2948,372,4
7338,2948,291,1
7339,2949,410,4
7340,2949,424,1
7341,2950,175,4
7342,2951,62,2
7343,2951,274,2
7344,2951,390,5
7345,2951,211,1
7346,2952,180,2
7347,2952,424,3
7348,2952,296,1
7349,2952,276,1
7350,2953,200,4
7351,2953,420,4
7352,2954,415,2
7353,2955,181,2
7354,2955,224,2
7355,2955,189,1
7356,2956,228,5
7357,2956,468,5
7358,2956,306,3
7359,2956,449,2
7360,2957,147,2
7361,2957,142,3
7362,2958,162,4
7363,2959,42,4
7364,2959,305,4
7365,2960,307,5
7366,2960,471,5
7367,2961,97,4
7368,2962,337,1
7369,2962,325,2
7370,2962,265,3
7371,2962,12,4
7372,2963,336,1
7373,2963,37,2
7374,2964,332,3
7375,2965,369,4
7376,2965,461,5
7377,2965,164,3
7378,2966,114,1
7379,2966,424,4
7380,2966,361,3
7381,2966,435,4
7382,2967,366,4
7383,2968,367,5
7384,2968,296,5
7385,2968,3,1
7386,2969,363,5
7387,2970,7,4
7388,2970,266,2
7389,2971,109,5
7390,2971,186,4
7391,2971,229,4
7392,2971,403,2
7393,2972,72,4
7394,2972,412,3
7395,2972,284,2
7396,2972,168,3
7397,2973,345,3
7398,2974,324,1
7399,2975,120,1
7400,2975,298,1
7401,2975,13,2
7402,2975,446,4
7403,2976,75,3
7404,2976,475,3
7405,2976,115,5
7406,2976,221,5
7407,2977,332,1
7408,2978,69,4
7409,2978,78,2
7410,2978,69,5
7411,2978,294,4
7412,2979,423,5
7413,2979,255,1
7414,2979,382,5
7415,2979,107,3
7416,2980,379,1
7417,2980,349,3
7418,2980,167,3
7419,2980,41,3
7420,2981,360,4
7421,2981,192,2
7422,2981,219,3
7423,2982,10,3
7424,2983,118,2
7425,2983,382,4
7426,2983,117,1
7427,2984,249,3
7428,2984,195,4
7429,2984,150,1
7430,2985,311,3
7431,2985,284,2
7432,2985,261,5
7433,2985,37,4
7434,2986,46,1
7435,2986,345,5
7436,2986,230,1
7437,2986,272,4
7438,2987,322,3
7439,2988,233,4
7440,2988,479,1
7441,2988,405,2
7442,2989,209,2
7443,2989,179,4
7444,2989,203,5
7445,2989,210,2
7446,2990,478,5
7447,2990,360,3
7448,2990,295,4
7449,2990,34,2
7450,2991,165,1
7451,2991,278,2
7452,2992,255,5
7453,2992,173,2
7454,2992,408,5
7455,2992,489,4
7456,2993,233,2
7457,2993,153,5
7458,2994,123,2
7459,2994,422,2
7460,2994,210,4
7461,2994,367,3
7462,2995,127,1
7463,2995,465,3
7464,2996,35,3
7465,2997,108,1
7466,2997,141,2
7467,2997,372,2
7468,2998,382,5
7469,2999,458,4
7470,2999,377,5
7471,2999,8,5
7472,3000,37,4
7473,3000,124,3
7474,3000,252,4
