id,username,password_hash,email,created_at
1,user0001,36e5eebcf7aee8f72bc168e0f8ae6eed00d60446e9f7c03989ddea84ac7c,user1@example.com,2024-10-10T00:00:00
2,user0002,ae9a6aa038a92a456dc27a69746da4ec4f4fc490d411711c0f6c5ec01ba2,user2@example.com,2024-04-24T00:00:00
3,user0003,7911009d21a63500ec0fd9b04e52e817e9f8a7b42882f7162a8fed1cd4c3,user3@example.com,2023-03-20T00:00:00
4,user0004,d80bb888110d9b34c122665e729c575470b4771e8f4c331b52e1d46f06a8,user4@example.com,2023-03-03T00:00:00
5,user0005,77942b4e0f220402cf3ba73178eec3c564dcf07bb793b6a7fcb4bde5cf06,user5@example.com,2024-05-25T00:00:00
6,user0006,21e678c16a7188d7e990d27dc2a637cf67ef5bd42ed7546abc9685b942fb,user6@example.com,2023-11-23T00:00:00
7,user0007,85c91f1dbe130b81acf4f0363f4d2622f8cf8cef58e3b74e0d13845b1955,user7@example.com,2024-11-12T00:00:00
8,user0008,b42429c0d400d93420c589f24cde998769d15dac3cc72ec1ec6a55e7f274,user8@example.com,2024-02-11T00:00:00
9,user0009,a4ee23a59fa1540e0a21ac675988cb8f7bc60c9d16b3125d876127b871e5,user9@example.com,2023-10-26T00:00:00
10,user0010,bf8de73402783a0e1a89591ade2652c15af3fb1db6c27406d027deeac62d,user10@example.com,2024-04-19T00:00:00
11,user0011,d82eb94e01eb62125728c9a37003c6be27f96e5a30547c8f8b892f79d35b,user11@example.com,2023-04-21T00:00:00
12,user0012,3efeeb2c864a3b7122d0317a3a04971aac905031c8fba65e1e8d1f976f0b,user12@example.com,2024-01-31T00:00:00
13,user0013,2f887fac0a24edaecbd8de2f355301cddc96923e425b396b1b01a8569df2,user13@example.com,2024-01-30T00:00:00
14,user0014,45c06488e14ae9aab1d866047c2c0f27ac77280f1bfb4a2b6d8818a8ee4d,user14@example.com,2023-05-23T00:00:00
15,user0015,dd2be1ece8c9d1787f0fcba9109d1f99998cce343229e6e88ad2e72ab665,user15@example.com,2024-08-03T00:00:00
16,user0016,615654756c1eefbd0411ca9d2fde9ff4aca63aa3d9ead961e68981511397,user16@example.com,2024-07-26T00:00:00
17,user0017,ea0990de0ce0a95432c0ac29a1a43d344a831a2ea6bc2071f031ec001dee,user17@example.com,2023-10-17T00:00:00
18,user0018,0631ecc708fd68940acdd2e2fbadc6f3615ad0ba1a00a7b0806ef1b8cc43,user18@example.com,2024-05-18T00:00:00
19,user0019,13204172c6a299226cd0bdc0ac39411bf87841663752a1941b46cfb8a988,user19@example.com,2024-08-14T00:00:00
20,user0020,c53ec94731036034e5ce463283082db6c2b6fcbc8996b44066c689c70c6c,user20@example.com,2024-04-16T00:00:00
21,user0021,64fb76378db8c8f852e8e28fba3bc8f3db41b2e6efaebb7a381cb834fcd4,user21@example.com,2024-08-12T00:00:00
22,user0022,aace938ed20cfd7a5dd44441e9210e3dbc789acefc36f05990e5db623a94,user22@example.com,2023-08-17T00:00:00
23,user0023,a0c8ba42e5058909bb686c5620613370d5aa5156cd4e592f016d9d0ef365,user23@example.com,2023-12-09T00:00:00
24,user0024,0f7efa614a11c43e267c72b4010cc69dfcde0f490f7ae721f134fc28b085,user24@example.com,2024-09-05T00:00:00
25,user0025,b429a9f8e8dcd958172e8742b671c293aff29eb763e8b328ddb761cbddd6,user25@example.com,2023-05-14T00:00:00
26,user0026,bd3e9decc099c55d6f712588891b12084a4655b7f9f8f19dbf2c8a56e060,user26@example.com,2023-02-28T00:00:00
27,user0027,a530d58efa583c5701d7a669000981cec2e9eb10e78af5a53d2d2ad81355,user27@example.com,2024-07-01T00:00:00
28,user0028,c1d1df1bea9b13103beedfe8299c8c692ba2ff42081801a366439b9cdbbf,user28@example.com,2023-08-17T00:00:00
29,user0029,aa3224473483e3778c58444ccb9a06424d82e48fa95885aa9c2d22499b55,user29@example.com,2024-06-11T00:00:00
30,user0030,411a747bc4e36d178bff8f419e78e988a597cdc4e1d1e4310c4cc599a23c,user30@example.com,2024-09-22T00:00:00
31,user0031,2ca26a0be6380adc4b913772f4a2e108226b89bff623b361424653405a0d,user31@example.com,2024-10-17T00:00:00
32,user0032,c4f1c4a52f015ced8511b8f8b49b75f7ab1d7b54b1e855bb3b0c99abccbd,user32@example.com,2023-07-17T00:00:00
33,user0033,0739069bcefff4cecbfdab80e5de304ec226a453c031fc14a4973d05be56,user33@example.com,2024-01-22T00:00:00
34,user0034,dd8ecdda22efb507000fdf5892a03878de5467ddcb7b4231c877f06c7994,user34@example.com,2024-01-11T00:00:00
35,user0035,6a3eeee6a188f6825a21bf622930a801c50881825e1d528e37e504c508c6,user35@example.com,2023-01-05T00:00:00
36,user0036,fe5652c3ab1fcf6684d2ca2aef608b44492173d3df31c28bf32ac39a5da2,user36@example.com,2024-04-09T00:00:00
37,user0037,13c1f8135bd76b435a639b734e2e51d67956aa53968853f850e16c2d1c66,user37@example.com,2024-07-23T00:00:00
38,user0038,7214dd871f3f37107ada13ede1b150cdc10a6dabd097151aa5f60c58d9f0,user38@example.com,2024-02-23T00:00:00
39,user0039,3582acadb9ea4519c898827a13ce9ed11e56e79c80a98c33ea6d5d4fbcb0,user39@example.com,2023-12-09T00:00:00
40,user0040,ce0f91901e42c4db8ddac14dd9746c9bfb15960cab96486a5a0d535a960e,user40@example.com,2024-03-23T00:00:00
41,user0041,d767b66f81ddd01a11b6763827d443c933ac121c2dfae2621e0678a6f2d0,user41@example.com,2023-04-05T00:00:00
42,user0042,21b047eebdb9bc28d21e8dc1fe0da08f2ed9bcfc13b4982656b0829483e9,user42@example.com,2024-05-24T00:00:00
43,user0043,c7043c05adae394ce9f697cf71b4fff793aa84b6afda91df31d36375ec1a,user43@example.com,2023-03-05T00:00:00
44,user0044,298c7591ad9078d94beed5c4c2a14209bc4804a67ad311e70d670ed0af04,user44@example.com,2023-03-10T00:00:00
45,user0045,c823fa01775a8fa0728943981e7b486e04d46e0f6836a9ff8ea8d528bdca,user45@example.com,2024-06-18T00:00:00
46,user0046,3378b647faec19ec3c263fdd0375b11cf5968ad4712cce77864ad6d9711b,user46@example.com,2023-07-04T00:00:00
47,user0047,f0822d4a146ecfe3e6afc9f91127508cedaeed6438bcef9e942b5bcac6cf,user47@example.com,2023-01-13T00:00:00
48,user0048,57f1ece0993e30117bf8db4ff9f5c59cd368d693661e675b755754139ee8,user48@example.com,2023-05-11T00:00:00
49,user0049,68e230bb775a5195b7ef8d34fba839e2b978781e0360e0a7ea41236cc44b,user49@example.com,2023-10-23T00:00:00
50,user0050,8f0dbfc10d1e8008d988540c1a1cad8bd2f69a6eb8aaed2acd19e72b802e,user50@example.com,2023-12-31T00:00:00
51,user0051,d10c0b14a67e4978fdc369597076681fdf3ac245a1340487f61bbb0ac737,user51@example.com,2024-02-13T00:00:00
52,user0052,a7500c5d0646837b02a2447b59e549ca53bbbc13d14610d817a75e03cfd0,user52@example.com,2023-01-13T00:00:00
53,user0053,ae49d8ff8e298438f605c1fb8be11ae24ea87af9e6749d08020aeca2fe7a,user53@example.com,2023-08-21T00:00:00
54,user0054,9f259520efb00d187d6f9f896ea44d3075524c395d17c9e44d230627da35,user54@example.com,2023-07-06T00:00:00
55,user0055,a8ee8856b05bed6e3ccc131edb2eee270ae7c45d0fe9094f3ad97ad25837,user55@example.com,2023-05-27T00:00:00
56,user0056,bf7504de63eadd98ced7a407b6dab5e4dd0bb5efc8a8254fb0b7ae43a006,user56@example.com,2024-10-01T00:00:00
57,user0057,e2117ffa3f33a71d9f9fe4f8073ad01ee94777bdc6954e751c58b0fce15d,user57@example.com,2024-05-30T00:00:00
58,user0058,99b44ad3c72e3ed92520dadcaad4f5085a110af4754c38816dde9d8e74bd,user58@example.com,2023-05-31T00:00:00
59,user0059,cd7315031f9d9068e60af16c45cd9763820613fe11c11833ba8692db5581,user59@example.com,2023-03-29T00:00:00
60,user0060,62708f9122a9cbf47063ac62702a445625b6c3e43cc33bf5736693ed1a0b,user60@example.com,2023-02-03T00:00:00
61,user0061,b4e671236774274beb44332d9aa0a6881ded8c3832be6e05eb82fdd09e64,user61@example.com,2023-08-11T00:00:00
62,user0062,8c18d66999ace4f2aa7069b2f1f2caeb6b5a28c35dd269751c6361c727c0,user62@example.com,2023-07-28T00:00:00
63,user0063,0690c52fe546c9632d1544301db491a857cc5d09d8be71968376c00a0aa4,user63@example.com,2024-08-13T00:00:00
64,user0064,84fd9a8c49b44b3ad7aacfcdacba530d7c4177e07f2ffdce2dc94eb68750,user64@example.com,2023-10-09T00:00:00
65,user0065,6479146803fe6768742dcdb0acb4fbb8913e7898f0c2deee0fb0e8d9ced1,user65@example.com,2023-06-21T00:00:00
66,user0066,a26c1d3dc1ba21e59c67dc97288a5176cfdf3000409e8ed053bc6b0e9a09,user66@example.com,2023-10-23T00:00:00
67,user0067,32141dec8b42786dc9f01e877f2042218778fea59b8678ba235f1cf7acae,user67@example.com,2023-03-11T00:00:00
68,user0068,540e58f964a673cba974fcdeb717818a4086b87f590d181091f4b3717db7,user68@example.com,2024-02-25T00:00:00
69,user0069,abf0599d862cae3302eb3d33f398ba2ec1e0f527c416073138f6a852dded,user69@example.com,2024-10-24T00:00:00
70,user0070,271a0b4cbe2eb28689ac019f289c9e60876e597da0a2f4dce4c45a28a1e3,user70@example.com,2024-11-04T00:00:00
71,user0071,b60f7f9254a3309e16bd09961cbd9eeea955c3217c9bcb9dc4b3e3f11ddf,user71@example.com,2023-12-18T00:00:00
72,user0072,92022e2ab74272df74d888034895932b7741f812404a9c514f6daae11411,user72@example.com,2023-05-26T00:00:00
73,user0073,73a5b8aa10b9eb30b903bed495fb2db6421f8025af0e18ef4538bf500f30,user73@example.com,2024-02-24T00:00:00
74,user0074,266908dd4b460910bb5811dcdf6fc7c6796433914b41fd22aa1632e3def4,user74@example.com,2024-07-18T00:00:00
75,user0075,f283b8512946526842a1c671dc40161f874c3421f32965dc2bc991b23b7a,user75@example.com,2024-08-29T00:00:00
76,user0076,1a67285f5695f032dbe6a026063b0d533f0228710d895b24a97b93856205,user76@example.com,2024-01-20T00:00:00
77,user0077,875bceedd1562c297384110eb2d2b315e5fb83e5af921ca5f2e7571071f8,user77@example.com,2024-09-05T00:00:00
78,user0078,442349a665fc8d97dcef3e19fac6cc08832452214bd7ea32ba3095260769,user78@example.com,2023-05-22T00:00:00
79,user0079,bc069bb5a3806940b9d744bf23935e167d716eecb06a17a2ecf46065a74e,user79@example.com,2024-07-04T00:00:00
80,user0080,5b027301c572772fa3f457b321e8ef6a50995d400a79496e37a4b4d16459,user80@example.com,2023-03-16T00:00:00
81,user0081,6801a1b5cd27f77d6e5b878bb0704b4717bd75193446594621a081cab49d,user81@example.com,2024-03-26T00:00:00
82,user0082,870cbd4ab7edcf9d2edc7d42a9e92b8ffff46b80864fba16f95b527082be,user82@example.com,2024-03-28T00:00:00
83,user0083,74c99b49d4e61a412fc364c96e2a843edf3406d2e4f9a804233dfb1990eb,user83@example.com,2023-04-29T00:00:00
84,user0084,18e49b6f201505da618cbf205b838a330e4d1bb9eae818b67cf970a98a0f,user84@example.com,2023-03-08T00:00:00
85,user0085,71fdce8f89366e38b7a1ec003d3f745bfafbc427698615eeb5079da12375,user85@example.com,2024-03-20T00:00:00
86,user0086,5dc1ca88aeff32399721b7f1406030f430418e7d142ed22737e8b61a9e70,user86@example.com,2024-06-07T00:00:00
87,user0087,71b0b9fc94a651508cd509fecd1daec093ef8ec72f13ed436da46e211fe2,user87@example.com,2024-08-25T00:00:00
88,user0088,f42e0a73b07016ee49fa7154967f93972576e52342eab835518cef53a15d,user88@example.com,2024-06-28T00:00:00
89,user0089,2d8ab731a24fe12ef84d98ed41254c593b83e2f207d07f42cda3aa30c4bd,user89@example.com,2024-10-06T00:00:00
90,user0090,d33a3d81922424769fc76fe84edaba32080e3fbd09ed331adfa477858827,user90@example.com,2024-11-24T00:00:00
91,user0091,b5c4b9bf3d83a2c5870ec7cca38d917392eb27961e0cab0d225d9448779e,user91@example.com,2023-09-15T00:00:00
92,user0092,a0cd8197560219b99b3e801a97aa0577f6d1b0cec986ef9142989ba7ac7e,user92@example.com,2023-05-22T00:00:00
93,user0093,15089159d7450d8a23037a0c2f893f3c7d75f2237086a76befa53116bd86,user93@example.com,2024-11-07T00:00:00
94,user0094,6f944fb0f0787e2754dfa4bdf34a314818d68c8ef9bf4176203787921b08,user94@example.com,2023-09-29T00:00:00
95,user0095,54b7b424a520bb6b9e0b9e8a3480665d3e30de629ff2dc2dae87f83c3e63,user95@example.com,2023-01-03T00:00:00
96,user0096,3b2c3302be1c5279876d3ea9e3c43c4cfc6b66a5712bd192800880e83e5d,user96@example.com,2024-03-21T00:00:00
97,user0097,1d859dca81ef1fe125182aa33b7d01b69267172833ae771fec750d2d0a0e,user97@example.com,2024-09-02T00:00:00
98,user0098,699f23857946ae59cf333aa3e25ae32c230e737f020bfc381fb57f43434c,user98@example.com,2023-07-04T00:00:00
99,user0099,493091bbc0b16017ff367ceececc7199cf5a0d3976eb626f2df900cb13e7,user99@example.com,2024-05-01T00:00:00
100,user0100,4649d8ae3c5fd4debba78e20504e83d954aa3169033e08f5d9a0a3a3e443,user100@example.com,2023-01-12T00:00:00
101,user0101,585f230e8abb8b96cfe8f5995f7bdf01c114093851eafaee6e544cf50d5a,user101@example.com,2023-12-09T00:00:00
102,user0102,c99d79cefbcc3e8d94cbc22d9bd9b1cf6a0b40cc74d08e9b578ffdb445fc,user102@example.com,2024-07-29T00:00:00
103,user0103,641691f973b50cabf7ec536822c76c9af08aaa65eb068692ada9fb36c3b8,user103@example.com,2024-11-28T00:00:00
104,user0104,789d539ad41a575d9a7c92ef95c7ee41a3a296d1b4ee26f0ed6017e659da,user104@example.com,2024-08-26T00:00:00
105,user0105,bc6735bc93c48c01ce7486d47a1d2a7ebb3c56c4355d08f6da4a7be8af3f,user105@example.com,2024-06-05T00:00:00
106,user0106,246096bba5b75b7bbdc661f6f6a61573ada61c7fb1796e66eae6f31f346f,user106@example.com,2024-08-22T00:00:00
107,user0107,926171bdefe1f6419e5049171332dd2e7e146a296f32316a3071b4a6e8c2,user107@example.com,2024-01-07T00:00:00
108,user0108,5d0197d4b59cdf713672b540cb37e112f9ca624fb0334924117cc127dda1,user108@example.com,2023-10-13T00:00:00
109,user0109,97422140e6408c4286a388552fe869b45087b603f626d4479bae6aa8477a,user109@example.com,2024-10-14T00:00:00
110,user0110,d7ef8ea71943ee10bae7ef548d761098039c7b2f28ece2e732b7c492c24f,user110@example.com,2024-09-04T00:00:00
111,user0111,a144332ab203b5fe2aebc6d011c968f958fa79f0fe6ccf734e38439f40b7,user111@example.com,2024-03-22T00:00:00
112,user0112,cf3edbe4120597d76c1a777124438dba942313cea206dc6b4647860761c4,user112@example.com,2023-05-01T00:00:00
113,user0113,7fb621af168d5d0986543cafb24d0455733c3cdcb4dc61029fa44f16c09a,user113@example.com,2023-01-26T00:00:00
114,user0114,f62832f0a2ab8744637b5fc0761d6bf111b290bfe5653294f1c2cd34e4b7,user114@example.com,2023-10-23T00:00:00
115,user0115,d8dfd07904c743d592e046e98b2be7b5230e90210d86aef2e52c1004b0b5,user115@example.com,2024-07-03T00:00:00
116,user0116,8ebbd68c725b6ada86b2db8ccdfd35985af2c06c330a816728b0faee7314,user116@example.com,2023-10-10T00:00:00
117,user0117,664636f38f6018af9a5fbfc4fdd640c19ae53339117c4ac3b76a8cc8fcf2,user117@example.com,2024-05-12T00:00:00
118,user0118,bb31714adf277aae3954d2e1a4ec351b0978aab5c12445466e726626d516,user118@example.com,2023-10-18T00:00:00
119,user0119,d2a725f8ddea195c14fd6bfc666ecf6bb8f4cd8c3821d4ca9276ba7d26ee,user119@example.com,2024-09-22T00:00:00
120,user0120,40239abb7a6047841a9aa66020cb5c82afeeacc85583cc135052fef9d94c,user120@example.com,2024-06-24T00:00:00
121,user0121,e526ab8cda889aa8b6ba3e2589d5a13430725c0deedda8ee44573e7fbb4a,user121@example.com,2024-09-04T00:00:00
122,user0122,5a183248989fc94750808017e97685b6c6e04d7c2a77f965ce17102cc3c1,user122@example.com,2024-01-20T00:00:00
123,user0123,5f79c4dc192410fa8a74254169f32a3883e4d6ff36b765bc4eb5a7f1feec,user123@example.com,2023-10-07T00:00:00
124,user0124,d6f70b3a0290337031874b323bb56a222e093b6b496d553ccc829fe26f6f,user124@example.com,2024-10-05T00:00:00
125,user0125,eb6ebeb9d346067a00c0cf57f7bf1010b393d7b69626e0a1c782684cb3fa,user125@example.com,2024-04-16T00:00:00
126,user0126,38d5d2ad71deef3773840437762f811a3b82decccb3fa9795c1f3b5f8a9c,user126@example.com,2023-05-08T00:00:00
127,user0127,545c093818cfdc756398437c5b73ac621435c9f0fa7a1ae452ea3d672ab4,user127@example.com,2023-03-13T00:00:00
128,user0128,8dd146976aff2dc5746446760d603b637db0506aebb485a140ad91dcc5e1,user128@example.com,2024-11-07T00:00:00
129,user0129,df8a38a7d65654a90251e7452e950cfd310e39843fb8af5cfc2db93737c5,user129@example.com,2024-10-21T00:00:00
130,user0130,cbf7973c502ddf5764b0ef7226989c8ef462ee4fc25d9b0d29775a74e085,user130@example.com,2023-01-10T00:00:00
131,user0131,1e8b1ca8ab3e13434b38783b1dd1fb706b0407a2fec8ef5d109b7b3a1c2f,user131@example.com,2023-02-24T00:00:00
132,user0132,3ebf6b618e1e1eaf10bf72b3f2f136ddaa5331703c9f4c831a3621c0f776,user132@example.com,2023-05-15T00:00:00
133,user0133,0d1e81d4baadb619dac79d990f398b5b9005baec7b15421390be8c020011,user133@example.com,2023-12-09T00:00:00
134,user0134,3a9477f087f4b2d2b3aed890a6060a68bfe8adaaa88c675afe44fa7aa6bc,user134@example.com,2024-11-11T00:00:00
135,user0135,e160a89ed3f78daaa821b5b438b015bf221bf4d0f776a7a3e262e8b54a37,user135@example.com,2023-04-05T00:00:00
136,user0136,f0c4c851c31d758dac82e44bf42b4bafc481c1f5fa0f7206b970d8d11f00,user136@example.com,2024-06-11T00:00:00
137,user0137,962103dbca1d90c64838dec1a8dadedd3288d7e96522fc631c0e80bbd0d8,user137@example.com,2024-01-24T00:00:00
138,user0138,2956228e90b20c2b4efe6320e23aa7076a353dc101b7c20a65516134a846,user138@example.com,2023-10-23T00:00:00
139,user0139,c0eac1fdd450f9c1d591b31a3bfb76156c2ecafc75ee21d0bc488ab1c05c,user139@example.com,2023-08-23T00:00:00
140,user0140,f4689a0161f542f3e1fbe376ddfcf5fa0884856ecff11ff472bcc9e5a530,user140@example.com,2023-04-05T00:00:00
141,user0141,9405dd853757a51e8b0ecba13461f62433d81e78377c3eba4984676138c5,user141@example.com,2024-01-23T00:00:00
142,user0142,0c8953091b33b4827a57e30ac2e2b9f50df02e1cdd7f049b4df0dbc9a671,user142@example.com,2023-09-21T00:00:00
143,user0143,5ae2f0f8c41b315f0433a298318938972f5bb47abbbb44c1723c8bc2b28e,user143@example.com,2024-10-05T00:00:00
144,user0144,7bb93af0084576fbdcf9914d75361a72a2738de35bb773630859ab8e9d44,user144@example.com,2023-08-16T00:00:00
145,user0145,aaad1e469035d81ae074224bfbe10f446e0028a150b84d10f778e3dc9329,user145@example.com,2023-09-27T00:00:00
146,user0146,6414feaf5fc03ffe45bb0c7e6a40906a4acbaac77f36cdff5e084ce527b1,user146@example.com,2024-08-11T00:00:00
147,user0147,dcfdae22f141c3634427fedd48e29f3240e5183756757544a76f8ba1ea20,user147@example.com,2023-08-30T00:00:00
148,user0148,61f59e578b3a64e7e890301e40a74a7756964011f320540a1dc7e1416069,user148@example.com,2024-10-21T00:00:00
149,user0149,142e328643ce2899e2a34a15c51ffd2006870b5571a20b16b3c3bd38f902,user149@example.com,2023-05-20T00:00:00
150,user0150,c363cdf046aa7e31bdd527744adcbe38fc6df08b0c3c92883c2b3fbd890b,user150@example.com,2024-08-17T00:00:00
151,user0151,e4765a07ec491625220a8ca2df790ac5cee8aff435b2f022f73aec309057,user151@example.com,2023-01-16T00:00:00
152,user0152,8fbfd6744b508af4e8063f4dd80a2d4cf8d1f3b0593dd8d8a762bd49db23,user152@example.com,2023-07-10T00:00:00
153,user0153,2ee614c815c84d064f9df2dc11343341da76220038a0e72ac5ea50e8754c,user153@example.com,2023-01-16T00:00:00
154,user0154,7e40ff458f973c08a447d6ef01dcb4d14f35494ae940ff0125bb811654e0,user154@example.com,2023-12-21T00:00:00
155,user0155,1ce3fec7f6e89d52fbdbdb4dd59e9c0c1bdecbc75c61483e44f2d7028c44,user155@example.com,2024-01-20T00:00:00
156,user0156,be0670331f9b6ad2bb42282bda7ea541d4ffb349c971ad15b0b52ec52109,user156@example.com,2023-10-07T00:00:00
157,user0157,480bae71ac6e648a53889897b79169523e74c22de8d264ded9d1b9f33a15,user157@example.com,2023-04-13T00:00:00
158,user0158,63f6e9293b3e5e9373c1ecbec43be5c5d94e63f2c855df44f6a0cbb83e98,user158@example.com,2023-11-17T00:00:00
159,user0159,e1663870e983dbd694225488de4caf46590680a8ae28205754ba275a8f71,user159@example.com,2024-03-27T00:00:00
160,user0160,fa7ef8ebc9b3df4d4e0816a8b8838a3c9f57e86871c8ce8c96d8297c9c23,user160@example.com,2023-03-15T00:00:00
161,user0161,5fd80b00c9e7166bbf315d2ae7bf0313e443f577f03b559c5d99179f2e6b,user161@example.com,2023-07-18T00:00:00
162,user0162,b35b6a94cdd54ed25da333a281e667f321576e47122deb798d6a3bfd47e8,user162@example.com,2024-11-19T00:00:00
163,user0163,f6e308ba9f927de02b7475783cba109e5aee37e946cdb9ec5988133cfb02,user163@example.com,2023-02-04T00:00:00
164,user0164,9966e64c842241d69c4a0c11b8fabf567fc0e5681256ca81440487b0e8a8,user164@example.com,2023-04-02T00:00:00
165,user0165,2365c2d4797da4f138b2624b6447b91c3f0f99efff99a20e5b1c0e94b092,user165@example.com,2023-03-02T00:00:00
166,user0166,463d3a6b2f1aba76c6b41e094b26d6879dc9615b283e2851f2cc78ff23f2,user166@example.com,2024-05-02T00:00:00
167,user0167,62388f5ff37897df247eb8a7a4e5aabc2d3c8b0dd02d5135b78c6ed89f79,user167@example.com,2024-06-17T00:00:00
168,user0168,a5da673a11f2bfe7e90e55069ea2c52f1bf784f72ecd0bd1b0bbd45aa183,user168@example.com,2023-01-05T00:00:00
169,user0169,ffd23ab22b303cd224f7bc6d1134cda9bc537e892b72e05abfd4b33219ab,user169@example.com,2023-08-19T00:00:00
170,user0170,e038b7df7b9be0e41946d2905b31673c64ef23b7d68543de2b1c07096bfd,user170@example.com,2023-03-09T00:00:00
171,user0171,555e94bcfe6da832572cfc13f293134c8a5a38432ae86e398bbff331b001,user171@example.com,2023-11-04T00:00:00
172,user0172,7b33cf461f2eb52464695381d2c68d2299883150215333479aa26e6ea325,user172@example.com,2024-05-08T00:00:00
173,user0173,5eea4111f580fa6fa1a676b8f3d9857c557af1365b6da5c4c8ceadfc7589,user173@example.com,2024-01-09T00:00:00
174,user0174,3122e9d3b247170b0d5108a47047a89fe757e7cc01419e3cb195cc00ee7c,user174@example.com,2024-10-25T00:00:00
175,user0175,01acc65e4b8e918b6fc4e90961b03f0915b354a44d541d894f80db362874,user175@example.com,2023-06-23T00:00:00
176,user0176,ba9694a7e53c6985562bfca8dfd54da20ebee274c0481926f4c5b3207a43,user176@example.com,2024-03-31T00:00:00
177,user0177,c92a30f3df037b1e9e134d0fd4e45773b00a8c849f836389b216ec9b86f4,user177@example.com,2024-11-04T00:00:00
178,user0178,e9a900ccc88388f3112582df6834464709785deab9e641f0c388a949abf6,user178@example.com,2023-10-04T00:00:00
179,user0179,73ef8aa35b3393d7f9b883c19be65e173bb8fccad7c927f6d93c046a4897,user179@example.com,2024-01-28T00:00:00
180,user0180,b7d689ee7a56e7d3aea1cfdd1f43cff38faf1390ba3762b6a868bb41e4a1,user180@example.com,2024-11-18T00:00:00
181,user0181,838dafcee041d1f7367a960c59bdd39dbac27c3ff19de4a72d0d3d20c699,user181@example.com,2024-02-25T00:00:00
182,user0182,7e49f2ba129e185bca038f9c9550af69af0f935be02481bcd9236110cb7d,user182@example.com,2023-11-25T00:00:00
183,user0183,19fffe83af4a934a7c9d38ea7bdda3cb8a08820eb97a5bbadaa7bf10afe9,user183@example.com,2024-09-08T00:00:00
184,user0184,e6cdd1124a34c3529fbad4034b7db7a29c94cfcdca7ab4fe9fa98ae25c84,user184@example.com,2023-01-01T00:00:00
185,user0185,0d3e674cc3e45349947290b3fd4e0efe02ad97a4f5249c00bc1f34bccdb0,user185@example.com,2024-09-19T00:00:00
186,user0186,204f7d258b2ca44f982b0799eac4ee7ea9b618a9e96e1329177f6ae08ed8,user186@example.com,2023-08-18T00:00:00
187,user0187,3143d38d5c353589f6e1e0bffdfc99c8791ce80afff0b615b4d6487fe035,user187@example.com,2024-10-15T00:00:00
188,user0188,f4acc405e20a434c271c79de6f99e87e03d4b21d947a95452c119e5d9b00,user188@example.com,2023-10-19T00:00:00
189,user0189,8a23a4839b97b4f6c5559442dd71b6a80550b7531212b6d4773364386f20,user189@example.com,2024-07-02T00:00:00
190,user0190,d86a195114ba9150f97d094382de50b81295e159ee510176b80e4a9f7e9f,user190@example.com,2023-12-30T00:00:00
191,user0191,b2189eb679be075a2c3dfc6615ae118f87d2ab1d839decf413cc69113b51,user191@example.com,2023-10-22T00:00:00
192,user0192,049defa2331476fedada98a9c98e9421e1fc4ea29b122afc00e92aafd1a2,user192@example.com,2023-03-24T00:00:00
193,user0193,1e7b925bc19bdc5a3ac771b760c072654179f95054c2e25f51a8231f2a78,user193@example.com,2023-09-28T00:00:00
194,user0194,b945b7c85024e5a3e4db5461e7ff9e9d7bbc757957f488dc641e34fe527e,user194@example.com,2023-05-25T00:00:00
195,user0195,72b4555765fd08b9288c23ab56aadd1ae24bea2d7223a5c1650f8656dc28,user195@example.com,2023-12-16T00:00:00
196,user0196,7f02f66a2556a79c66d3238b626a3f0d23ce87bb4867920d7b191de6468f,user196@example.com,2023-08-28T00:00:00
197,user0197,82b5a5a39adb848fffbce4b374c51c6ba910b0d033729c2a6f0784a47124,user197@example.com,2024-09-04T00:00:00
198,user0198,4af211f9b3bbde9758ed570caef6a012bfeb4255dd5392f109f3cfe28bc8,user198@example.com,2024-08-09T00:00:00
199,user0199,42e14473955459c3e2b0de4b392ac358df38960db1f3bbd1cbb725ce3414,user199@example.com,2024-03-24T00:00:00
200,user0200,24f61697cd88a8bbc992af29d68c413e3201af11d1564edbf8852f81cd3b,user200@example.com,2023-02-02T00:00:00
201,user0201,ff8c8aecbd2ea59b391b8cf2c1d2ff81b7e110ed25a2b963d7dc49a2c362,user201@example.com,2023-10-12T00:00:00
202,user0202,de75dbcee31c1ab129e4a18302dc2ee2b6ccf5f142ef7172b60842eff6ea,user202@example.com,2023-04-12T00:00:00
203,user0203,8e5f87ecca96bf5e59eb0fa0e61fc07b90ef3b9d27969c97a0327b856742,user203@example.com,2023-12-28T00:00:00
204,user0204,9b41eebb7772d0ca4f3d523ba9b8758d32033ec255eee0f89dbf793c3ea2,user204@example.com,2024-06-11T00:00:00
205,user0205,74921b335ab38ee356574ea0a448d25a1cbaa15362eb84188556d2cf8c69,user205@example.com,2023-10-24T00:00:00
206,user0206,e413c6e8112781ba532828902cd54225e79144a197a21e920dbf43363c50,user206@example.com,2024-01-13T00:00:00
207,user0207,2584d989804ad274b4ae673e242a78791268d27e41b3ef3fa745c137944a,user207@example.com,2024-08-18T00:00:00
208,user0208,025b119e27533fcdf5ee32967114d84863c5bebe569f4f39514d81313d5e,user208@example.com,2024-06-26T00:00:00
209,user0209,40c13716f0faa2290b2ac6b6694417b789f2032f5220a179747baa70094b,user209@example.com,2023-11-11T00:00:00
210,user0210,44eec020217bd0e5eefd303c82a23d7e74edd83559ff5575ee59d5f9ff93,user210@example.com,2024-01-13T00:00:00
211,user0211,ffd59859a4de164076e281bb0c2ee950f6906b99b9c0c77ad3b66f05cddf,user211@example.com,2023-03-01T00:00:00
212,user0212,92f5786c06ddf2e740dd372c932f3e7c77046ad090b4e7ea7256ebee2020,user212@example.com,2023-11-11T00:00:00
213,user0213,0e2899c9431220f4fc6e18282595905bea9596a0caf7b93ef1b47f1a6f73,user213@example.com,2024-09-29T00:00:00
214,user0214,2cd1392859c6d8c7311715b99f3df99ca9cf7569bd232451f4d1df256587,user214@example.com,2024-06-09T00:00:00
215,user0215,21ce005185aee33d8c1ba3de07d660215c2bf35278a070ec5642e37ebaf6,user215@example.com,2023-02-28T00:00:00
216,user0216,9d238a238f4f1d54c96228efa512930d2589d54bfed03d8299635a1f418c,user216@example.com,2023-10-06T00:00:00
217,user0217,fcc015f4f0bba55200aed75f16ba4773ce487afeadf100c0807f48a5f86d,user217@example.com,2023-01-18T00:00:00
218,user0218,d301878c45b66e2216908b3817e4ed7e00ddabb5ce862671e7e186a2a5c9,user218@example.com,2024-03-05T00:00:00
219,user0219,8b6acfb984e6607e9dca0da3b4641184588eb4ca0a7b06af6b65914a4cc1,user219@example.com,2024-08-15T00:00:00
220,user0220,14b62fae4a6787d869f7f5b9400e7d1bf47ed36bc1b6058bbf30c8e410ea,user220@example.com,2023-02-21T00:00:00
221,user0221,369a983adbc1b86cbd2d7f4124ba7c9af8e8e20caa516838d50505412964,user221@example.com,2024-05-19T00:00:00
222,user0222,e18e4818163a0c72ae6e046a6997a684d23e584c1f7d63151c7ca2a0e6fc,user222@example.com,2024-04-12T00:00:00
223,user0223,e1b9a8548ebed571cf318859e5959af58f6dd3efc53e03426989842bbd34,user223@example.com,2024-10-30T00:00:00
224,user0224,c574c47ac391fde7f351d36df67313766b5c8544d35afbd2bef5bd2b3070,user224@example.com,2023-08-28T00:00:00
225,user0225,bae8dab2ec98b51adfd3b7f965883f2558c5b722fcab2cd59fc744da2732,user225@example.com,2024-11-18T00:00:00
226,user0226,bd3651981ca2e8a9fe8986176964d92c6430408de9c03dff9ef49de650d3,user226@example.com,2024-06-23T00:00:00
227,user0227,ad0438168c95065f20a06f106171c20fe461c9fa9d25c3969b63b9596a2d,user227@example.com,2023-05-10T00:00:00
228,user0228,77871274fa38bd01bc13e8b3bb03b1fcac88b7d008cf166e14400fea87ad,user228@example.com,2024-08-14T00:00:00
229,user0229,279586e6147ed708df0eaaf028abff9de5d3463b2ef70222e500f7ff591d,user229@example.com,2023-11-04T00:00:00
230,user0230,c7780adb7c2380c981009e2f2b83221f233988a296dde04f83edb23e27b8,user230@example.com,2024-07-13T00:00:00
231,user0231,12c5ddbdfc8b04d1cf7218181dff640a6eadff43cdad2f33b926a72fb8d5,user231@example.com,2023-01-31T00:00:00
232,user0232,a3aacad9906b62f0d7b09b87a88f343c5d074ba3e6dda6c7a68bf1aff36e,user232@example.com,2023-07-09T00:00:00
233,user0233,886b7ed6dfc9e9ca3be1e09094ea438211e331cc05658b975016231e10d7,user233@example.com,2024-07-19T00:00:00
234,user0234,9c4befaac3c846474ee51ac5df19f31128653ba30cfd2cf27101e0bff614,user234@example.com,2023-12-21T00:00:00
235,user0235,573c92dc23c86248349418fc5a5540e3b6d6473a826c4ef82bd718296e16,user235@example.com,2023-12-30T00:00:00
236,user0236,1b05c511da29fb47649e08d9e2aebfee25a4320837a50940ec105a7ac670,user236@example.com,2023-06-01T00:00:00
237,user0237,58e6b22be97d083def78d9c1ed9e1f50738632979874973f83519a3f09d5,user237@example.com,2024-09-04T00:00:00
238,user0238,96195f880b7862af34a54bbe9e7747303dd1b46cbe72d20a66cebf0309ad,user238@example.com,2024-10-12T00:00:00
239,user0239,48ca48aeecf718263ee56aebe2b5612039ccba6361a11e47add9d0b30371,user239@example.com,2023-01-12T00:00:00
240,user0240,e3ee083fd10ff03b6f94804d2a3f76b9b31d6d2f436e6fea65db2c6650da,user240@example.com,2023-07-17T00:00:00
241,user0241,73534b8f12e629ce3ec0bcbf8227c8a2bf42fc8dc1af5a47b34349c123fb,user241@example.com,2024-11-20T00:00:00
242,user0242,0ad61a6ede4dc00e7e283f5c7d530ac267cdecc21e9129964b817726df23,user242@example.com,2023-09-28T00:00:00
243,user0243,45060b251df0c05b2d164a9dfa019f1074a8cb4db0a2f35d974ae765bb0b,user243@example.com,2023-01-14T00:00:00
244,user0244,7dc89cd3653ead59bd1d97cf5ffa430177879eb90c2d8026f282f760896c,user244@example.com,2023-10-19T00:00:00
245,user0245,c4f6b35d0a701e702bf982c36079c7d39b7f7bde2390596cd015f526f47a,user245@example.com,2023-03-18T00:00:00
246,user0246,70a557b07f133f337b06217f5032a23735ae93afcbb98bc5c458e19e6b08,user246@example.com,2023-07-14T00:00:00
247,user0247,e630e4fc58f85880fbdc50bdcbdd9724f1aa403688f68b7c9f98d9e68ef4,user247@example.com,2024-03-16T00:00:00
248,user0248,931b1b7be2d5696b6f05c8f487493f35eb15d21a015d6fa7f32c4b0a657b,user248@example.com,2023-04-18T00:00:00
249,user0249,3767ca241a8ef9a81cbdb028c29cca896ffd633209fc43dc491cad829b2d,user249@example.com,2024-02-09T00:00:00
250,user0250,098a51f85801a1f79880b7f938566d611e9272bd6605560b58ab796de08a,user250@example.com,2023-09-18T00:00:00
251,user0251,7476807be5ac23e0b103ff6d7005856c65f9519c9d228d2c1923aecdaacb,user251@example.com,2024-07-10T00:00:00
252,user0252,228403852d1c9048b6162944a5da96ce61135a095def295f84898b66cc9e,user252@example.com,2023-12-28T00:00:00
253,user0253,5bf60fd5e20df50c5d7d98139d233610ba381ac2f23d2eeabace12bf594a,user253@example.com,2024-02-02T00:00:00
254,user0254,dd85fb5fa5faee48e8a9a44ade4c744a1ec9545bf36292ef1cd2c0968cf2,user254@example.com,2024-02-04T00:00:00
255,user0255,53cce22e645c43fcf79e3e0c0ae925dcc3ac40b28192112e1921e27b3ee9,user255@example.com,2024-02-04T00:00:00
256,user0256,6bc534259f7ac71c0b3efeaa4725a2cc4c3fc678749f61dc5a98d90dfe53,user256@example.com,2023-11-09T00:00:00
257,user0257,8efaeba27af4f567ae8dccb066d92b4e9300d1ca6e07b9c9317bc16a07c8,user257@example.com,2023-05-20T00:00:00
258,user0258,c112e4ee1eda3c613e7fcd380c1fa1d5f4c20490744fa5f34771130d3c00,user258@example.com,2023-12-25T00:00:00
259,user0259,5d472158cc2e8439a1efb023d3f697e487435f77bf7fbc4fa335cd66336e,user259@example.com,2024-09-30T00:00:00
260,user0260,90aff5bd837052ebc233fded93c9e5fdba7855cc44c62d4749a7ba55b020,user260@example.com,2023-03-17T00:00:00
261,user0261,d549a1c3bdfb97e46807f62d271f3ad615e2623a82d7be80ae257ffb6762,user261@example.com,2024-09-02T00:00:00
262,user0262,cf0ebef85c462440d69a15ba3d990cbde1d744e1f7acce2948d58ed2c0a0,user262@example.com,2023-08-17T00:00:00
263,user0263,657dd2d831fbcad6de815f58382bd1b10ac46fc706ee96924b9a72af95ca,user263@example.com,2024-04-15T00:00:00
264,user0264,5c6064aa0fcd9691747bdef493be250f24718176b5f4f2cc4ac3d5b989e2,user264@example.com,2024-07-18T00:00:00
265,user0265,36d8a11062f924b7671f27942cf24567f0b5ff2ed12bfbde415508f522ad,user265@example.com,2023-03-24T00:00:00
266,user0266,524ba511b91d8ecea79eba7f13eb1e5a6a477df05ad3fcc3080ce9ffead0,user266@example.com,2024-08-23T00:00:00
267,user0267,0a9ea10ca216a6c106e2aa36fe76320eba52080ebaadaaec12529276ddd2,user267@example.com,2024-04-12T00:00:00
268,user0268,f3e89cd0cf14be0b215b6eaa96f09a8f58a9bee36ab9bb826529a6f78a01,user268@example.com,2023-01-26T00:00:00
269,user0269,bc4f22d7a2573b684b7ac6db3e7610f54110b8b6e873c7cbdf902e79961b,user269@example.com,2024-04-19T00:00:00
270,user0270,01539b88c6ad1639b679439fa83703ba2edb165f4cfa7cadf3c89cc89ab6,user270@example.com,2023-11-26T00:00:00
271,user0271,10d6b748bcae8213410b219e254125b923ce9e309806a8c26105a53fe93d,user271@example.com,2023-12-07T00:00:00
272,user0272,e3472d635db25fcb02f0baa08a2603f1840c14afd4d6b6f2e5141d38245a,user272@example.com,2024-01-24T00:00:00
273,user0273,f14f343d95b73319a81e909b0af1aa820ee4df82f22b0563f05768152a45,user273@example.com,2024-03-30T00:00:00
274,user0274,0a7043c350b353ab582d6b359099e0664179c3e05ee6365cfef41060c9ca,user274@example.com,2023-10-10T00:00:00
275,user0275,17b8265cd2cd7338bd11de2795ec3b380d1daab52d70b05433da54915a0e,user275@example.com,2024-04-22T00:00:00
276,user0276,7205370ae379c57f43098678ef747de3ffd0623c46f78e4063e457ef60c5,user276@example.com,2023-06-13T00:00:00
277,user0277,3fa1e95a459a6eae84981ad6b54d627fc4996d30e844454f93bcb8d4df74,user277@example.com,2023-03-26T00:00:00
278,user0278,87a89740bbe77486de8b59546d447bd63c2e19055d188454172fccf04571,user278@example.com,2024-06-22T00:00:00
279,user0279,2cafb2d3475e42bef3bfe4d34729451bebe8d4d00670b356dc38328d3694,user279@example.com,2023-06-19T00:00:00
280,user0280,99ff71ea23f76272cf243d79b831b3a9a2ddc16192707c6b50e253be4d9b,user280@example.com,2024-02-05T00:00:00
281,user0281,d3f99c2c7dd37bafd4a18290e8a92821c5ad2787b5cd25d569d801bf5c2f,user281@example.com,2023-06-16T00:00:00
282,user0282,bed68452678edebba9dfcd4f52fc190416daaebf7db8e247fe00fa14309b,user282@example.com,2024-10-11T00:00:00
283,user0283,2cc95e202b8f64ea5dd847843830a5084e3eecb3d6ca081d71241e799e88,user283@example.com,2023-12-25T00:00:00
284,user0284,4182a08104914aff6f4f350696bb3d3aa73100f244dbcf2da5325eb22f90,user284@example.com,2024-07-18T00:00:00
285,user0285,2c625b6eaab5d93ffb06a87134b2d46570b538bd657757bab6919a6be4ce,user285@example.com,2023-09-18T00:00:00
286,user0286,b9035a350812da3192ba026a769675f5850952ba813410ce4a69371c24bd,user286@example.com,2024-05-22T00:00:00
287,user0287,0906b6b505feb1c21cc11adf63f88b2b1d89bd4d88db23ff83edd5134062,user287@example.com,2024-02-12T00:00:00
288,user0288,17ecd7b33b03e3f317e62c25b5dd8983a8d9cb511e20051b55ffd83ac6be,user288@example.com,2023-12-18T00:00:00
289,user0289,37d5a07379bbf4f5a71a9c2cd819e1498e5cf2bf0755500391db6d63071a,user289@example.com,2024-10-26T00:00:00
290,user0290,cbec65763a6a48663e083b31e4f7139f0e2444dad24481eac4f3bbe76c6c,user290@example.com,2024-10-29T00:00:00
291,user0291,eb3a226584c2258d5a965bfa6a01bd719b41ef6a894415a94a63ed4e00cf,user291@example.com,2024-04-16T00:00:00
292,user0292,12279c009cd448e4acd3c7327994f0a30a627e84bd3dae2718d0b1ab72f2,user292@example.com,2023-08-31T00:00:00
293,user0293,090a8e8b1b602a95eeeeffacb1ff84daccab2a44434ea5ff277d74ec237e,user293@example.com,2023-04-18T00:00:00
294,user0294,d4db22cd62aa1bc968f4f40d5d6e09aa291ac970465b11a6164c566de191,user294@example.com,2024-11-29T00:00:00
295,user0295,e9b940a84a9acb999191a7661ef163045011bb0d979632ccf03034991157,user295@example.com,2024-11-03T00:00:00
296,user0296,77d2eb70c20afdd590dfe132bdb948a1133b5a7c6ae760be540e238206a1,user296@example.com,2023-11-29T00:00:00
297,user0297,e77e4dde376baee4f3449d5df8d3f06ff13162e480737fed417e1a5a873b,user297@example.com,2023-09-06T00:00:00
298,user0298,88a31054abdb63ea220040440150a5f2a15c28553be978f51f9d27e02ec5,user298@example.com,2023-10-01T00:00:00
299,user0299,3e2a09d1e4b64932fccd01bb96468bf81d59a5f5c967ee114e798b6ebdd6,user299@example.com,2023-05-20T00:00:00
300,user0300,a7fa91551f13401954837bb59c2b45f509bbc2e6a6d03bdfe8e7925a0c11,user300@example.com,2023-05-29T00:00:00
301,user0301,346f010d8267c763329df49a33481fe59b04242293afcc5d43c3e7e1e638,user301@example.com,2024-09-04T00:00:00
302,user0302,0e74725ee675e7c6cba78c2e58eeaf595f2689b5e70e8f9d0c676d219b05,user302@example.com,2023-09-28T00:00:00
303,user0303,d91a9f711c66edb9ca20b95e30508a62218c9d58f894f42e4ec32158ac45,user303@example.com,2024-11-15T00:00:00
304,user0304,4e65c389d781b48efe75833288aea45cd07c72a111dac39776e9bfed9537,user304@example.com,2023-11-18T00:00:00
305,user0305,61d80fe0d2683a975d09c9064e73631fb17ebf568d6c7ff729902ef24f81,user305@example.com,2023-01-17T00:00:00
306,user0306,e84738d92741516e78d317e20584031b0034730f041a3d89dfa17cf2cdce,user306@example.com,2023-08-24T00:00:00
307,user0307,15b9ae46504458f76d27890555824f3e9d852700819323dcf958ca2a57d3,user307@example.com,2023-10-20T00:00:00
308,user0308,a8b03b7702df504a98b6536987955ae0bdea6f473aa59bfa03ece36b551b,user308@example.com,2024-02-23T00:00:00
309,user0309,cd5cc648f6bceb2e7a57fd4217c1d9df8c106a9ce6c490f0474d9ec01804,user309@example.com,2023-01-01T00:00:00
310,user0310,2be29b67a8ecbe36873d67ccae942ca32b243778dcc5af25a07b42c8d9f0,user310@example.com,2024-10-26T00:00:00
311,user0311,10ca244ec37e9afc76636606621b82c019f646fa2e3016e8665ef88a3cb2,user311@example.com,2023-12-15T00:00:00
312,user0312,ae7ad74fdff490d50730b46cc72dd80de87668814e150a9cec0c3caa5fdd,user312@example.com,2024-08-06T00:00:00
313,user0313,6b8af37f3eb4ea4cdb46b7500ba95c4231a15786ddcc8d26a0b250f00db8,user313@example.com,2023-08-12T00:00:00
314,user0314,9de89c7beac00cb1d4890ccffb3fdc429d1e0e7ed16ff67c55dc95be0981,user314@example.com,2024-05-09T00:00:00
315,user0315,67248144d82aa95570bde073ba2b458d63b99a9027844a7db050b375fc1a,user315@example.com,2023-11-25T00:00:00
316,user0316,cefe58617d22916afd714bb04723a579d52bb99d27cb74b3c615197504e6,user316@example.com,2024-06-25T00:00:00
317,user0317,55cc76937e924e90d6827407bf135bea4d69b3c10e334e490876039370fb,user317@example.com,2024-11-28T00:00:00
318,user0318,4eab789548308aa917331f9896560973c4bc718eb6fe988dcbf007dd3411,user318@example.com,2023-11-29T00:00:00
319,user0319,5c87c6e5268c6e7a4e96533ac08cb45d3a2c7ed783c5e4f22ca504117391,user319@example.com,2023-03-07T00:00:00
320,user0320,b2c6a21279bc3fcc35a3b7708585029bf0b93df67f1a14a48052809c943f,user320@example.com,2024-02-03T00:00:00
321,user0321,ce49d084a5af6570b08b007842b1bc5022ef81f9734d3efdbe107f34cc69,user321@example.com,2024-09-24T00:00:00
322,user0322,793e1d67d73b1ccfb566d91e1e5bb32c6273212e0518c05f4d44b5378c15,user322@example.com,2024-10-06T00:00:00
323,user0323,b10f0bca83199a6ebbad73a4b764c233c7c524fd0e51df672693318f49cb,user323@example.com,2023-03-09T00:00:00
324,user0324,245150fe9291be2310c595f357082c00f1a7caad3dc4e8b33d9483625c54,user324@example.com,2023-09-01T00:00:00
325,user0325,08ccf5d16cb5d4ffc5a45f47d6873b0909f5c824d87545d3cd4375e0b0e7,user325@example.com,2024-03-24T00:00:00
326,user0326,a18f0d5be866285578059044db5194fa64e00a2b626cdc2cd25e9ecef5a6,user326@example.com,2024-11-08T00:00:00
327,user0327,173d4d306621d59617d94ce42fa6909b4c1036a4352104042bc71fc1288b,user327@example.com,2023-10-18T00:00:00
328,user0328,3b04b86a1b91e4b2340b87f90179a07a949204e79e02bae0372f656b9cf5,user328@example.com,2024-04-09T00:00:00
329,user0329,70b00a0b15896d882b9d8b7e24bc1574b931a10507b5c7cb18d86dba2a71,user329@example.com,2023-06-29T00:00:00
330,user0330,e1ea678aed3fc3b5c6fb78af6dbc3404c4d9802fe8c14eb244f5210c5636,user330@example.com,2023-07-11T00:00:00
331,user0331,ee94662c5cf41b41c3b2d8859da57844d6c6610ab279525b342eee53580b,user331@example.com,2023-06-07T00:00:00
332,user0332,2108df8ae66fef6f25b94470e503f343d6707361e84307da660110a3ad03,user332@example.com,2024-03-02T00:00:00
333,user0333,3daed9f46810015f20ae02fbe25894363781b702710b88c94e22f9e764fe,user333@example.com,2024-03-06T00:00:00
334,user0334,e66bcf8a62614487a320b24e4c302ab9865cb40dc611629261fd0edddf1e,user334@example.com,2024-03-20T00:00:00
335,user0335,5d4461554a524510b8b3a62c1680391f725360c24191001637143bca1c7a,user335@example.com,2024-04-20T00:00:00
336,user0336,2b438007e8ee218771dc8086570a464386183473de66a521b12e1e284eb1,user336@example.com,2024-11-09T00:00:00
337,user0337,39c69c94af666d7bb1823471a3ccc664233153371a057e8df3eb5d3b7837,user337@example.com,2023-12-30T00:00:00
338,user0338,4cc7a110419d52706a5651217f4f81c3da5e91638dbd93a707e285b8f51b,user338@example.com,2024-03-10T00:00:00
339,user0339,9de920c0c75306cd5eac9591b82670b7c08e7cef927eb9af83368385acd9,user339@example.com,2024-05-25T00:00:00
340,user0340,cb46f9f5a9a20b8f5bd334c4ff516d84477ef669798d5d6e92f7c53df256,user340@example.com,2023-01-27T00:00:00
341,user0341,ed6255a3e3bb6aba76237aeb29a0ee39c1b0e20a29b479a8adf8d12a8bb8,user341@example.com,2024-07-27T00:00:00
342,user0342,8239fe6b487566b1cad0cb0e0641c076d2102f700d27b960934de636adf9,user342@example.com,2024-07-30T00:00:00
343,user0343,46a13c9d7824df79df4fdaa763ed01f57e057723d1a6a5601ae8e5f3d428,user343@example.com,2023-09-02T00:00:00
344,user0344,2bfd8750cb84f7833c818b4eea8dcef79db40e52407e464165c58b414d41,user344@example.com,2024-08-10T00:00:00
345,user0345,ea65381f7a0bf4e44c9f435f8fe99b5b451c5b88b4e1f6683fe27a5fc68c,user345@example.com,2024-01-20T00:00:00
346,user0346,a9ae3b02cb7911b114214b60c6d121a0a9ebc5e1c2807e5a9e10cc137706,user346@example.com,2023-12-09T00:00:00
347,user0347,e8f0d64cabab9abc131974f7c5d6b1a576cd962cd0148f9af6f64f83cd3e,user347@example.com,2023-08-09T00:00:00
348,user0348,ca7562852ba0ca505e18ee4d9b91e565df24db80d85f19d0af6e97db7372,user348@example.com,2023-03-05T00:00:00
349,user0349,53d3a845e0815600344ca883e26803f0f48ab4ad80e4cabd581abcdb01e4,user349@example.com,2024-05-13T00:00:00
350,user0350,89ba6a329d998cd9789d0e4320bf719f3b48ff58278f652a974f0167e795,user350@example.com,2023-06-05T00:00:00
351,user0351,e069823330edf9ca134ba09ae186f65e9e2c02a997ddb0165aaf5c2018a0,user351@example.com,2024-06-14T00:00:00
352,user0352,9d247f1cdb0427473dadd4b029099e35f777a82bd2332c10db4551faf299,user352@example.com,2024-07-25T00:00:00
353,user0353,09eb1544e9526ccaeaee4ab91fba1df0a42dba2aa6f8099fe739f092fc28,user353@example.com,2023-05-17T00:00:00
354,user0354,5ddb1cf2c8f78f38e3fb78b1d45ed5f780930a548b9b45858ff78c1728fa,user354@example.com,2023-10-29T00:00:00
355,user0355,870e50183535cb24df5ee0bb7be34a124b85687fb409c15bd26a71630376,user355@example.com,2023-07-13T00:00:00
356,user0356,c4c5155533262204e814309ad7ec1d8675162abfd3f8a35028e6da44994b,user356@example.com,2023-05-15T00:00:00
357,user0357,ad7d5874180b9043d0cd5c2a37f08b9bf16f2ac1138290f735fdda523ce8,user357@example.com,2023-01-22T00:00:00
358,user0358,b86ecbf32835198b9eb792ad33e576015ec4a89fab982b9e4c6e008c3143,user358@example.com,2023-01-29T00:00:00
359,user0359,0a1b09ec8041afe130ffc2a1388c3ebf245c616722322cbe9fffb686ccb7,user359@example.com,2023-04-25T00:00:00
360,user0360,4d53aa62a8a801479473b17e4134b354e74a9a75e8a0b8b4df647525dc3d,user360@example.com,2024-07-02T00:00:00
361,user0361,421ba3ebc196b484735307060a459c06ee5664e3ccb0d5a65a6024205552,user361@example.com,2024-06-12T00:00:00
362,user0362,a256aa410d1bf3337ba91823bbde0d04078546fc1aa1903b4c74b26967ef,user362@example.com,2023-10-15T00:00:00
363,user0363,6825d8be90c2d2c1fdeee3a6ac4fa14084f56e8adc62497ec4e03de9d289,user363@example.com,2024-06-11T00:00:00
364,user0364,67f6d759417aea9eb10b18988146a068e2a6ab514518f055efc2bd271cb8,user364@example.com,2023-05-01T00:00:00
365,user0365,e2b62a95f21d4f3e40591a5cea453c7cf7b1e0c33f23a985e90db6169bad,user365@example.com,2023-03-21T00:00:00
366,user0366,d28f175b37ac115d620cdb246662c5bbccf5847a12e891890e6b0ed4a50d,user366@example.com,2023-12-12T00:00:00
367,user0367,911bfda89328d48f6e5ddde5931ee81fedd35f29c05d644017e49ecd8766,user367@example.com,2023-09-19T00:00:00
368,user0368,9b9df4c4fbe32cc6975267accd5024bebdb6d2272d316c1bba35784919ea,user368@example.com,2024-08-09T00:00:00
369,user0369,da834e72a837cbdf8904dac172957096961ca7dc140f8561e726024d5c9e,user369@example.com,2023-01-04T00:00:00
370,user0370,22765420f322577fce8f6730219e0e5b9bc74b6c63fa68e066253e141bf7,user370@example.com,2023-06-11T00:00:00
371,user0371,4545099e3eee2c54735ede4ce58ae23f197c36029aab1c7953d51923f2f6,user371@example.com,2023-11-06T00:00:00
372,user0372,962f0c341fa4bafc74b11186cacfbca87ce1ebe08660ee90d99480270eef,user372@example.com,2023-11-02T00:00:00
373,user0373,4673442de57f5ee1ddf37ef6f7cef69a25c57da5243fa24f7b9bc42401a2,user373@example.com,2023-09-30T00:00:00
374,user0374,83e50d034ce544ca6b024390aff6d390e1d57a6d0517c452a0173c9795d4,user374@example.com,2024-11-27T00:00:00
375,user0375,31f3780960ad6458efbac0845b48ff5e839583cafc1ace1c8a4980c51ce8,user375@example.com,2023-02-05T00:00:00
376,user0376,b2f7f6e12f5e44970ce5bf3d654c6dc4701520b235f0b72ba23713770b59,user376@example.com,2023-09-29T00:00:00
377,user0377,8740b0269b7953b43bfb54bc9fe552291a962129bed5b4f312da9cf57971,user377@example.com,2024-01-10T00:00:00
378,user0378,170f72407416e91e23517e8f6fc6e7885bfc1def22923930a18da6296759,user378@example.com,2023-09-28T00:00:00
379,user0379,bd1ba51893941f7bfccb8e147d470fbce93479ecf671ce95a93d3cc8ef29,user379@example.com,2024-09-01T00:00:00
380,user0380,3b58a5f2b4072ebca2ecc6526f9d9e584aba65fd86af025cfd13e937763d,user380@example.com,2024-08-26T00:00:00
381,user0381,93e25881c629258db1015d4a9e962a9841be76e938784176e3c21f6478aa,user381@example.com,2023-01-21T00:00:00
382,user0382,7207ee3f137bde48d14c3a2cb80b954e01efa921cda8c5bc1a5e040d84e7,user382@example.com,2023-04-04T00:00:00
383,user0383,c8083a3967426dc1b556f248248b3eb0faa5ee6a8acd13593a960b124268,user383@example.com,2023-03-18T00:00:00
384,user0384,9131f97a97957d0a113710fe8a34b2d503ec94bd5bd389d9cd5b7b460fdf,user384@example.com,2023-04-12T00:00:00
385,user0385,983d57d13caca9c62b33b0353e66b4af11f42581cb6a5fbb3b5237ff71b7,user385@example.com,2024-09-10T00:00:00
386,user0386,3a91f66f4249abf79c5bb4a0ae746e06d03f742eeb96b3f7d2674fb0b45a,user386@example.com,2024-09-09T00:00:00
387,user0387,c190c2925ffad2e7b3912bf1bea7efcaa887dc4915b4a247becdbb45586e,user387@example.com,2023-08-15T00:00:00
388,user0388,b58b0ed9ca93f6aef9f25724c7c1f88b2f35b3a1c6083d1d48b63526c0ec,user388@example.com,2024-11-05T00:00:00
389,user0389,98aab672ce854de7e6861ed3302622336caef0e4b70a27055752b0e8836c,user389@example.com,2023-05-07T00:00:00
390,user0390,967ab68277bb8802205cd7acbfd769cc0159a421c70af058f51663d056fe,user390@example.com,2024-10-21T00:00:00
391,user0391,b144524f21d0acf8ca3d0c6bc5b9c700bd92d46a6c9b199418c499f9ae9c,user391@example.com,2023-02-05T00:00:00
392,user0392,d32592b8484621f96633a48266752f58584144b2ae63b679c26acd4c3477,user392@example.com,2023-12-07T00:00:00
393,user0393,b02aa8d3e2589bf14719711ef45ce279b6336f13279d65c1e654293a92e9,user393@example.com,2024-02-11T00:00:00
394,user0394,27bad4210d9bbd8d47768bf1ab489e1b133d39d37f155d8cbd70d7855325,user394@example.com,2023-09-16T00:00:00
395,user0395,c66858c48cd8b7fc92d2cca11d8f74353d4547abccddc22502d43a72e0e0,user395@example.com,2023-11-30T00:00:00
396,user0396,921a98b54539622d837b106596dd6076162e4c25cde1252237a6388f6860,user396@example.com,2023-09-27T00:00:00
397,user0397,9d37a8c2dee0569bda5b6ab8411948c29cb1a702b92becabf26e18b96e88,user397@example.com,2023-04-20T00:00:00
398,user0398,ac210f5b65f92250a0f2cc93b60298db3ee74e9d21dfb6543feda068c066,user398@example.com,2024-09-29T00:00:00
399,user0399,f12fde1a439862e0e46909fcebe993f0d9c3e83cc379b2cb0c56fae49534,user399@example.com,2024-04-21T00:00:00
400,user0400,f3a23bf4c67577d1dc74bb4eb73e5febaa929522ed3284ac38676df06911,user400@example.com,2024-03-15T00:00:00
401,user0401,4eaf07bd50c1877ad4127a9499fcaa04e39b4147f77e0e2020bb643389b9,user401@example.com,2023-08-14T00:00:00
402,user0402,5b97a069d217149392069801477cd777dc77e028080e2542f01fddb5773c,user402@example.com,2023-09-30T00:00:00
403,user0403,6d71826ebe866e870759a784c8ac87b93a513cded4271c690eb98e237358,user403@example.com,2024-10-27T00:00:00
404,user0404,27f7e284e9c77d6d34815df75bb0967c4f392b7f1e32627536079373de38,user404@example.com,2024-06-01T00:00:00
405,user0405,561b9047071c5aa160b23e3dd8f078f6728b499ae3150686e74ce33b4300,user405@example.com,2023-04-20T00:00:00
406,user0406,8f44252cbe1d677b536d0af7c7875e95a4b6ae6aef6f6db686fe1316a715,user406@example.com,2024-03-23T00:00:00
407,user0407,abd73def533ff4852d6f592a658db4598735ce9ed77480aa1edf96602f43,user407@example.com,2024-02-14T00:00:00
408,user0408,d06c47ccf7cc5587c94e41ddd71b3546b22cd3c3d8a7ea3a5720ab46fc14,user408@example.com,2024-07-06T00:00:00
409,user0409,042cbc376de30b72dd33aacec2083ed66aef22c1482da71b1c20e306fdcb,user409@example.com,2024-05-15T00:00:00
410,user0410,95b531b7c1cce9be25d1823d985b58570e740e406c8bd3415cf1b0e6aa79,user410@example.com,2023-05-06T00:00:00
411,user0411,587c2a8281515c870d7778e1d233df703a540cbf9562ef8625dea25f1e43,user411@example.com,2023-02-15T00:00:00
412,user0412,ca390819025238366e874e113647e8b920dc9701662e74e85331feaf9ebf,user412@example.com,2023-12-14T00:00:00
413,user0413,b53efad3d5dda8d9a34d98730e71bdf791df67075211a00c6e25e8ea96a2,user413@example.com,2023-05-08T00:00:00
414,user0414,b367209c6772e4816502cfb46cebf5d46b0b4a52e952ebe2e778c08ee7d2,user414@example.com,2024-03-26T00:00:00
415,user0415,90375bf347eb8b4a8847adcd9a2979c4852a151dfd99940abb4744b75261,user415@example.com,2024-10-31T00:00:00
416,user0416,5a23b526d44367d9cf6da3aa19565c38bd3a17827a88c09a1885cfde4bfd,user416@example.com,2023-03-31T00:00:00
417,user0417,8a8a73be323c768e4520e13d655370b84f328d9390fb177a5cc8742debf9,user417@example.com,2023-12-13T00:00:00
418,user0418,b8e0278158f49f737934a5b149796f879a0d23cc5c1346ebd6897fdb69dc,user418@example.com,2023-09-18T00:00:00
419,user0419,a18ef9c7c264bb62b7bc11053076266f8d3267ee13936ec4ff76158deab9,user419@example.com,2023-01-21T00:00:00
420,user0420,58dc66bb3e7e8684392124e1ae9e04d2884eb471599ebc64c32113e46e3e,user420@example.com,2023-11-13T00:00:00
421,user0421,d41a54594d4603b49132d5506a48e9222b531518e50cb4906de0d2dffd2a,user421@example.com,2024-08-30T00:00:00
422,user0422,c8f4ce7ecbe8a373223be4da44b170de81ce44dc2f2a739d5c8764478e54,user422@example.com,2024-07-04T00:00:00
423,user0423,20c8cac45ace36c9297c2cc35c25f41fcef03454d5410745fcb5ef866825,user423@example.com,2023-11-18T00:00:00
424,user0424,795be2164b0e5088b73124370e5c4e1e612fb6664e2b7ff8dd1746734b34,user424@example.com,2023-11-07T00:00:00
425,user0425,ba6b2080fda9c272b414e32bb0095ab33133166cffb3ea476c08a060a9da,user425@example.com,2024-07-25T00:00:00
426,user0426,ced889c1b16127e089d406db9e6adb52817269d3a1a48ee5ba7144501cce,user426@example.com,2023-08-17T00:00:00
427,user0427,741a03537dc4c9c802e48d2579e3a16343bb9ebb1a3d4356c0f2845c0e9c,user427@example.com,2024-03-21T00:00:00
428,user0428,ae2fe4a8188a40fa703826f991d6d98c8f5e6c722b140148aa7713bce7d2,user428@example.com,2023-06-20T00:00:00
429,user0429,840dff820ef644ee6d0603e3d171586c6adf286a3a152c71769d3c00d4e9,user429@example.com,2024-10-01T00:00:00
430,user0430,06f0608e211aa1555011833902e8ff7f57f761ebcfa20b05dd70bc83ef4c,user430@example.com,2024-01-23T00:00:00
431,user0431,4a2a4210a350e8b07157dd64a4edd627637cad43a3bcf19b708e18622b55,user431@example.com,2023-11-04T00:00:00
432,user0432,aceb683318f99958d409a8fdba9f3de9b72293d845aed9cc6d5964f681a5,user432@example.com,2023-01-11T00:00:00
433,user0433,dba8b114c573c1ffb8a9cb99e801eccb7fc97b8d0124b510cac62ebd6bee,user433@example.com,2023-10-22T00:00:00
434,user0434,9ec63c1940faf8e17c69478d948295bdc1b7294c92307c42fcae9e894440,user434@example.com,2023-07-16T00:00:00
435,user0435,0a30d5fafcf17eadc27c285c35f321532094b7a9e0f9de107312b047f09d,user435@example.com,2023-02-13T00:00:00
436,user0436,075c805fb9ab35d24f19d2ee3659ffd903c09b166263dfc65257254e458f,user436@example.com,2023-07-12T00:00:00
437,user0437,13f4f4fd338c90454c2d3b3e0ff51fe3d0f0054c3249c3188ebd5cce02e6,user437@example.com,2024-03-16T00:00:00
438,user0438,f762fa184fe03ce61fcee4183e0be7a88f04345977d72cccf5807539a0f2,user438@example.com,2024-08-26T00:00:00
439,user0439,cd58054ec7d71d6e27c35910e87140a8aeaaf4311b0e2e02bbfb3a43d41b,user439@example.com,2024-04-24T00:00:00
440,user0440,eff9b3079d12c95e5a3d24184532cadede33daba2dbeeca0b9a8383fd952,user440@example.com,2023-04-08T00:00:00
441,user0441,2577993e35458f1dca395714669d3c426467c6313c6fd952f45798b1d3c9,user441@example.com,2024-09-07T00:00:00
442,user0442,48ee58818d906627c85b977fdd8e74b1c1ef2b85fe30504a88cbbc8dd340,user442@example.com,2023-06-12T00:00:00
443,user0443,b78f834ecc42afd5a721edc2f60b79bb93e29c08396c27e1ebd1e7b4aff6,user443@example.com,2023-03-23T00:00:00
444,user0444,5482258646a68424724a59c1d44172b89e4b1f4bcfd33d83b3dfbec1fc9d,user444@example.com,2024-07-19T00:00:00
445,user0445,c6be36089b4628298c0c8061101d1be2241907fa305b92f996edf8f982a9,user445@example.com,2023-08-30T00:00:00
446,user0446,d37522b0fa0a4494f443adff3f217a2f72e9be2c247da29324f8eb667e72,user446@example.com,2024-09-06T00:00:00
447,user0447,5bebb9ef870f1c7a589c423721f992f53c1887d0d47b1d49e0c28890a7d0,user447@example.com,2023-03-09T00:00:00
448,user0448,9eace5c6b599735b26f6518a42821336396f3c4dbf77aab5398138db9fec,user448@example.com,2023-08-04T00:00:00
449,user0449,9c979ac9f513ec2daf92cb4c66bf70b1ddef0d65847c8971581ff67b143f,user449@example.com,2023-08-15T00:00:00
450,user0450,1d8703ddb5a8c62f98535f503b4e6ea9af8fa2b6f8d8a7efe2e40db4f7c5,user450@example.com,2023-02-17T00:00:00
451,user0451,75cb0e9c052afa39859d493567ae5ce505f64b7614ef99b74a36eee3f517,user451@example.com,2024-09-07T00:00:00
452,user0452,cfb2e6a9ac1f621ab29b53cab9c40afdb14e264c4184736f424fd35a2b10,user452@example.com,2023-07-24T00:00:00
453,user0453,57c2b8b9225d964236d07534b3346237036c93d6829844978f1e108004b2,user453@example.com,2024-08-21T00:00:00
454,user0454,63016ecfa3c8bc2e20ae7bd79a14f12946c59969a9b666dc7243c1d309a9,user454@example.com,2023-05-25T00:00:00
455,user0455,2ecce9e2f07e22eda41ff8ed61d04876cc1ca67f7acbdf981f7474c1b13e,user455@example.com,2024-07-15T00:00:00
456,user0456,547426b07c315f27810aae9a36dd510629581e3f72308afe36cec0ea392a,user456@example.com,2024-03-27T00:00:00
457,user0457,f096ca72d383fcfbf700ea0317c67d5bfe3667327a0fc3335dcdd5b2423b,user457@example.com,2024-04-12T00:00:00
458,user0458,fbdd19a359b2edc7d8cbd2a4e41560143343271193652b56244ec2beae7f,user458@example.com,2023-06-03T00:00:00
459,user0459,654222ca4a36b8b3fb2f2f4a4a10be0c3eff205acef979a90e64bb9b567d,user459@example.com,2023-02-09T00:00:00
460,user0460,1149d211e679b47b4d9231f2c89632da4b48c5104431a0862347eafd4a0f,user460@example.com,2024-08-05T00:00:00
461,user0461,2c6b73f5a00921842f33c41372bd66d18c654df66d6869239973bff4d543,user461@example.com,2023-04-24T00:00:00
462,user0462,da8e13df47d7008484c40fd137bf51d94f7da18693f396bf9f9e31cecf73,user462@example.com,2023-10-16T00:00:00
463,user0463,4cd61455578d0094e0c243a960aaf3c1f03a32e691c0041a18c2eeb2a050,user463@example.com,2023-09-03T00:00:00
464,user0464,330285f012ae4af005e95c78f9e3714e442b2196bcc25b5f8104c749aff9,user464@example.com,2023-01-07T00:00:00
465,user0465,e4ce54136e1792d8ddb6e840e0cbd74cd12316d507897d1dedc0d055cd8a,user465@example.com,2023-12-24T00:00:00
466,user0466,70b90123f3d185d911fe2d509c95c3487cff2b7f1c66b52c10a40eb1b302,user466@example.com,2023-02-28T00:00:00
467,user0467,ff2c9610303c6e3f3ac935973ad7474b1d7503b42e95a505a515075dbe1e,user467@example.com,2024-01-12T00:00:00
468,user0468,adc1cbf8024a27920a817b839112a2c67f806842e89be2cf6ec17e1c889d,user468@example.com,2023-06-09T00:00:00
469,user0469,5e518fcfc5bb70e3e91faffb90b79df8b9105bde5fe52565e2e030a6406e,user469@example.com,2023-04-24T00:00:00
470,user0470,08882fc3fbeab504e7fd63b1b9f37c980676d3ca01ecc85ca378115c7e87,user470@example.com,2024-11-01T00:00:00
471,user0471,c9a2298fd0b88d652bb417bef29a8db4946e208c7d2af5570826bef9dd75,user471@example.com,2023-01-29T00:00:00
472,user0472,961ba2293a80ffa7cce51dff8d102d354c2d35ab4724bf61d55efd67571e,user472@example.com,2024-08-10T00:00:00
473,user0473,c27752e6d920b8c3b15799c87010cf069cc97fdf1e44b1e9861508d687bb,user473@example.com,2024-11-03T00:00:00
474,user0474,d45d4aa979f1f7ea1faabf8bff8297f61663e4e3a62517ad4c5177ca5d56,user474@example.com,2023-11-06T00:00:00
475,user0475,89a5ce91487e0183d8c4a6ac53c88d52febe4727d15518b36de37384cb3f,user475@example.com,2023-11-13T00:00:00
476,user0476,1523a024ae7772c24cb55105f4c7c087b1802cc0382c7337801bc1355d1f,user476@example.com,2023-05-27T00:00:00
477,user0477,1e96ba189661ca010e31a1f73e13c91e08e0b69308632c0cb1ad22f2f4de,user477@example.com,2024-10-13T00:00:00
478,user0478,e0b58a6681357e91fd0a4502ac5d03d067c38388fc4a438f2421b92267e4,user478@example.com,2024-06-29T00:00:00
479,user0479,e80c15fb300f66d641c93ce4f4c14154e2858535c782fdf14bfd8fde4d63,user479@example.com,2024-08-23T00:00:00
480,user0480,f98e5c0719dfc641523729e052bada81ad22045ddc8daea4c30deff45385,user480@example.com,2023-09-21T00:00:00
481,user0481,b67012c50e4727eca2fa42cd8d792bf542d55c78d1106cfd95d1d3e8e6aa,user481@example.com,2023-10-21T00:00:00
482,user0482,33cdb356506eee6d4cd168bfa0c9e2ce3ab7ae0fdd4f64291dc0c2ceef03,user482@example.com,2024-02-07T00:00:00
483,user0483,856cbb1a031f5a9d84b3d215c1e121120fa712c72583b62f410309a3c37e,user483@example.com,2024-08-03T00:00:00
484,user0484,9b0cd568530002b7daa72edbe4b2830c7cedd89f89a37fcd10dd0673b1c2,user484@example.com,2023-06-02T00:00:00
485,user0485,360d51b5d117d97feeee5fcbc797abc6a1115ba3798ca8bcf01eb9ac903c,user485@example.com,2024-10-31T00:00:00
486,user0486,532d47ac6f2a892917a4b072a58bc5dde248d626c20770011bb5f0dbe068,user486@example.com,2023-10-08T00:00:00
487,user0487,32a0f5cbbb04d2d3a47c3e74051344374b3afee9e9f3eca6192823e8a870,user487@example.com,2024-07-06T00:00:00
488,user0488,67c9c90d3bcbca73bb5334d4b9d1b73a9e38540e0dfded9d0061aa9d775f,user488@example.com,2024-05-30T00:00:00
489,user0489,6d29bc768fb9e61ba3a9acda0e9599ea099626f9534e606ceb21932d846c,user489@example.com,2024-03-17T00:00:00
490,user0490,4fc58d231510de5d0c25926b8e31b3e5e5abf3a7e067279290bede0b3767,user490@example.com,2024-08-01T00:00:00
491,user0491,78b14ce38352b98b454129e474695a2a255c77e7e5b88cfc24fde4806a44,user491@example.com,2024-02-21T00:00:00
492,user0492,9d495bed0bf7e83e66a62e48ab64043361be0ad664ce18927011c5d4e1c5,user492@example.com,2023-02-23T00:00:00
493,user0493,4d1a207c4d9fc1a5efb5defbcf811853612f0553a80eb237121d98833dc3,user493@example.com,2024-01-08T00:00:00
494,user0494,61029f0e94324cd5f6fb6fa3426d04d8bb3d6d5dc7da06726b77c605bdb0,user494@example.com,2023-10-09T00:00:00
495,user0495,d4ed58bb97ac632044d82e0b51069abeb0c2fbb0b3961219a6ff98cb8277,user495@example.com,2023-03-11T00:00:00
496,user0496,0a235f2b1f0f222c688de60aba36dc0298bb2e62229e9e9e58d423ad17f3,user496@example.com,2023-04-04T00:00:00
497,user0497,df1d5faa7b8f194e51c9dbb5a7c7218b7bb2795e2044466ea6a712e268d8,user497@example.com,2023-09-09T00:00:00
498,user0498,032319d0454028531e6752648b5e22ed6b8fa2e2950ec471449194a13fa3,user498@example.com,2024-09-04T00:00:00
499,user0499,6fa5913b1b706e6df2fec0938b8a83815d319dc8c747ef1c902574959d47,user499@example.com,2024-03-11T00:00:00
500,user0500,dc60e0fce1fea606f1b156a73cf180f3865091bdb4bc818850675bfd82fb,user500@example.com,2023-01-07T00:00:00
501,user0501,40906260299cabb0dc84765e99390823885f5f4a63606eba3dba70391b69,user501@example.com,2024-10-02T00:00:00
502,user0502,9cff5b8e03fbda74857a0a1bbce8dbad8a9b6aa8c6d413b4c14d2a5f8731,user502@example.com,2023-07-17T00:00:00
503,user0503,edc19f8b19cfe09857f156a7e2311fea4ad4a5fe5a20313ef160d387c86e,user503@example.com,2024-06-23T00:00:00
504,user0504,19fc9b40a65dbd6bc33926c854053372ed3f4e6a68e7bf3b0b0453d15292,user504@example.com,2023-02-23T00:00:00
505,user0505,9ffda55e8c07620e8c9401ed0fa48946047df965b4f37830098cae7d0613,user505@example.com,2024-06-19T00:00:00
506,user0506,b5432edf470804a4e3aa4f0016d21e08a19529eb07306281104f5de9ad3a,user506@example.com,2024-10-14T00:00:00
507,user0507,64a3b149cee2d312a04fe2c7a1469417c5cb61e0c315c7cb4e7aede94e22,user507@example.com,2023-02-10T00:00:00
508,user0508,ec44e8ff6ce39459470ec4eafa2bf6e1428bef833b75ceb5712a41f05c34,user508@example.com,2023-07-06T00:00:00
509,user0509,b6a9681f9c19f1bb8808d5b8283ec1bedafc9fe7cc60c74dbce69156044e,user509@example.com,2024-07-17T00:00:00
510,user0510,a49f08e8739c002080514d0740a5a575f2bd342109500780f16b56aa1e89,user510@example.com,2024-05-28T00:00:00
511,user0511,1cecdbc17c29bc05650512dca71cc6aa887485bcc65ed6f93f3c6f4a052e,user511@example.com,2024-07-02T00:00:00
512,user0512,ad3ce2274d86b462bbbff570bce5e155a467e2e220ba30a68c59815a7042,user512@example.com,2023-09-07T00:00:00
513,user0513,9ccf8f68e64a0f2364d5cd0e39de5bec066268212c84f82bc996018efb70,user513@example.com,2023-09-08T00:00:00
514,user0514,4124c61d61b6d0ba1284e3cb9bc4fde263b05e6da9802e263c324b5a654e,user514@example.com,2024-04-30T00:00:00
515,user0515,4111658657dd47cb6e7b0e1a6374173e682838520e8bdac9542cd6b829dc,user515@example.com,2023-01-29T00:00:00
516,user0516,526c01df6934afee49f64d1d877bb596b2ed83cee5ce96613a5a6527874d,user516@example.com,2024-02-06T00:00:00
517,user0517,27d00b2140ba7d46ea94b715be94fccbb4ac20fbc6fb4b9e3d0f863b842e,user517@example.com,2023-01-27T00:00:00
518,user0518,714ea8eb46616a202db4e1c86d0d36ed201eb585f9023121dc0d02742db6,user518@example.com,2023-05-11T00:00:00
519,user0519,172c147d89f800a67dfd6d8fe7fe70855f9fbaf24c91d9d1a300284c4209,user519@example.com,2023-02-12T00:00:00
520,user0520,4b52a48994065873fdd66bbb1593bbd45552941f08210b3f08504ff4aa85,user520@example.com,2023-07-07T00:00:00
521,user0521,1dad405daeefbe64cb2d0e4605c9d43ab228c3bf76b10ff4ee0f8cb4c20b,user521@example.com,2024-01-19T00:00:00
522,user0522,65f637d284b2b811026475b899d2356bf08cf645f8b0452028b642ef7842,user522@example.com,2024-08-13T00:00:00
523,user0523,9390897ff5107c82513f655e43e6ef0c654b906b96e1b49b84895b8a696f,user523@example.com,2023-03-21T00:00:00
524,user0524,12e506804c11f927636e42ffe93ec38f1c451336cc74b71b2219457171f9,user524@example.com,2023-04-30T00:00:00
525,user0525,21d1db4d2947b3a5b5ebcef6efa056a389825a583400c977e184b0df1eb4,user525@example.com,2023-11-22T00:00:00
526,user0526,570f56cc1509c6d45c92809559d321d5a8bff270a59774c98f954afc4cb9,user526@example.com,2023-11-29T00:00:00
527,user0527,63df674056cbd14ed65a90c7343bbd23354d32674ee413e346342676bfc8,user527@example.com,2024-07-27T00:00:00
528,user0528,a89e12654fcdcc9d1ce5949a3017e12062afb14d124508632c169f6a64f4,user528@example.com,2023-05-05T00:00:00
529,user0529,221be353e628e9f1df6485bb121439346ad8255390be0dcff904b68e22ef,user529@example.com,2024-12-01T00:00:00
530,user0530,2064f8422c01ea6998c92c2a9fe0eef07758e9faefc952320fc6b45f53c9,user530@example.com,2023-05-04T00:00:00
531,user0531,5a069ef4d050b65e7507e8838f704e5db5028fd320d5e784921dc8960c43,user531@example.com,2024-10-17T00:00:00
532,user0532,02a5b6155a818ab71936821ac27e7a3620dc91eaf664abf09ef139eb60ae,user532@example.com,2023-06-02T00:00:00
533,user0533,752d204bba9581275f863c2ac2a8a5f8a047dacc243b6b203fc6d7f88d03,user533@example.com,2023-01-18T00:00:00
534,user0534,30bab1379e64e5b3c0d01a6ee73e388e03e2ffa78621672b1dd899dcf3ab,user534@example.com,2024-11-14T00:00:00
535,user0535,573ad9ad3e7a88abc621b3c819d19dbf9b4f93f6c0339265c4835dc19a08,user535@example.com,2024-01-18T00:00:00
536,user0536,329dcb7e17ae2b67935f5c633f1dbf944094f99776161be4d60077f5a6b7,user536@example.com,2023-07-09T00:00:00
537,user0537,9c697e87fd70c3e448a893a2bd85933aec056090748bede23b9c4c2595cf,user537@example.com,2024-07-26T00:00:00
538,user0538,2a77092a75db8c4bf625f0c6dfea1a2bc531e66072719b20aaeb4553e329,user538@example.com,2023-10-12T00:00:00
539,user0539,b7873b5e1aac25cc79aef9bf1cf6211ced1302330c8920170730e3fd0d1c,user539@example.com,2023-03-02T00:00:00
540,user0540,ca15b2cc485841fb5661d68704b2abb803ba08499eb1e9e2d34919028ee5,user540@example.com,2023-06-26T00:00:00
541,user0541,b8881e1c8b9bd4a86dead12fc5bc68496afd8628bfd31498dd958e30cf0c,user541@example.com,2023-03-16T00:00:00
542,user0542,da358aa6393097a23c0a7b31809fde1a5f874173d61267adc1c9e0fb88a5,user542@example.com,2023-11-18T00:00:00
543,user0543,4408068c97621fa809d9d322c0838fb4635e4c4ac5b0547c5e76a4336e79,user543@example.com,2023-11-06T00:00:00
544,user0544,321482531abd2c529d440e3cb1400a046d1c4fb9c98389c0a01100eddde3,user544@example.com,2023-02-26T00:00:00
545,user0545,d52c2fc3110f8abb205a402d3bcdcdf5d36585d4637b35f62fee5839b54e,user545@example.com,2023-05-16T00:00:00
546,user0546,32c4eee1cdb1227e7949120e9ffb376b2b390568adace4d4bc4767fe1a45,user546@example.com,2024-11-10T00:00:00
547,user0547,4ff1f1e74eccdda1af7fc7c6f2df8100d5cc70cfe3b50f224485951452f6,user547@example.com,2024-01-16T00:00:00
548,user0548,5073734f3c3a89e8a5704be0a897d6661ac68d68ea1d8276a51351bd2059,user548@example.com,2023-03-10T00:00:00
549,user0549,38ae2afcdf4b51e16399bb40f619d6dc708a9bab780f99b36ce8fd80c0b3,user549@example.com,2024-11-04T00:00:00
550,user0550,12e7bf7743b2571ab4e26fe20c0acef99b91b2d624cf6e7d0f4c60d5dc77,user550@example.com,2024-02-28T00:00:00
551,user0551,8a8ee6c22820b4bd3a5cf1e210a97f2664443dd2d80dd164e4007e9ce9a7,user551@example.com,2024-08-29T00:00:00
552,user0552,91b8734bb0feebf211f9d640c78a1aa8d1e95157e88e1bec7bbc79fe2428,user552@example.com,2024-10-14T00:00:00
553,user0553,087608205147c418ed206261196528ce8d8537094d1893d4a042169877b2,user553@example.com,2023-06-03T00:00:00
554,user0554,fb62b8b6d6b46fb43e502466633e57b1143cf805c21a1ab2bfbc3dccab0d,user554@example.com,2024-07-12T00:00:00
555,user0555,b536ec09ac793da43e5e8006fe28d046774713b7e67c2c390f95346f0220,user555@example.com,2024-05-21T00:00:00
556,user0556,48554af91a7d645546edfff0c4b00c3a4f76e47dfe1349b64863e54c3f22,user556@example.com,2024-02-26T00:00:00
557,user0557,dae0576a09304c26d06bbd5c99ccfb7e67a20f0d3e0dedc1b157a719bea2,user557@example.com,2024-10-18T00:00:00
558,user0558,8da261256c8dc185de4ec4d27055435d4d0c113807792b69da13344d44c4,user558@example.com,2024-10-30T00:00:00
559,user0559,557c020f291786f3b25acf4a9b712f0213bd82474dca48378d3c623ec625,user559@example.com,2023-11-20T00:00:00
560,user0560,27ba252841c2486378aa73a8220f3361bfdaabe117f29c090ce4a1505dfe,user560@example.com,2024-06-12T00:00:00
561,user0561,2320062828a560c7b409dc5bba9e9e23b62c9c06fa2ca8eb7034c0ba054b,user561@example.com,2023-04-29T00:00:00
562,user0562,9450a3a0c96c8715674fd976171b1afce3d127f569156a91e5740a54f916,user562@example.com,2023-01-28T00:00:00
563,user0563,ab091062567d7f0d9ad134b2c15efc0e9d0e99be4baaf9c9103b8e5b3bcb,user563@example.com,2024-09-04T00:00:00
564,user0564,1aa1d9e53a17797fccc2bd75a2964a28167fecd81b4b2669f063237d08dd,user564@example.com,2023-11-04T00:00:00
565,user0565,3b5657f41d855465c120d832dd62ce0968e3a1c760e9e71ebd9ebbf03b63,user565@example.com,2023-05-19T00:00:00
566,user0566,9629baa58595e52e0db106ac37ec233d0d4a57a4e00bb681dcaa89963fe5,user566@example.com,2023-10-08T00:00:00
567,user0567,11cee015b45d1d99b14d937f422707dfa91d415f69cd3ce83e4d71aa4945,user567@example.com,2023-11-01T00:00:00
568,user0568,ee6af580d8a4b56be4dd863f8c27b7ee9d79a2ff776d944ec243b037ad10,user568@example.com,2024-04-16T00:00:00
569,user0569,246ac5d57b242325e6ed0d30942bf435c15843652d0de2b58837ffa482cb,user569@example.com,2023-09-29T00:00:00
570,user0570,9dca5d97ca483d951c90050434971537a97bc161e59b728894d12443783d,user570@example.com,2024-05-08T00:00:00
571,user0571,df650ebcdd75bbff2a6ab68dec7f70d102fec6fcf22f8b5d88d2e1c5f303,user571@example.com,2023-03-19T00:00:00
572,user0572,39a522c795febd13b0427c34d3be4fde0ae314785494854830f32d67e7ea,user572@example.com,2023-08-25T00:00:00
573,user0573,7c9c5eef59e2318085e9cea7120131e729fcc80d3692556e55c9513b8ce6,user573@example.com,2024-02-12T00:00:00
574,user0574,ad0d2c77816eac530f55a523a4623ebb04223f48175ec8e08ad4b42c745c,user574@example.com,2023-03-02T00:00:00
575,user0575,6393e079c519f7641cccbc43d79397d8acc5384ee3a1f99833d6b1c87e1d,user575@example.com,2024-07-24T00:00:00
576,user0576,edc629a9d5e4bece36462363645d952690a438847f9c15a5b03e34f323ed,user576@example.com,2024-06-21T00:00:00
577,user0577,e969b08d8988016a1a6836a87fdac44bf7afff1794621fd69fa49e7af566,user577@example.com,2023-10-13T00:00:00
578,user0578,0dcb3a170244510fb4185c45fac4277dff00d3d4563194f66ae750469c85,user578@example.com,2023-07-20T00:00:00
579,user0579,4333cccc4d875d311732b7854d846300365c720b8df28d89b0de3d0fbf24,user579@example.com,2024-03-22T00:00:00
580,user0580,77330dc045b5111e7983e4c09f99ab1ad5e6a8a91590e98a6e57c0d64f38,user580@example.com,2023-10-04T00:00:00
581,user0581,c39563900488b23bf5e0f81652ddc1612d3b87256fb16fe8b92c30d5eff0,user581@example.com,2023-09-03T00:00:00
582,user0582,233358aee7444e536070307ca35ff5712659b51872288635c5907193c7d5,user582@example.com,2024-03-02T00:00:00
583,user0583,3a750f8d1f76b6f8bccab6b7cbf7cec4be310c1c666e802a29c956b72a5b,user583@example.com,2023-05-10T00:00:00
584,user0584,a95c67d0682f5f6cee698f8b8e7e12e51f34db50c03e271815d0e4cf8bc4,user584@example.com,2024-05-06T00:00:00
585,user0585,ce9854591cd93bfc48c739b0c02419ffacec6bc23d16d6bd9645baa82e36,user585@example.com,2024-09-03T00:00:00
586,user0586,dc24371a4e4d52f1749ef9352433a0859925aa8224666da8d079a33d8a65,user586@example.com,2023-12-02T00:00:00
587,user0587,90fb8fffc909af5ac58c75752147d07ce8a97f95d5ee3c258d1deac81fd8,user587@example.com,2023-11-24T00:00:00
588,user0588,bb2dbc0a36e7d9242733b43a4855b81aa780495cefe60aad16f08ff6759f,user588@example.com,2024-04-21T00:00:00
589,user0589,9d54ba90b6c1cacf16c1e5037bd96d3c6a19da62d180cd86286f5ccd0b5b,user589@example.com,2023-08-13T00:00:00
590,user0590,cff7943384a68840823105d1a45392601e81de1543780929e5c57417a799,user590@example.com,2024-06-20T00:00:00
591,user0591,4f6164adf74bb247a5a0b3cacabcb40978424982a020dc92e952ee0a2d14,user591@example.com,2024-02-11T00:00:00
592,user0592,b82b5170e9c4607a7f04783c2e97abb80fff7b2002a9b4f722340af32f69,user592@example.com,2023-05-23T00:00:00
593,user0593,153d968d345058b557fdb9a96233ec60510cbd328a2fb481e3fba728cd4c,user593@example.com,2024-04-11T00:00:00
594,user0594,9894f655edaec6c76d0c4129c284eabd98a51b8033acbe3e8cda001959b6,user594@example.com,2023-08-23T00:00:00
595,user0595,bdb8cb6d320ae8259ecb627ee9e2b100721a886667c957f148c8381051f1,user595@example.com,2024-09-18T00:00:00
596,user0596,4d18931c2fb3983b16a6b9488a4ea6b977f44d5ce343deb1ce73b94134eb,user596@example.com,2023-07-22T00:00:00
597,user0597,ab1fad81141db137bdf82f3c2ca0b88f11146029c90e638add2906a160e7,user597@example.com,2023-04-10T00:00:00
598,user0598,90b9763ca142a160fe6cb289126d8c40374212a4afb33009e1d8521b7100,user598@example.com,2024-10-01T00:00:00
599,user0599,4613a4bc6f27db63d6bf519ad6a8742c080db466100059aa44ebcc6460f5,user599@example.com,2023-10-20T00:00:00
600,user0600,31244dc8ed0fbd43d007711852ece5a1a2168131fc2d5dabea5abab76540,user600@example.com,2023-02-26T00:00:00
601,user0601,b181e9c3cdb1d580e10be23041598aa98695251ceca531b2b7b7f74da240,user601@example.com,2023-03-11T00:00:00
602,user0602,56b951045dbf9500c92e2061cb7c944eca4e8d332490ae519ff6f74e973d,user602@example.com,2023-11-23T00:00:00
603,user0603,70c94df547d7411dfcfad146a4d9fd0076cd7bfb3a851563f489c3933f46,user603@example.com,2024-02-18T00:00:00
604,user0604,781d2f4bc718899e760fb2bd8d48feb7cadaf5f6c0a6f3c5af61f74553f0,user604@example.com,2023-12-03T00:00:00
605,user0605,3166b2ce8d034ff55cee702752586659e63d995e81a2ec8488d37ff75238,user605@example.com,2024-06-30T00:00:00
606,user0606,4da93e6d7f0722666eab9c6ff4d292a7ac5614b40a46501f3819355acc01,user606@example.com,2023-01-29T00:00:00
607,user0607,d7d749f56a4040ff22c7781ee7ed4648e1ba118d5377a4b75de3edf496da,user607@example.com,2023-12-14T00:00:00
608,user0608,584ebeb2162f996e4ab8590c38eacd17378860521c730ca18ec0eebd301e,user608@example.com,2024-07-12T00:00:00
609,user0609,d0e26c40b19c08f6e3518eab5246425c4013622c3bb4da78ea0834da573e,user609@example.com,2023-12-23T00:00:00
610,user0610,4e33c98904bac700e9e7f20bd691e70df9e381a44d8a99afe7388957420f,user610@example.com,2024-09-06T00:00:00
611,user0611,cf5a67d5867f35e8b4cb143d739cf85db0d7aaeeccf5c54cd89b68386466,user611@example.com,2023-07-10T00:00:00
612,user0612,d71bfd63d1f06859ee54c8ba5bbed14e601bcf40f72e3707a781342058ad,user612@example.com,2023-03-17T00:00:00
613,user0613,2880554e0f86cd47fc6ce179c4691b9fd9293f622f0f24008860bee42772,user613@example.com,2023-02-08T00:00:00
614,user0614,50a2c372903dda2d9cba51bc428476ddfec1a2f1ad38eed93f72e9c73c70,user614@example.com,2023-11-16T00:00:00
615,user0615,4497f8deebdf1a3779b0be07cbb413c691292373659fbad3637197a72033,user615@example.com,2024-07-10T00:00:00
616,user0616,c211ed9b53b9dc359fd2b578b307521b4b7be7f4c6c21d6adbfb1fec8998,user616@example.com,2023-07-25T00:00:00
617,user0617,b039ef54b365fa51d2794cf493872139a23115d15ae77455ca8309c1c0c0,user617@example.com,2024-04-19T00:00:00
618,user0618,ad67ae7b018dafa484f1c11d05a8b21f004f62b6898d96d1f12f607c0ac3,user618@example.com,2024-11-16T00:00:00
619,user0619,a7055a80631917fc43da965b31dd2e7df9276f705c3792f15d15404b2d10,user619@example.com,2023-12-24T00:00:00
620,user0620,a113d64f76205bad2760945e94382fdc980775b771d1b7697e603b5916fe,user620@example.com,2023-12-26T00:00:00
621,user0621,f188b48e7b6665ae9860e571ffc97c3381750a7009ea75eab9209a9d3d4d,user621@example.com,2024-05-01T00:00:00
622,user0622,8883b85dbc559d045253d6bd1ed65b729c6b7d7c93718785e48bd8c4b9ad,user622@example.com,2023-11-14T00:00:00
623,user0623,42b14957e9d502c794cb8117b68ba65d76681c57ce7c5c7f758a3bcbaab4,user623@example.com,2023-11-25T00:00:00
624,user0624,7ff199e855c55fd3814d3ddef76677da3a90096d7b534952d314621f5d52,user624@example.com,2023-01-31T00:00:00
625,user0625,3f11cd166fd52045b2de50a4aae82a96c05ba1a47729531e852e23ddc480,user625@example.com,2023-03-12T00:00:00
626,user0626,d79340993a371cfa14f41417ea82e0b3465fca1756945060f2731942eace,user626@example.com,2023-04-27T00:00:00
627,user0627,14c101d1134f81705d888be061b09d044f003e8fa7d6f72a39b96e8dc897,user627@example.com,2023-03-28T00:00:00
628,user0628,0d7de88a342a8401cc88b6540546c012f308a24dd088646a15ed5b4b29d0,user628@example.com,2024-08-16T00:00:00
629,user0629,b96ec8b0f93c34908360cb7a7d3c1e89d8c52b27b3d7fb4ad940930951ac,user629@example.com,2023-07-24T00:00:00
630,user0630,011fc559b97f3d50d5f9ae7fa197b1df25588445553694c2451d910cbba3,user630@example.com,2024-08-09T00:00:00
631,user0631,1ecb4f81ac851a8aa2e2a920b261c522f93f0692153caccdf9cb5cfb097d,user631@example.com,2024-02-12T00:00:00
632,user0632,b3b2cb49f3545a9d20be462a7244a40c7524a4bb8c8a58f40bb88b7fa73f,user632@example.com,2023-04-28T00:00:00
633,user0633,c45eacd2cdea84b9e3a3993cdfcedaa04d2087f287b7c002a83681d2b035,user633@example.com,2023-06-04T00:00:00
634,user0634,cdae9954e5ebb04e748f0f4d220766b8a36c55d8935d4695fd076f79fe92,user634@example.com,2024-10-02T00:00:00
635,user0635,0560cbcf6ce3a9640900ebc3bdf35047ea5cc328bd06c090be541b29a61f,user635@example.com,2023-04-24T00:00:00
636,user0636,f7d91f312b710c686b9cfef17828a3996377ab4a9eaa60dd244d63aaf4c3,user636@example.com,2023-06-23T00:00:00
637,user0637,421d40720a5a1b29a2b673cc84a98f025f10993907fa335ff78730031611,user637@example.com,2024-02-22T00:00:00
638,user0638,3f77521ef26d30ee778371aacf8004016c97290015a655a1d92d883191b7,user638@example.com,2023-08-30T00:00:00
639,user0639,be0c3284fe95024d5daaae7f84df938ae1c1de4cb41823de7f0d0f2f94d3,user639@example.com,2024-01-10T00:00:00
640,user0640,a9afe6c58bb6d9b0b3e6f6fdb93254fa8363fe1c7a2ba2fdf7a45b374ff6,user640@example.com,2024-06-15T00:00:00
641,user0641,9a1aab28f705e158a80f19293e6598c28a1efee57131e60186032af7c3b1,user641@example.com,2023-12-14T00:00:00
642,user0642,d28103489a2926b73f7ea56acf509a29805debd75742d3ce72ecdeac219e,user642@example.com,2024-04-24T00:00:00
643,user0643,489225aa8a5c84b8ad693dd4a35a36b9d669d909820253096fdc40e4e46c,user643@example.com,2024-04-01T00:00:00
644,user0644,1bce39f0dd5df2d8c46bc5aba7562e639e8509302b5ae68a22c4437dc3e1,user644@example.com,2023-12-14T00:00:00
645,user0645,8f67f5b17dd7168d74af83f046baddf0a09c6215d1d29e8787601aa46ba7,user645@example.com,2023-02-17T00:00:00
646,user0646,388fdcab74772bb7a183722dbc72a05d20567a4261a53c541ff83206e2c7,user646@example.com,2023-08-28T00:00:00
647,user0647,45fcefcbe2106613621450daffef29f6e19abdab396258b9c19a1876a5a8,user647@example.com,2023-02-10T00:00:00
648,user0648,494a533e25a1532484a38bec4a411afee1285296af7b6e49bbec4e9d13c4,user648@example.com,2023-12-28T00:00:00
649,user0649,bbba9c703ea86be5758f96d70acbe9b51f6dc9749e995d7c770c07b13656,user649@example.com,2024-08-19T00:00:00
650,user0650,7a2ab4c4c40c2859857efba60c12c5a2ad9f43e153e91356790f53eda1aa,user650@example.com,2024-08-12T00:00:00
651,user0651,e79c4d55bce71f890176e09117b0267768eaab15e438fe92fe7fd11ed2db,user651@example.com,2024-11-12T00:00:00
652,user0652,de15100b8f7bf507e478ac6e293ca851d8a865b8a04a220f9f0c4eaa5389,user652@example.com,2023-10-18T00:00:00
653,user0653,2b0c17821902ebf50519a0d3dba36f0a2aed73a97023f037459252a1b579,user653@example.com,2024-05-25T00:00:00
654,user0654,81e6b6e9b72d72e320b917afb96fb42259f7e1ca3218b5f1bd269b6ce9a6,user654@example.com,2024-05-30T00:00:00
655,user0655,af56fbfc8e96de856825e63fa450c6d8979722d86d6368f10a555c54add3,user655@example.com,2024-07-16T00:00:00
656,user0656,a1b036ce68344dcc7b62cdc811223f3f6b18f633ab38337ac08812fd88d9,user656@example.com,2023-10-12T00:00:00
657,user0657,0a7c2feb45a89c5c80b5b8f71a70f141444847ccd753ca7baf0a19c4a0ed,user657@example.com,2024-09-22T00:00:00
658,user0658,3f6eee34250a2b60489c4ec158c7e79fc5975370f431ac537e98b396e377,user658@example.com,2024-10-09T00:00:00
659,user0659,8fd81841029486fba9eb548a25662340515d37456e1d98fa09682aefc0cc,user659@example.com,2024-02-16T00:00:00
660,user0660,7c86d5c0c1ab737b87f6424016cfe00298c76221b1b5b713259d16f1f244,user660@example.com,2023-04-26T00:00:00
661,user0661,ac762331739e241b25b97fb8079aa4cc99de7013aec1b5a8c710192fd6a8,user661@example.com,2024-05-06T00:00:00
662,user0662,a58d87b5d881f7c90e7925852e9a5cfe6933e4e240117849cf224655b191,user662@example.com,2023-02-08T00:00:00
663,user0663,e1ee389dcf19f12c4031220f49c7b292a07db7c6cec4376dea231994f7a5,user663@example.com,2024-07-26T00:00:00
664,user0664,aaf5af76f9333913eae1ef24c0b0862c79a68a4c457a7d4f90fa2cdbdbb6,user664@example.com,2023-11-29T00:00:00
665,user0665,fa96febed4b67bb57c5856785ae3683e2bcd125f5bbebf875c83990cef2b,user665@example.com,2023-11-27T00:00:00
666,user0666,7461ad65381ac53acc109115f42abfdbe6ab86a53f029927eaaf414489ad,user666@example.com,2024-09-09T00:00:00
667,user0667,3c11ceab619dd2ea9b579347d80055b1720e39784b5d982f085bf4ff1d3c,user667@example.com,2023-07-03T00:00:00
668,user0668,9e73b0bb06f72dc428d6a146cdba9d2ff5e20e5d3b91dd92f26b7e4b05d0,user668@example.com,2023-01-26T00:00:00
669,user0669,62dd13e0940c5e517590522a846c7f52b6641f73ed8998e83ab4e7ed0fa2,user669@example.com,2023-10-20T00:00:00
670,user0670,8cb03745d6cd8c8b9936e6dcb9f2a21e555250ed1ba58596b70f18e83726,user670@example.com,2024-03-01T00:00:00
671,user0671,301ccd695523144f26735c3d9e9e139bdb92f038e8b2a6a67624e688ef96,user671@example.com,2024-04-03T00:00:00
672,user0672,a97e1d884d798a6355c2e0614e828e39df722ea84456df1a33b8fa95ecc1,user672@example.com,2024-06-05T00:00:00
673,user0673,f3744293c518e8550d4cb452f5e901b157adf52da04ffcea7d4cb1c3f46d,user673@example.com,2023-09-22T00:00:00
674,user0674,8a7b8f1da221c81d9f52536fd109ed55ce1df64c7f4502fcf1aa4a58d318,user674@example.com,2023-04-25T00:00:00
675,user0675,0623304eb9d20a2c8acfc7edfa13524a224d5a6a8e8e8c299abe2e68b339,user675@example.com,2024-03-12T00:00:00
676,user0676,bece522a8853bf1000df9416b495a85d686720ca53006ce75fa33e0afba0,user676@example.com,2024-08-19T00:00:00
677,user0677,09c6c78963b8dbebb491b26138e04effea6d4615160e2b98318457518ddb,user677@example.com,2023-05-05T00:00:00
678,user0678,b815dc01a790d8e1e7b5f3bcee00a09349125dd6a748a501e49c21953e12,user678@example.com,2024-06-19T00:00:00
679,user0679,078246938116c1d46f408db6c69488666845a83129964fb66ad1d752d6a1,user679@example.com,2023-09-01T00:00:00
680,user0680,67b34b7f5792205dd787235bf5ab770e78c1c127c650272cbe186343f4bf,user680@example.com,2023-09-30T00:00:00
681,user0681,96ceb9575220de6f3b6be865f6875b53fe99768da8c5552890ca4ca73e13,user681@example.com,2023-04-01T00:00:00
682,user0682,32be8a6e44b77d454ac5cd288b991db2bc433c8e8ed159fe660f5fd17bdd,user682@example.com,2024-11-14T00:00:00
683,user0683,4cc3f241892948d870091461017e268f193d3ace4300eb088623588a5042,user683@example.com,2024-02-29T00:00:00
684,user0684,b4ed4358f55e66cbb0ba6f9fc5e4ae05505731458bb35fdd0b51b8e4296d,user684@example.com,2024-11-27T00:00:00
685,user0685,a024bb3c891ac6d5fb6ab19250db2e410cdde99ad954e6d38f4b1824aeb7,user685@example.com,2024-05-23T00:00:00
686,user0686,a724ccea73ad20d527e565bdd3c8f812b0084c1c429462f2465f31f0025c,user686@example.com,2023-08-05T00:00:00
687,user0687,933f19272a71f9e9030b0311b27ece27f615247cdad0523aef1ad51d1047,user687@example.com,2023-05-12T00:00:00
688,user0688,83f573141c047308a69c8bd63383f69ec470f7741fd3dcbdaaf4339dcc0d,user688@example.com,2023-01-06T00:00:00
689,user0689,928c6507d17b964afdd1c0db6da713c6c30e50cd1d8fc5edea015e2dd9ef,user689@example.com,2023-08-10T00:00:00
690,user0690,c475a0f7c1a2a9f3d7e90e1f5b134d8f2e29a6635ede2d21bb90b498a094,user690@example.com,2023-08-06T00:00:00
691,user0691,7d69547223f1e8173df11df5c60df58370d7b46945f12ba977e9d572968a,user691@example.com,2024-10-02T00:00:00
692,user0692,45fa6892c98ed9752e7ff29affbb8749ae4feb4904f1300044d5188d4096,user692@example.com,2023-06-29T00:00:00
693,user0693,82513d70fff157c79471f4c955983cc0b3c60a053327edbc99e22d667903,user693@example.com,2024-03-17T00:00:00
694,user0694,980a928d46a8414a7496333858e7f9db3b476aab17694002f1adfe7e5890,user694@example.com,2024-03-20T00:00:00
695,user0695,a386d82d6dec397b4f9f8974c0e8312dc49ca6381777f60e638831ebfbfc,user695@example.com,2024-07-09T00:00:00
696,user0696,6058a062229149b4a0efd55185fa928da34551583ae78c2c5717e5c07664,user696@example.com,2024-08-18T00:00:00
697,user0697,f9e8663120cfc79377e5fa76650b3d1e7f08b5f9037ecdd072090db0e6dd,user697@example.com,2024-07-24T00:00:00
698,user0698,2dd9a3deb51c75d659d86d76fff6c48d20c86f0b35cd1979d346e26e93d5,user698@example.com,2024-08-14T00:00:00
699,user0699,5ea23ab21ddbf87b50bc8ddd0e759efad3e10b8ef495f3e4a44647c2b1a8,user699@example.com,2023-10-20T00:00:00
700,user0700,8d535a78f4241b74fb38b30fc9791fce1ea05903a644565a80b0f4641efe,user700@example.com,2024-07-11T00:00:00
701,user0701,f68613a64ed712102cc427f9460b01c9f10c131b5472ca2605ce2b9ccaca,user701@example.com,2024-02-21T00:00:00
702,user0702,26ad20c287157c98e1258c3bef26e9978bfc2f393f10cfa9c4ba8fb7882f,user702@example.com,2024-10-29T00:00:00
703,user0703,04c7612799135d51ff90a1a0b53be57ded5c5b95add1b6a72c8b45f53794,user703@example.com,2024-01-20T00:00:00
704,user0704,eb2c83e816e8e15e297f921596a17ec8b0030bfd2e63fbb57e0eb42e5778,user704@example.com,2023-11-27T00:00:00
705,user0705,03acd51ca048e7f771a9cdfef32d33260788666fec1a0ffa93d6eecbaedd,user705@example.com,2023-11-28T00:00:00
706,user0706,d8eb8034e7a177b50f0217cb0f29861c8967dc4cb84f10fb7350a405cda5,user706@example.com,2024-07-14T00:00:00
707,user0707,d62f5f6625a2c5ddaf2ea01789acc1ba49d07ad7e51e0fe2c4ec008246c3,user707@example.com,2023-11-05T00:00:00
708,user0708,1bea664a612a9eedec12df10cef7eeed52747f1e1c6ec5187e436e16c510,user708@example.com,2024-07-27T00:00:00
709,user0709,20f838a03ccbd3fd97de5984207010fb555b4c3d7a242bd11865d7f03beb,user709@example.com,2023-08-24T00:00:00
710,user0710,48faa7a10d7d1b068e05c0df35bb8d07d5b6881f2adf16522bee8d7ebc9e,user710@example.com,2023-09-07T00:00:00
711,user0711,b29cdc3873826818d48f575496016ca2eb0616220cd528710d9bc6204d2c,user711@example.com,2023-01-25T00:00:00
712,user0712,2d25bb73f20450ac031282152de59665bb4afbb5c2803acece808e779b17,user712@example.com,2024-09-23T00:00:00
713,user0713,d6228dfa87fb698e9f816557f497d69914266b85116f9717d9a6a6b34c76,user713@example.com,2023-02-24T00:00:00
714,user0714,0274f16fc77c023c77cbe9bb2685798b1401c5c2cda58cab1a88569acc1d,user714@example.com,2024-01-03T00:00:00
715,user0715,68a4c4c7f528af8bd40306a74ff06a6d332461a31e51c2b63eb6f1ea4d49,user715@example.com,2024-03-25T00:00:00
716,user0716,e6dae58ca4f63d439297c2c1fe1ce6cf8aabce537c7995756b28634f4a3d,user716@example.com,2023-03-20T00:00:00
717,user0717,aa09018cacca2f5bad9b46ff8e34589925e3e6d0a64139d9cf78cd9020f9,user717@example.com,2023-05-05T00:00:00
718,user0718,4f7acd64443a90d0cc2c13addc66cd68afd4d70692051625ce6150ecd19f,user718@example.com,2024-04-21T00:00:00
719,user0719,8dfef79cffffd5841e26223aad756cf0090ca7bdc21b4928a21bb88046ea,user719@example.com,2023-10-30T00:00:00
720,user0720,5e5003141350f1b161d7e1f6d4e2e43a2310151f8cca56c4974236c3e786,user720@example.com,2023-01-27T00:00:00
721,user0721,4e9a8af0382baf73e6332bb108735bfe7c42c2ea95e8482ddfad64a39180,user721@example.com,2023-05-23T00:00:00
722,user0722,dab6ba0b1195c416837b9d82cd63cf3ac62834241b5b122c58fb8a5e6754,user722@example.com,2023-04-10T00:00:00
723,user0723,c77c9c6251597cd9aee07b43f528bc789c656abb113d7330b47471372826,user723@example.com,2024-10-29T00:00:00
724,user0724,539e5c6ee22dc5260acae3384a0fdb63fa6b1c49b38513fac41c6884e660,user724@example.com,2023-09-02T00:00:00
725,user0725,24cd721a15e2d7022052bb5231a1169087dda31769173056278323a03917,user725@example.com,2023-01-03T00:00:00
726,user0726,8254561648174f65384a93e04805749e3bf68c9f2e2f0706a45b1e7faae7,user726@example.com,2024-06-21T00:00:00
727,user0727,c82ad5bcaea986885ef991a8644fc7a72e459fb5fd0460ecf075201e374b,user727@example.com,2024-01-20T00:00:00
728,user0728,c2fca56370d2d77aa794dad5f5fe2edc8f107f9f5de81f2d67e4a7b30856,user728@example.com,2024-04-10T00:00:00
729,user0729,c838d798962362a3f160a4638b59ef7e1e1e285372a45b8607099e1d86ff,user729@example.com,2023-04-27T00:00:00
730,user0730,fb50604ead10f17d153bd202aa2dad8db00469b810e1841b209c4ea72294,user730@example.com,2024-07-25T00:00:00
731,user0731,4bde82618be067c3aba170658a89194ce7a619523645f191ab00a6308ef7,user731@example.com,2024-09-12T00:00:00
732,user0732,78590ed14e15881b1399853f678d912f29af097a8fa13e1a33f54bdaa97a,user732@example.com,2023-10-17T00:00:00
733,user0733,e14a5bfcd5ada7919272cfc5829556e9fbb4249eff5140e9b29c4af94f91,user733@example.com,2024-02-23T00:00:00
734,user0734,899949d3f248b894181cb888458f8c12781525243c38942346b0a8be6a0f,user734@example.com,2024-04-20T00:00:00
735,user0735,4152ccc196edbebc58aa3654b38e086f1f3bd9fe8c998b7412bccb52366b,user735@example.com,2023-08-27T00:00:00
736,user0736,4ae9ae52c6716b37485fe4a4a951a1792066e9e58f2ca1f1d9c7bd19ec19,user736@example.com,2023-03-01T00:00:00
737,user0737,a0bf4188ee9ab377216da646c7a3e5adab4e14bda6f8b6abbdaa187dd4ad,user737@example.com,2023-06-26T00:00:00
738,user0738,b9e723c7cde841feaf0a43aa3d6e660227d6702650d0eb1844d0dd944c31,user738@example.com,2023-08-15T00:00:00
739,user0739,ba84e3c841d152eb45b2c7f23fbab206a1fe89967e33b698755b9aa1c52f,user739@example.com,2024-05-22T00:00:00
740,user0740,8f17e3f6a683e491be30a05e6eb915168a5882cd195fce84dac1c33ae874,user740@example.com,2023-09-26T00:00:00
741,user0741,b771657bf05026b46a9e2c1b80c1ffd247a63976a31c6e37bf714f92d46e,user741@example.com,2024-06-07T00:00:00
742,user0742,d90b795c33fe3a6ee24e34c912f724e35364b55913718de3b3630a122478,user742@example.com,2023-01-17T00:00:00
743,user0743,701274f9264bcfbf7cd9a46d61b568888664255f063aa7622d2465db3c89,user743@example.com,2024-05-27T00:00:00
744,user0744,61e5297be1d5bedef9002e9e9c936746ef8047b6a1d69098b686766d6650,user744@example.com,2024-08-01T00:00:00
745,user0745,e39979597719074f4bbbcafbe55bda894bbb3499aaf9dd8a85220637f43e,user745@example.com,2023-02-02T00:00:00
746,user0746,1e24185af0b8e4f66f94d897331e53b172adda1ca82beb64dbe930079ddb,user746@example.com,2023-10-25T00:00:00
747,user0747,3a61cd7affeba7b488b48898c601b7c0f6fc41e92f32bacef0ccc21c985a,user747@example.com,2024-03-30T00:00:00
748,user0748,785a28531e274c4ed83e0e3fa28e26a3d3ce13625dbd682bbe42c61b3549,user748@example.com,2023-02-02T00:00:00
749,user0749,b9cb6782aacfb113985e27843f506d0106d9f4c3cc01bb46d9623abfabf5,user749@example.com,2024-01-20T00:00:00
750,user0750,a702e14a43f2196fa3b03a8d22c0182aad71ec3bf212a047cec50f3c7993,user750@example.com,2024-06-23T00:00:00
751,user0751,c2185e64de28f14fbac2f06a50ba35cd1abaf32572585d6f1dc3bbf2a260,user751@example.com,2024-03-09T00:00:00
752,user0752,b25b9c02e369c3d0552d1e5bae5009b7bf2ec63b54fc6050484e01bc8c54,user752@example.com,2023-03-12T00:00:00
753,user0753,cc728708ee5dcef30b8f4ef8d59db6556753ad22ee7a7d2f0f88cb8eaad0,user753@example.com,2023-07-14T00:00:00
754,user0754,8c6d7f1f8e83ece818197fbd16f0959307229f74d6bd0272f521d9e11882,user754@example.com,2024-04-13T00:00:00
755,user0755,369901762b2d12d8cdd11fd342ff513e361f42101b4fac015b4bcfe98e27,user755@example.com,2024-02-09T00:00:00
756,user0756,15a33fd80260ab8e32413ee0b45f3b24c96f058b17733c287dabb488b561,user756@example.com,2023-08-20T00:00:00
757,user0757,4c4145ca9218c0a9ef5fb8e0af63ac6ac4492d6e4e45254ec9a1af074583,user757@example.com,2024-07-23T00:00:00
758,user0758,aada6f06cd34121752d1d2aa0c825bf93765206e5c532650dca6d037a1ae,user758@example.com,2023-09-06T00:00:00
759,user0759,4a7645a043e9500b56f6467326fe5e33b8bff9b8dfb7ca04486dc900abe1,user759@example.com,2024-08-31T00:00:00
760,user0760,1367d1e87e5f0f0c807bdef550e4705313d1dd406bcd42bd94385407070f,user760@example.com,2023-08-14T00:00:00
761,user0761,257ec085c42ed91889ae37ec9b06a8cbf2756704fc23918d6651f187320e,user761@example.com,2023-09-08T00:00:00
762,user0762,b8cc1764c67734bf5e5a83bbe9f6fc7c1c5462cebacaa4122fa0b4d6fdcf,user762@example.com,2024-11-03T00:00:00
763,user0763,8a311907baff919547bb04944435439414eaf2832f0cf25dba7c6376d4be,user763@example.com,2024-07-23T00:00:00
764,user0764,66ac0defaa143916af502b481c69e9b0514facef7252ba42b8c3602b715a,user764@example.com,2023-04-30T00:00:00
765,user0765,c469ddb86687438bd87c74f975337287a0ae84b52528815601bd3dcb6ea9,user765@example.com,2024-08-23T00:00:00
766,user0766,531d79510cde15f28e8dc8af072f188c4a5237b2a4044d19c98e1a647ed4,user766@example.com,2023-12-26T00:00:00
767,user0767,245bed0417a1b2fb842020a6f412c1e7eedd07b6fa1ad87ba4c878ccb5f7,user767@example.com,2024-08-28T00:00:00
768,user0768,692701bd1ff3aa1f7fbef7fccf1d60589a0bf391c85d0bf1f649a27728f9,user768@example.com,2023-04-01T00:00:00
769,user0769,bd443ab0e088e4b078851fad48acec1075fda40e04b34476e0a8c7900f9f,user769@example.com,2024-08-30T00:00:00
770,user0770,061ada508343adb8c7cab81a8b6e7a9d54a075c61e0dc54e72f2bc9cd2f5,user770@example.com,2024-10-13T00:00:00
771,user0771,f5d650f87bee1e17b9d9df146c95c6bf61213b9c493934bf53c6548ae142,user771@example.com,2023-06-01T00:00:00
772,user0772,caa01498054fa303c720bd1d7a08544d85c4c3d14e6c16e4fa63f302eef3,user772@example.com,2023-12-07T00:00:00
773,user0773,0d8f3e26aa1d7b23e2b0ec51e4c2f57b6ee8608fadccce1ea7990647e657,user773@example.com,2023-02-26T00:00:00
774,user0774,fb64809a91e902386fafdde97eb00fcec4657c270edb84cfbf14cabeba4f,user774@example.com,2024-11-25T00:00:00
775,user0775,e23ecf57f16ddd60abff63064f995acc40b9470915ea43652ad2ccf083a0,user775@example.com,2023-06-18T00:00:00
776,user0776,29bcb7f17c4fcee4e9e59cbc63f1ac78462915009e2b6791ee1d1d60e101,user776@example.com,2024-07-05T00:00:00
777,user0777,ca75d6e9f280e54d997c4e6d09f2dd7ce51dd13404e2eb37f5455f5308e1,user777@example.com,2023-06-06T00:00:00
778,user0778,473d35c2b35dbe95e19f3fc62f2c82ecbfbba810f6d2a8e816ff88781be7,user778@example.com,2023-07-07T00:00:00
779,user0779,0e083c23c30f189082b692e181f1acdef5b51f26b4c8c3535551af6c5386,user779@example.com,2023-07-17T00:00:00
780,user0780,070fe9005282a949b3d95a3e979ffcafdd08b610f6a9ec2aa3e6846c5bf8,user780@example.com,2024-01-17T00:00:00
781,user0781,6865754cbaeea96a3334333124c047bb44d5598399b140c15990d86ae9dc,user781@example.com,2024-05-26T00:00:00
782,user0782,ea7b0e1436753f31cc9645944e76737d7d28c0d4b3b7acbe524453879501,user782@example.com,2024-05-16T00:00:00
783,user0783,f2faf909c271b98e32f435a519507e6540877c5b908b35183b2ffba9a704,user783@example.com,2024-07-30T00:00:00
784,user0784,5a8080a976c762d33cfad22381718cb4359da12b0c5d3b1d1a40dd6097f2,user784@example.com,2023-02-06T00:00:00
785,user0785,7bae2224fccc27a044b0b6c6962b6f0cdfc5b7aa01cf3e4fc07d6c09b175,user785@example.com,2024-11-03T00:00:00
786,user0786,64b60af2543185b8a9b97837cd2a70293d28d1e49eddb1633d36aec46fd9,user786@example.com,2024-05-23T00:00:00
787,user0787,6c879b9daa6ad2aa48d9853ae7c737292941ed5c9ee544851750a38ae739,user787@example.com,2024-04-17T00:00:00
788,user0788,fca7be222e7868b5ebf3c1443789dc689fc17e52e7447012911e0f880958,user788@example.com,2023-10-29T00:00:00
789,user0789,becf2f8413f3d0a89ff91e577380f926946ccfa9a76acaf85020bde42dd7,user789@example.com,2023-10-27T00:00:00
790,user0790,03ba4e1c3d434b24877b9505de2a75159c2b2c4bbff4d2afdd66297facd7,user790@example.com,2023-10-20T00:00:00
791,user0791,5fe3296d3c674c569214621b09df297722af95d35ca2528113bede5332d7,user791@example.com,2024-02-21T00:00:00
792,user0792,876e9caa8f7d8471c0b4a9c53fee34382514f8a7e526d88f51366b67ecfb,user792@example.com,2024-04-08T00:00:00
793,user0793,fa9e5b325b3b993bb14bb38f2a6cc36bf78eb11021d7fb9e52d12630e031,user793@example.com,2023-01-12T00:00:00
794,user0794,1b16196b4d4699c325df0633c892668ada27c87631c37c289ea273f68a34,user794@example.com,2023-12-26T00:00:00
795,user0795,9ef3727c199e6d467bfb846cbe7041a5d87101556280049b879c488e6d84,user795@example.com,2024-03-16T00:00:00
796,user0796,b3d44a773c77623c7a4e850eca4fa9fe9356a37290557de76b1b53241d83,user796@example.com,2023-04-22T00:00:00
797,user0797,e3fcfc132063b676c44319135d5a60e6477ea712080d68d8e9e44221e7f8,user797@example.com,2024-06-21T00:00:00
798,user0798,3150a38bf83e923c80601a66fd80e0cc9389c2ff5362bfc8b8cde0f51b10,user798@example.com,2024-07-03T00:00:00
799,user0799,896778724c91b391b413927c0bdd16e19311df871ec29324ee5b7cd93afc,user799@example.com,2024-10-04T00:00:00
800,user0800,c8f6278f47ac68db0d76d6bb9b9a395dab1226e03535c1104373e16f8452,user800@example.com,2023-05-04T00:00:00
801,user0801,46a88cc81f2636e3b8a164bcc8944c30013619f3076c11555322f6db7e99,user801@example.com,2023-11-10T00:00:00
802,user0802,b84d7fdc98625f5784d1cd20e58211378fae359e4c3ad38ae6f022035955,user802@example.com,2024-04-03T00:00:00
803,user0803,06ab5851539d5f39b24b936098c621e5f0aa30ce031665fdec13100d961d,user803@example.com,2023-09-10T00:00:00
804,user0804,742cddbc21ec5499486a6f6d559758b80d6502a5dedc2a877b1eb4c158be,user804@example.com,2024-05-29T00:00:00
805,user0805,1938c168cebe270dc02db1547762e778fe76bdc71daa8c7afe2b4bc4897e,user805@example.com,2023-03-19T00:00:00
806,user0806,02b80503f42b113a296b4a2bd28d6d1b3cd69abb9d2aa91887beb8c1abe3,user806@example.com,2024-07-19T00:00:00
807,user0807,46922f6cc3286a8199e68b92748114825a35d6700dc74cffd43da06d1ea2,user807@example.com,2023-09-19T00:00:00
808,user0808,a189033b1fbbca7a6e5918ab42c0dfdb05e99e34368e48ac763e9bb6c90e,user808@example.com,2024-03-19T00:00:00
809,user0809,eb9a06e75dc17fe6281440614d538ce1685f9ab8545cb4ee6b8d1c429d59,user809@example.com,2023-08-27T00:00:00
810,user0810,53d37416e50a348807fd447b3a4bd28c6011b79ed9dd2b182be9a6685346,user810@example.com,2024-05-31T00:00:00
811,user0811,30a9935969a06f50d7fb7e4b085ccc9784b90484f51d39a67af30a893ac6,user811@example.com,2024-09-11T00:00:00
812,user0812,8a136544d906fe59b43b9d45c817807ffcc2c24ccd31847d4c2761293fd0,user812@example.com,2024-04-06T00:00:00
813,user0813,da011ba8bd8b9f9ce54900fa9c89a22b5f7ad93307b9665ce26a95b6327f,user813@example.com,2023-02-18T00:00:00
814,user0814,6132dafac03a0e73682944e61c05e51b56dff4571ba0769cf643f866bd15,user814@example.com,2023-12-19T00:00:00
815,user0815,7aaa499c0de65427193821bda01104a9ea247c757e36be0ccd83b4c79c4c,user815@example.com,2024-11-30T00:00:00
816,user0816,6829149dbab84185000de3a204ff6a9f147e881675ca363db5ad63fa2929,user816@example.com,2024-01-20T00:00:00
817,user0817,abb7d48e9a0f4556fd7da9aa1f26542063cd0f85c517c41e0de90a680b94,user817@example.com,2024-11-11T00:00:00
818,user0818,5a5f3e84db8efc8c0bc4d865ae144503e57f478d1f74b7a00311949a12ae,user818@example.com,2024-09-23T00:00:00
819,user0819,b19ffc940c13bff6c5ef2e82a6dade8d0ba03fa2eb21da74bb90eaa79bca,user819@example.com,2024-03-20T00:00:00
820,user0820,1cb06ccff0e6b2f36ef9dae7233b7c917221c322f9eba53553a8e6fcb50e,user820@example.com,2023-10-16T00:00:00
821,user0821,ae07de1355554833b87726109b30d0d4ce371fddcc47395b253857e5fd84,user821@example.com,2024-05-28T00:00:00
822,user0822,ae9f4b745fba155161c027eef57aa9f3bde05610ca03a3786ba033cd84c4,user822@example.com,2023-05-16T00:00:00
823,user0823,56001a887daf2fa7f94341df8e7170b7faf122bfeff879ea73d6212ca2c8,user823@example.com,2024-11-02T00:00:00
824,user0824,52a35b163cf7fd975df243a6ba1c649c0da2314cc4594b1e3243ae622815,user824@example.com,2024-04-18T00:00:00
825,user0825,9b664fb72b8378365088d61a7804b4287c0f3b3a11d4b7e9c1a9e2144f0b,user825@example.com,2023-04-13T00:00:00
826,user0826,e86bfde895ce9fa83d17336521c48beec072d3a8567e5a2c7a1a08073d49,user826@example.com,2024-08-09T00:00:00
827,user0827,7b45b3702a3bcfeb60c6c6372f706cc167ea579ffd7d42b8e0617d176330,user827@example.com,2023-08-14T00:00:00
828,user0828,e49fbb8202facfbaa6567991a08300421e2a45d356ce039197d63320911c,user828@example.com,2023-12-05T00:00:00
829,user0829,8c4b83781a5fe602468600fa89a687b43a360749762af1aaff1fda141a5a,user829@example.com,2024-01-16T00:00:00
830,user0830,50e7b64a275ff1356a6f4c603d1fb0e008a563d6fb918fafcf595573dc03,user830@example.com,2024-10-31T00:00:00
831,user0831,2aa8be489c9b970ddfd03aa3d6457d54b088de6537a4145f6ebc1d53d8af,user831@example.com,2024-03-16T00:00:00
832,user0832,63e8d28370430dfde39e89fbed08931bda7d9d48a48f72f8725eccb090f3,user832@example.com,2023-11-02T00:00:00
833,user0833,a92ac6488207a87f9afdbf8ebe88745b1a65564f952cb2f634c4328e523b,user833@example.com,2023-10-22T00:00:00
834,user0834,fae58fd508c0d32aadda9060948da3a706181ae62124f38830eb4ffb120c,user834@example.com,2024-02-09T00:00:00
835,user0835,ab253e78cd2503e2a259281d6bea5bb5237cf5f486c3cb6e30298cea598f,user835@example.com,2024-03-28T00:00:00
836,user0836,0cc9919c651315e5aec142ab3e8c3c0db1259d5b67d7ab57dbc4b0980e3e,user836@example.com,2023-12-18T00:00:00
837,user0837,d4df2e235536b73387c687e444511001c2763b4073bd2e86bc463ad2831c,user837@example.com,2024-09-20T00:00:00
838,user0838,784c4614f7415ab1fd1b5871f6c2660221048db0172c30da533b909297d6,user838@example.com,2024-08-13T00:00:00
839,user0839,772c8d189615ab54483b27750cd9f3313cd4420cce952c693653514f4314,user839@example.com,2024-04-06T00:00:00
840,user0840,d5e9e1e9b1aa79d6b248180c43180946b4f6399f26395080f7006df236e3,user840@example.com,2023-08-26T00:00:00
841,user0841,f427e1bfba51485547168e990f023a3c432c9ccc6c0ee0c5ec8ad9c8d733,user841@example.com,2023-02-18T00:00:00
842,user0842,14ee81276cad49cb262e07d1cea1e0fc5af259d13f436e0b5e087fef9f0e,user842@example.com,2024-11-06T00:00:00
843,user0843,773811c46adfd8bdb1373011b705d4514b9cf3432e726b089d4c94881db3,user843@example.com,2023-03-11T00:00:00
844,user0844,29c579844b1969f48839b8cb9ccb9a6f3ba2f1c4bc489d2e0854f91305b0,user844@example.com,2024-10-08T00:00:00
845,user0845,66487dd96bda9bd653d40859deb068dea5ab7db4486be593cb0ce99097ed,user845@example.com,2023-06-17T00:00:00
846,user0846,acc1976a50883d47f418f6b267f1c929c7cc336ae776e60ed79ec69e478f,user846@example.com,2023-01-22T00:00:00
847,user0847,2c26261a29c9e2abcc145d02ddadbb50a82fefc89c077c20a46d241be02c,user847@example.com,2023-12-24T00:00:00
848,user0848,54dce5ffe393110a98318056b42cd420570d62e1995154b5c3ff06139f81,user848@example.com,2023-03-13T00:00:00
849,user0849,900ae0908dedb1f45f995ba2fe960cb789ded84c80c706dd1fbf40fa292b,user849@example.com,2024-03-03T00:00:00
850,user0850,526caa4fa5a02bb4be429543e6bf5573bbacdb16af275183959ac9051529,user850@example.com,2024-01-15T00:00:00
851,user0851,028f86ea60eb506a2d37586dd34927a0666a3a34bf5eaf5fa0fe2bff5f08,user851@example.com,2024-01-08T00:00:00
852,user0852,27adcae244aa68e77805e5f63eae44e25688f5d5a090172e8ea18cb86842,user852@example.com,2023-02-05T00:00:00
853,user0853,cf41c704f84247fb0b164368d9c80cb9f736773a9d1cf23f8681f7a37318,user853@example.com,2023-06-27T00:00:00
854,user0854,72c5d0c9a6d58e863e269f3c940961704d63aad18b9ac00a9114c152a590,user854@example.com,2023-01-13T00:00:00
855,user0855,dda84a6a3cf518a16a98f4a5f82bdf7dc7be5a1a17f5e2065c64c636b125,user855@example.com,2024-05-19T00:00:00
856,user0856,9edffada9e894807123b702e34336f53c652f8135e1924b169c257fadbdf,user856@example.com,2023-09-24T00:00:00
857,user0857,afd27d7c45bf7415131b6a9fd62204eb1f9080f12b81363fa324983502bf,user857@example.com,2023-10-23T00:00:00
858,user0858,b3791fd4e59ea2d4916742399ba76deba0a4bdb0d1542218986966e75c92,user858@example.com,2024-05-04T00:00:00
859,user0859,0eb012886e1435d121b520856765cc11da5ef11d7dbef96deca2756b0bfb,user859@example.com,2024-05-04T00:00:00
860,user0860,fa6d84e72393ac82fef33ea4c4c43eb2867c78817ae878abaf92eab41364,user860@example.com,2023-10-10T00:00:00
861,user0861,503af338c1f3755cc7f1ebe1cf09c75dfb3a789ff76621f0320da978ab6e,user861@example.com,2023-03-30T00:00:00
862,user0862,5210a1cb62eaeb690d4ad6b9d0b1511a839b70795d75f3e3a92e6f7a74bd,user862@example.com,2024-06-10T00:00:00
863,user0863,df263becba87a064c69debc920e0b55775c9999d4410fb1f2a915e34a19c,user863@example.com,2023-03-17T00:00:00
864,user0864,0c91f8e710b8a0185a73bb2ee2c33e96524a59aa95bd1a990cef4574d9c9,user864@example.com,2024-06-24T00:00:00
865,user0865,3b6d94a632739e38e0f5fe9063e9c6b2432311122b48d218c8d8ddb77017,user865@example.com,2024-02-11T00:00:00
866,user0866,a194b87dac9a7272d708b8014be951210b0143f3dde849cbf43422777091,user866@example.com,2023-07-07T00:00:00
867,user0867,8c3711187a328a9cbeff4346526435013c8b095f7390cbaac85614f5bff2,user867@example.com,2023-01-21T00:00:00
868,user0868,ab190f858d49f8ce7e546324cecece826414ac5aeba77fd973b29c9dc1f7,user868@example.com,2023-07-05T00:00:00
869,user0869,9115f99bd71a90abfd5280e632f9024106319942d71f8d051f1eb0fc1af2,user869@example.com,2024-07-08T00:00:00
870,user0870,f2241f444b4c4de933ceaf1371ecc4e18d07ee512899cdc819bf2773851e,user870@example.com,2024-04-23T00:00:00
871,user0871,195c34bf7ac6a9da490292ab2559866dbd510bd554aa6e110471aa75ed8f,user871@example.com,2024-04-21T00:00:00
872,user0872,16e1d427e7d19abff7dcb3fee4cc0d5ce618dbc341e3f2073a01a5608c07,user872@example.com,2024-10-07T00:00:00
873,user0873,bed6caa552c6bd108649e816771177abc8f97378e69674a68fb01f4de992,user873@example.com,2023-11-12T00:00:00
874,user0874,7753ff44562b2707a6c6e674e50000a0fa6d86d787417f0090df30dac3de,user874@example.com,2023-02-24T00:00:00
875,user0875,90941887faa793ff3ed82a562d05a84eae91f323eba809261f4ae54c2680,user875@example.com,2024-11-13T00:00:00
876,user0876,590e056873a193feeb4ec7b503b6927213b5ceb3c13bcc731c99b6eb73ab,user876@example.com,2023-05-01T00:00:00
877,user0877,9a05de6e1ff90e8302412f228401e1663e0ab9ed1af3ca8d76ad4506b934,user877@example.com,2023-10-26T00:00:00
878,user0878,29d34ef750a4525347b94ca58bfd8eb59ae258bbd63af6bbdf0b9093b8ae,user878@example.com,2024-01-03T00:00:00
879,user0879,455509a8d06aa317de4b701b211c97561f27f3054d2a9ad8f3f52935fd75,user879@example.com,2023-10-22T00:00:00
880,user0880,2642b2a95aedb3926d099c99d946d5cf041c18678f6fa9bf15877bbe6333,user880@example.com,2024-03-10T00:00:00
881,user0881,69d05e5fd3ff27730a4db5ef85e4ea2bc7924479a74e4d2eac5760a15962,user881@example.com,2024-11-27T00:00:00
882,user0882,d08d88f1d8ed29de6a9d4a8e445df4ba541b508ec63147afb4132c193c37,user882@example.com,2023-04-23T00:00:00
883,user0883,924208c85564cc7266b91805dfce15a15e25f186d345013d2a36fc0949fa,user883@example.com,2023-05-06T00:00:00
884,user0884,9209032d554c71db4edd16190a9fad15613dd064febe845a0185e7500061,user884@example.com,2024-10-31T00:00:00
885,user0885,f557a86c36d75906c829c9b8fb97b8caa64bd57a0c7340788ee6a910ac4d,user885@example.com,2024-06-19T00:00:00
886,user0886,39746e193a3772bbfd8b8fab791bf741286ad1b2da3b05396a48b1574f22,user886@example.com,2024-01-01T00:00:00
887,user0887,81f2bdbab1aa98e4ae0ea4f787cc5bfa5393c0b2bb5fc30723773247bc72,user887@example.com,2023-09-21T00:00:00
888,user0888,762205889d98541415aa55d8e55224c85b0216d181b417aac6c2ddbd41fa,user888@example.com,2023-09-06T00:00:00
889,user0889,e4de1c01bd5f0429700a2d8c796d5c3ff3db8557b391727a101441f0d40e,user889@example.com,2024-03-24T00:00:00
890,user0890,3298bc60de79e5818d86c1d73abcdb6e4f4ed39e89d7b58693e859b51b10,user890@example.com,2024-05-16T00:00:00
891,user0891,03fc069471288500dd3835efc90a6137ff6690b415e73447d33f7b299149,user891@example.com,2023-09-24T00:00:00
892,user0892,b32f82c24ec4e3a5bbe49608625b7cbf103c07339f4faa66f30e80657a9c,user892@example.com,2023-10-20T00:00:00
893,user0893,86a0b1250b2c209498aadde41f089224d237ed6a723f433ec026651ef294,user893@example.com,2024-03-22T00:00:00
894,user0894,802e657fec599c03f20dbdbc2f43dfdc085f5df3974f84fff255cfb37d41,user894@example.com,2024-08-07T00:00:00
895,user0895,65ea409bffe266814af77e0093e1b245d1d7d0af2c97eddd072f0f21e45c,user895@example.com,2023-06-07T00:00:00
896,user0896,e24020ed1a8983b3ff855f0233adcd7c5fe896ba3790e32971c1da581037,user896@example.com,2023-09-13T00:00:00
897,user0897,75224b7e55193a61ce19728eb133f3c6c9e05a4b60ffd48d33a92fb9c87b,user897@example.com,2024-09-24T00:00:00
898,user0898,118cfa0f1e637e55661f39c52f48933bfbb4185bca6246212d80f6ae356b,user898@example.com,2024-02-24T00:00:00
899,user0899,7fb988ee532e2705d0af6a895659aea2ac97bb537f309e4d3ad262dc25f0,user899@example.com,2024-06-23T00:00:00
900,user0900,94af2d10f35ecd0f0ec8f2d23a8995aefc0126633477baa7fa991feec964,user900@example.com,2023-06-05T00:00:00
901,user0901,1bc6da5668e33386ee1a8d2b2d9d0e68d048424703662fe56f9183242f86,user901@example.com,2023-01-03T00:00:00
902,user0902,4c83ae8744cc6a7f945f3a021dfd59685db9667fade980b0fd73186ea56c,user902@example.com,2023-02-03T00:00:00
903,user0903,13375a09011a8e530ea88dd8696f7d458f3b76003aa75ee57af532b934c6,user903@example.com,2024-08-06T00:00:00
904,user0904,d8ff28616aee92c73971bf6e09e94196c763988093cf0573351454666f31,user904@example.com,2023-09-10T00:00:00
905,user0905,7651314748bf2edc418bb8aa74488d958e6aeb3301badb88e53cf0294166,user905@example.com,2024-04-05T00:00:00
906,user0906,82adf513febf899b336305c555875b19a296f4724b406889d5b155b181fa,user906@example.com,2024-07-22T00:00:00
907,user0907,833f2998dfabb6798e858f51bd938597fba539bf1d56178893678e1f6aa0,user907@example.com,2024-09-10T00:00:00
908,user0908,560e9ec5492d1b4627c37bb67c84dc8e1778263b478dd15aaebef2f6e73d,user908@example.com,2024-06-13T00:00:00
909,user0909,04d790a306b33c618aeae82b08c363911775002435dcd2e8f3c662d3821e,user909@example.com,2024-06-11T00:00:00
910,user0910,d12d0fe796e0dfbe1f350365259e3ec93f1002eaedb103fed98b5c1cf420,user910@example.com,2024-09-12T00:00:00
911,user0911,efa7edc5d7cba2ae4dd1040ed1d878a3b69712af8f734f147766359eba7b,user911@example.com,2023-08-16T00:00:00
912,user0912,f81e7a338fcd80de5909d58b584e647745152389941796f4ddce7c50f654,user912@example.com,2024-07-07T00:00:00
913,user0913,94a7726ac574649916b3e55151892498ab203f619dc5f544072c6bc92cb3,user913@example.com,2023-09-06T00:00:00
914,user0914,6478624ecf5d704e81623fac2a882a842aedddce2f345bdce86d369a6da0,user914@example.com,2023-10-25T00:00:00
915,user0915,3592aeeeb56772e8c3661982128fc470712a93b49c6e4600d13b0035a240,user915@example.com,2023-12-31T00:00:00
916,user0916,f2ace8bf3fc83a007d425a357ca5431af9dbd470a81fa213ef08ec29abec,user916@example.com,2023-12-16T00:00:00
917,user0917,d21a48ad5abcacede8f00a77814a7c324682b61b8e39f97e2d603642ec6d,user917@example.com,2024-11-14T00:00:00
918,user0918,25bba68dae4de5a2998920a75e18732b4314cf1f3b62df7a161ebbabbca9,user918@example.com,2024-03-06T00:00:00
919,user0919,f6a5bcffe1892ce8ee6c7dd86d904a6890edb7415a5f2fd05748b1f8d8d2,user919@example.com,2023-09-04T00:00:00
920,user0920,1f6fa45b283aba2cd5cfc2ac34e10806cd74d7cdf74c118ba6061bfcc3d9,user920@example.com,2023-03-16T00:00:00
921,user0921,f4e9347184478412991762dd96b95b71dba434666464595498490dd1af67,user921@example.com,2024-05-11T00:00:00
922,user0922,cbcb7d8d56385c8f8d9567fbfb11e0c975387f4223174f6965e8ab7bdbb5,user922@example.com,2024-10-29T00:00:00
923,user0923,4fa4db1aef85048768167724f9473bf90019cea576ad0e1d6f794b8d191a,user923@example.com,2024-04-29T00:00:00
924,user0924,6a0cc6a7f21669fc0ed7675b6472644d041657d6f47f0bac90b1dadf6960,user924@example.com,2023-12-20T00:00:00
925,user0925,24e2027b112f4b38dbab5376a135c2c8b71d1960b917a89500699aa3589a,user925@example.com,2023-10-03T00:00:00
926,user0926,e2ea68b3f9772600642bfbea6b5bd910f33aa2b0fe6d0394975451cccdd3,user926@example.com,2023-06-12T00:00:00
927,user0927,e98ac4bef8cba02396fe1682271efc55260c33e419c1f9ce4e5c4962a854,user927@example.com,2023-03-15T00:00:00
928,user0928,caa94dcd986b11c337373815fa874178da6e503d758f2ef86255cfe4cfa7,user928@example.com,2023-07-23T00:00:00
929,user0929,d6520e16221b2ed068cc89528925551b27e4b97dace4d651d1a27f094f65,user929@example.com,2024-01-25T00:00:00
930,user0930,0cb9c165f4b53edb63c71f38500ba51eae9dd1c4d398f5edc28b90a9055e,user930@example.com,2023-07-22T00:00:00
931,user0931,ba87cc5574e0ad48fe815553b89374fe7d07f22aa13182e2711f7379d0f2,user931@example.com,2024-01-12T00:00:00
932,user0932,f740e97d4287534c5e6975bb3d84dfa1e3ba143d37947ce736974f674ac7,user932@example.com,2023-02-15T00:00:00
933,user0933,41442f2d7713a583c1a9dd32ebbfa191082ba159ca36349c7d4e2a3c34d6,user933@example.com,2023-02-20T00:00:00
934,user0934,6b0dce2d0a981fc4967653871eb41d070585c45843603bca9723c255dbed,user934@example.com,2023-05-06T00:00:00
935,user0935,02f1b592822342d9913a0cb059375a9fc0da481dd6fc28d2f013cde00cfe,user935@example.com,2023-12-23T00:00:00
936,user0936,bedffa421a05d49a0984578e1a11c89da7b32f6981aa251de25975a116b0,user936@example.com,2023-03-22T00:00:00
937,user0937,dc3818d793d869d4f0784df7eef857b9aa561b6baf7d14e81b764fa9af1f,user937@example.com,2023-01-15T00:00:00
938,user0938,acf76e9801cfec5742b9e3cffb2f9451cae81b0c300db41febb62cda9c3c,user938@example.com,2023-09-14T00:00:00
939,user0939,5f9df445ec49925a5388bb53f637b1e313b39a9d085165f3c730252184f3,user939@example.com,2023-11-10T00:00:00
940,user0940,aaa19bb25889fafed78d056950cb17fa444f37e7837660389ada2eefda66,user940@example.com,2024-08-19T00:00:00
941,user0941,da0a94c6cb0c3c51eb64a6b9aea5c992b7e6b36fcfcdefb394f4e2f33998,user941@example.com,2024-08-24T00:00:00
942,user0942,7442c86d53bd5156646bb3d6207b1bd11d0c098e6938c9f995359f50bcc4,user942@example.com,2023-08-26T00:00:00
943,user0943,97071cffab9971c0ebbf13bf504d58f09ad4192df329ef39ba9c617b5672,user943@example.com,2023-04-10T00:00:00
944,user0944,71c21b3cc1913bf7494bb1436abbf300cda42dbfd0db5de5465656f38d9d,user944@example.com,2023-07-18T00:00:00
945,user0945,9970994c9ec38bd15e2f5fc25293c730b2f7e15b26f994a2736513458ee5,user945@example.com,2023-06-01T00:00:00
946,user0946,5dc9bdaa71c5344b96c668573d6fc6b71e98b8a3f6ed91d19a1e9d64620f,user946@example.com,2024-05-01T00:00:00
947,user0947,a72c5fcbda5efed771f3027fc181feba47ef6a952d256c5bb02ddae4bf9e,user947@example.com,2023-05-05T00:00:00
948,user0948,4c086803b690d4a504ae9d5ba368fb116be28435467c291144a0579db279,user948@example.com,2023-12-23T00:00:00
949,user0949,f9d75eff31727a69a00892f8a98a3e967fe3c4442f33d9ed869218608bd7,user949@example.com,2024-11-17T00:00:00
950,user0950,fc89c0c1a3512fc2c0b14410671bbf05e86bae87ea6a4ea5861c0e07293c,user950@example.com,2023-12-03T00:00:00
951,user0951,6d71083bba39a5ee25e5e799b94a66976c9d15f0d883e548ced838f50c25,user951@example.com,2023-08-21T00:00:00
952,user0952,e4d446379ec75fd2b45a519dcef02042303342cc4ba8774c0bff93ed0a45,user952@example.com,2023-08-27T00:00:00
953,user0953,789a1746f923099dfb90843bc96ed530014ca3818d35dc69929be8bead67,user953@example.com,2023-03-17T00:00:00
954,user0954,b70bdb57181218a060dd1d08d06481036352ef0900bd228ad89c09712586,user954@example.com,2024-04-22T00:00:00
955,user0955,6a879ef0c652e6c9ed3d58b9bd7c93a5507e1dfeb447e70a42d8f426ba2c,user955@example.com,2023-11-14T00:00:00
956,user0956,eaef888c2afc8eb270128cd995fb7c3585d544985aad17cd77119a946d02,user956@example.com,2024-04-24T00:00:00
957,user0957,eee93f6a024d74d94df82aa017ed21c82c238e0d22a1f74f4c9497dcf39b,user957@example.com,2023-11-14T00:00:00
958,user0958,17f357bd1d0090864765def55996bcd9731f0d02b19b80e85d39e64a826a,user958@example.com,2023-10-04T00:00:00
959,user0959,91dd76690a99ec3b9a6d59aef6ff6d4a9f3856e901e0567e53179ed2996d,user959@example.com,2023-08-30T00:00:00
960,user0960,ba65d6bc40df27247dbbeb0f2e64ee206f1c06a8ab454e9cc0f854905b13,user960@example.com,2024-09-13T00:00:00
961,user0961,5ec78989eb97cdac9d253c31b1b8f919ac464896f7cca5d79786fe013409,user961@example.com,2023-01-05T00:00:00
962,user0962,a5e156a8e6c38a310345dae40cdf646d15bc8e6df4ea2debc62fe954a55d,user962@example.com,2023-08-21T00:00:00
963,user0963,bb0385da9a1f3b0ef2cb8d7877f2c3e731f0009325c93f4e01767b96f172,user963@example.com,2024-11-22T00:00:00
964,user0964,40c40ea623d22bce8ddd6b7daf577aad2608b3065ea9f2323cd28ef888dc,user964@example.com,2023-12-25T00:00:00
965,user0965,b8d83bfb64cc4daece924c1103e26f13d1c200ca8d44d79901cecff40b0d,user965@example.com,2023-11-05T00:00:00
966,user0966,55f5836d9545d46c54bde8ab5a31d5f2f300b51cf2f949a3be4a6057018c,user966@example.com,2023-10-10T00:00:00
967,user0967,06289d4b5f7099818fd536793234af40de31627f9cc92cca9512d9823c3d,user967@example.com,2023-02-09T00:00:00
968,user0968,cfad9da6771a79b4f1db1915b737dde2d086557d70256e086524b9e3f836,user968@example.com,2023-04-13T00:00:00
969,user0969,c7e7ca34f1c15c6a9b32c8493bb9c69fc9cc4f3a524c254269aada216c9c,user969@example.com,2024-09-01T00:00:00
970,user0970,94522299e9705363dc38fd69bcae3ab5d25e379cf8e7398f94b8af67231f,user970@example.com,2024-07-07T00:00:00
971,user0971,ba1b40b4e316af55bd29516ce49036a1053afeac03883b15ce34c8898b9c,user971@example.com,2024-05-20T00:00:00
972,user0972,f89fd44d37914c8ac6bc6a034cd6458d4cf862295f90b5e80228a8fbbdf7,user972@example.com,2024-03-10T00:00:00
973,user0973,3885260366727b3140d4a6c9a71cb66ea01e04e27a1495f1b757863f6003,user973@example.com,2024-05-19T00:00:00
974,user0974,5914f788859edab2ce958e502217e58e0890598a54498fb4dbfceeaaf70e,user974@example.com,2024-04-26T00:00:00
975,user0975,0f2ac4d6be5b05416c0d024aacce7b628d49d010a74550f94899c737d00a,user975@example.com,2023-11-19T00:00:00
976,user0976,eece0fd0a7d82f7480a56ce9fa67ebb79845bf512cb1e5f288cfd737f60b,user976@example.com,2024-01-30T00:00:00
977,user0977,23b0da1ab84119e6ba5e1d62cb927fbb9da87083230620952a2a0d6b1f4e,user977@example.com,2023-05-27T00:00:00
978,user0978,1b186875b834e5162e725d8aa646e4536b4588e57d5529d13d83ff9a1461,user978@example.com,2024-10-06T00:00:00
979,user0979,5d242133e8b8d0dfb1d46b9bddeb3a0ccb5aabe207cdc4da362c8c7532a7,user979@example.com,2024-01-26T00:00:00
980,user0980,92b337ae7f668ac463373200b4fb365dc806926f55562f4f55fab008fbc1,user980@example.com,2024-03-17T00:00:00
981,user0981,1502582dac84e206a936442ef3d563aea7dd256c04412e96c4a0ba73220b,user981@example.com,2024-07-07T00:00:00
982,user0982,efb9420cf2cb24c0f599dce042de214171b4f18df0c097c321ba80304a6f,user982@example.com,2023-04-30T00:00:00
983,user0983,be15eacf1c3b8bf155c1ef658696711743769d5e2b647e76fcaccbc85228,user983@example.com,2023-08-24T00:00:00
984,user0984,24da460c9426b9717898bd79e968746c19261fbeabc0bf75341b1a2969d7,user984@example.com,2024-07-06T00:00:00
985,user0985,9c39db7ae56fddaf6d4bfbd03d5d5edb44d5ed81f98970c4ac205702f541,user985@example.com,2024-04-01T00:00:00
986,user0986,9d7edf4f3b957ad7da955897398f67908e7443557efe0abe7f86aa282a8e,user986@example.com,2024-09-30T00:00:00
987,user0987,d293185839593cdcf49e375627b1e3ea4586167074a6b871d92b5cab5363,user987@example.com,2023-06-03T00:00:00
988,user0988,69739f479954ac34674332e1de45c3aaf626ad08909f5f39785adcce4d0f,user988@example.com,2024-04-25T00:00:00
989,user0989,389f4dd1f26039fea921fe1e0b27e26989fa18f6228ac07caf51c3d9c41d,user989@example.com,2023-09-02T00:00:00
990,user0990,720e98964e18b1111ebb9be964d6039c879553283389f7e79b61f8114fdd,user990@example.com,2024-10-03T00:00:00
991,user0991,f6c7b1e32831b957877fbaf91d932eb71bf58157e2c3a9c00a4db202c291,user991@example.com,2023-01-27T00:00:00
992,user0992,7a7cf1b49502ad9e5736ded1da803d15acdc02d7a951a093758a0bd6e82a,user992@example.com,2023-02-03T00:00:00
993,user0993,02544f390d88e25d92a999bd509e8fd13523b59f9425d0a49bd84399efdb,user993@example.com,2023-10-18T00:00:00
994,user0994,90eab286ba3b24ea67509762c2613d46f39017825e1eae738bd317d266bc,user994@example.com,2024-09-28T00:00:00
995,user0995,669ce74c2fafd9b9460fde221e806c05c14ea94b397aa8f372309549d89d,user995@example.com,2024-01-04T00:00:00
996,user0996,43953170ee8dec5ab90ed7164ff3b2b3f9ee9a52d31b7f68487e2ff6574b,user996@example.com,2024-04-27T00:00:00
997,user0997,9854edc3e0b648108e0787292d166c01ec56be3d6492a3f1a93dc5121de0,user997@example.com,2023-12-09T00:00:00
998,user0998,1f98815a24f31c94f4b4348a06938d0414ae4c1facaba3f8ab7c11bdb524,user998@example.com,2023-11-17T00:00:00
999,user0999,a2b9de66e302a205d3d738fe3a503e9f1e390b276dd7b0990f21f3af86df,user999@example.com,2024-03-22T00:00:00
1000,user1000,129c5daecd8978348e2a337da533aad52bf5a38660d5603edead971d8994,user1000@example.com,2023-05-03T00:00:00
